fips,measure,source,date
10001,0.71212,16,1/1/2016
10003,0.800742,16,1/1/2016
10005,0.702993,16,1/1/2016
11001,0.794022,16,1/1/2016
12001,0.817188,16,1/1/2016
12003,0.685115,16,1/1/2016
12005,0.588495,16,1/1/2016
12007,0.597707,16,1/1/2016
12009,0.677146,16,1/1/2016
12011,0.794064,16,1/1/2016
12013,0.513538,16,1/1/2016
12015,0.497054,16,1/1/2016
12017,0.485804,16,1/1/2016
12019,0.734444,16,1/1/2016
12021,0.78296,16,1/1/2016
12023,0.589808,16,1/1/2016
12027,0.703484,16,1/1/2016
12029,0.426414,16,1/1/2016
12031,0.725671,16,1/1/2016
12033,0.699598,16,1/1/2016
12035,0.628719,16,1/1/2016
12037,0.542554,16,1/1/2016
12039,0.588781,16,1/1/2016
12041,0.538314,16,1/1/2016
12043,0.483372,16,1/1/2016
12045,0.627176,16,1/1/2016
12047,0.579145,16,1/1/2016
12049,0.829031,16,1/1/2016
12051,0.703841,16,1/1/2016
12053,0.541802,16,1/1/2016
12055,0.567228,16,1/1/2016
12057,0.779613,16,1/1/2016
12059,0.501045,16,1/1/2016
12061,0.614555,16,1/1/2016
12063,0.58392,16,1/1/2016
12065,0.668794,16,1/1/2016
12067,0.661439,16,1/1/2016
12069,0.644725,16,1/1/2016
12071,0.704657,16,1/1/2016
12073,0.809235,16,1/1/2016
12075,0.481338,16,1/1/2016
12077,0.602266,16,1/1/2016
12079,0.535079,16,1/1/2016
12081,0.706611,16,1/1/2016
12083,0.584519,16,1/1/2016
12085,0.671656,16,1/1/2016
12086,0.822898,16,1/1/2016
12087,0.769893,16,1/1/2016
12089,0.635433,16,1/1/2016
12091,0.733411,16,1/1/2016
12093,0.710194,16,1/1/2016
12095,0.820389,16,1/1/2016
12097,0.68852,16,1/1/2016
12099,0.770356,16,1/1/2016
12101,0.622892,16,1/1/2016
12103,0.674548,16,1/1/2016
12105,0.664668,16,1/1/2016
12107,0.619538,16,1/1/2016
12109,0.785565,16,1/1/2016
12111,0.657397,16,1/1/2016
12113,0.683435,16,1/1/2016
12115,0.650087,16,1/1/2016
12117,0.819037,16,1/1/2016
12119,0.551209,16,1/1/2016
12121,0.57098,16,1/1/2016
12123,0.585141,16,1/1/2016
12125,0.83366,16,1/1/2016
12127,0.633743,16,1/1/2016
12129,0.700328,16,1/1/2016
12131,0.639835,16,1/1/2016
12133,0.566275,16,1/1/2016
13001,0.551037,16,1/1/2016
13003,0.67633,16,1/1/2016
13005,0.574216,16,1/1/2016
13007,0.507746,16,1/1/2016
13009,0.71707,16,1/1/2016
13011,0.628948,16,1/1/2016
13013,0.717765,16,1/1/2016
13015,0.680569,16,1/1/2016
13017,0.51124,16,1/1/2016
13019,0.504345,16,1/1/2016
13021,0.679492,16,1/1/2016
13023,0.568064,16,1/1/2016
13025,0.360607,16,1/1/2016
13027,0.487258,16,1/1/2016
13029,0.822034,16,1/1/2016
13031,0.754515,16,1/1/2016
13033,0.631655,16,1/1/2016
13035,0.719892,16,1/1/2016
13037,0.74848,16,1/1/2016
13039,0.78304,16,1/1/2016
13043,0.581765,16,1/1/2016
13045,0.652382,16,1/1/2016
13047,0.684736,16,1/1/2016
13049,0.723229,16,1/1/2016
13051,0.754805,16,1/1/2016
13053,0.851799,16,1/1/2016
13055,0.615595,16,1/1/2016
13057,0.850942,16,1/1/2016
13059,0.82994,16,1/1/2016
13061,0.565344,16,1/1/2016
13063,0.812537,16,1/1/2016
13065,0.539602,16,1/1/2016
13067,0.879996,16,1/1/2016
13069,0.62789,16,1/1/2016
13071,0.678144,16,1/1/2016
13073,0.814195,16,1/1/2016
13075,0.606981,16,1/1/2016
13077,0.812869,16,1/1/2016
13079,0.633169,16,1/1/2016
13081,0.561312,16,1/1/2016
13083,0.633714,16,1/1/2016
13085,0.754834,16,1/1/2016
13087,0.641588,16,1/1/2016
13089,0.826711,16,1/1/2016
13091,0.572185,16,1/1/2016
13093,0.66428,16,1/1/2016
13095,0.681819,16,1/1/2016
13097,0.768048,16,1/1/2016
13099,0.663087,16,1/1/2016
13101,0.711071,16,1/1/2016
13103,0.738907,16,1/1/2016
13105,0.564079,16,1/1/2016
13107,0.58106,16,1/1/2016
13109,0.666801,16,1/1/2016
13111,0.477959,16,1/1/2016
13113,0.853103,16,1/1/2016
13115,0.660435,16,1/1/2016
13117,0.914648,16,1/1/2016
13119,0.437788,16,1/1/2016
13121,0.834432,16,1/1/2016
13123,0.542309,16,1/1/2016
13125,0.75252,16,1/1/2016
13127,0.662306,16,1/1/2016
13129,0.557518,16,1/1/2016
13131,0.504096,16,1/1/2016
13133,0.669552,16,1/1/2016
13135,0.920064,16,1/1/2016
13137,0.667209,16,1/1/2016
13139,0.799305,16,1/1/2016
13141,0.813331,16,1/1/2016
13143,0.568226,16,1/1/2016
13145,0.611316,16,1/1/2016
13147,0.593965,16,1/1/2016
13149,0.512949,16,1/1/2016
13151,0.809844,16,1/1/2016
13153,0.753543,16,1/1/2016
13155,0.427973,16,1/1/2016
13157,0.71614,16,1/1/2016
13159,0.615502,16,1/1/2016
13161,0.593962,16,1/1/2016
13163,0.62584,16,1/1/2016
13165,0.606098,16,1/1/2016
13167,0.593165,16,1/1/2016
13169,0.690646,16,1/1/2016
13171,0.650329,16,1/1/2016
13173,0.559635,16,1/1/2016
13175,0.7582,16,1/1/2016
13177,0.837836,16,1/1/2016
13179,0.781414,16,1/1/2016
13181,0.613369,16,1/1/2016
13183,0.66499,16,1/1/2016
13185,0.751997,16,1/1/2016
13187,0.672861,16,1/1/2016
13189,0.684529,16,1/1/2016
13191,0.304019,16,1/1/2016
13193,0.597535,16,1/1/2016
13195,0.574914,16,1/1/2016
13197,0.562013,16,1/1/2016
13199,0.494596,16,1/1/2016
13201,0.686075,16,1/1/2016
13205,0.590407,16,1/1/2016
13207,0.690547,16,1/1/2016
13209,0.626099,16,1/1/2016
13211,0.644757,16,1/1/2016
13213,0.649647,16,1/1/2016
13215,0.587873,16,1/1/2016
13217,0.678953,16,1/1/2016
13219,0.848302,16,1/1/2016
13221,0.587149,16,1/1/2016
13223,0.82037,16,1/1/2016
13225,0.694022,16,1/1/2016
13227,0.629991,16,1/1/2016
13229,0.52074,16,1/1/2016
13231,0.720188,16,1/1/2016
13233,0.631875,16,1/1/2016
13235,0.565768,16,1/1/2016
13237,0.691504,16,1/1/2016
13239,0.287006,16,1/1/2016
13241,0.61767,16,1/1/2016
13243,0.558261,16,1/1/2016
13245,0.623134,16,1/1/2016
13247,0.85732,16,1/1/2016
13249,0.615805,16,1/1/2016
13251,0.638034,16,1/1/2016
13253,0.623673,16,1/1/2016
13255,0.626647,16,1/1/2016
13257,0.539201,16,1/1/2016
13259,0.637964,16,1/1/2016
13261,0.693321,16,1/1/2016
13263,0.533501,16,1/1/2016
13265,0.321161,16,1/1/2016
13267,0.725866,16,1/1/2016
13269,0.645318,16,1/1/2016
13271,0.80334,16,1/1/2016
13273,0.712601,16,1/1/2016
13275,0.605623,16,1/1/2016
13277,0.619369,16,1/1/2016
13279,0.690388,16,1/1/2016
13281,0.615308,16,1/1/2016
13283,0.582039,16,1/1/2016
13285,0.628786,16,1/1/2016
13287,0.523676,16,1/1/2016
13289,0.538745,16,1/1/2016
13291,0.499346,16,1/1/2016
13293,0.613934,16,1/1/2016
13295,0.54894,16,1/1/2016
13297,0.748522,16,1/1/2016
13299,0.574876,16,1/1/2016
13301,0.727769,16,1/1/2016
13303,0.695827,16,1/1/2016
13305,0.632356,16,1/1/2016
13307,0.545764,16,1/1/2016
13309,0.841614,16,1/1/2016
13311,0.617746,16,1/1/2016
13313,0.803404,16,1/1/2016
13315,0.66384,16,1/1/2016
13317,0.575192,16,1/1/2016
13319,0.625853,16,1/1/2016
13321,0.59189,16,1/1/2016
15001,0.722474,16,1/1/2016
15003,0.817549,16,1/1/2016
15005,0.587758,16,1/1/2016
15007,0.824214,16,1/1/2016
15009,0.81269,16,1/1/2016
16001,0.828869,16,1/1/2016
16003,0.513988,16,1/1/2016
16005,0.682036,16,1/1/2016
16007,0.711597,16,1/1/2016
16009,0.563986,16,1/1/2016
16011,0.707424,16,1/1/2016
16013,0.916914,16,1/1/2016
16015,0.585724,16,1/1/2016
16017,0.629752,16,1/1/2016
16019,0.719496,16,1/1/2016
16021,0.588577,16,1/1/2016
16023,0.64032,16,1/1/2016
16025,0.644397,16,1/1/2016
16027,0.728913,16,1/1/2016
16029,0.699537,16,1/1/2016
16031,0.76938,16,1/1/2016
16033,0.779664,16,1/1/2016
16035,0.427179,16,1/1/2016
16037,0.529733,16,1/1/2016
16039,0.765641,16,1/1/2016
16041,0.702652,16,1/1/2016
16043,0.758678,16,1/1/2016
16045,0.505508,16,1/1/2016
16047,0.680927,16,1/1/2016
16049,0.458745,16,1/1/2016
16051,0.760486,16,1/1/2016
16053,0.779945,16,1/1/2016
16055,0.72249,16,1/1/2016
16057,0.759619,16,1/1/2016
16059,0.518349,16,1/1/2016
16061,0.477528,16,1/1/2016
16063,0.731406,16,1/1/2016
16065,0.946523,16,1/1/2016
16067,0.759402,16,1/1/2016
16069,0.589521,16,1/1/2016
16071,0.584468,16,1/1/2016
16073,0.639315,16,1/1/2016
16075,0.646137,16,1/1/2016
16077,0.602731,16,1/1/2016
16079,0.4287,16,1/1/2016
16081,0.891695,16,1/1/2016
16083,0.74499,16,1/1/2016
16085,0.5295,16,1/1/2016
16087,0.541821,16,1/1/2016
17001,0.719194,16,1/1/2016
17003,0.426236,16,1/1/2016
17005,0.665347,16,1/1/2016
17007,0.81775,16,1/1/2016
17009,0.881519,16,1/1/2016
17011,0.724591,16,1/1/2016
17013,0.615668,16,1/1/2016
17015,0.690975,16,1/1/2016
17017,0.735021,16,1/1/2016
17019,0.879623,16,1/1/2016
17021,0.717042,16,1/1/2016
17023,0.623787,16,1/1/2016
17025,0.550508,16,1/1/2016
17027,0.744327,16,1/1/2016
17029,0.722748,16,1/1/2016
17031,0.821224,16,1/1/2016
17033,0.66945,16,1/1/2016
17035,0.574506,16,1/1/2016
17037,0.842777,16,1/1/2016
17039,0.769163,16,1/1/2016
17041,0.810127,16,1/1/2016
17043,0.889607,16,1/1/2016
17045,0.649555,16,1/1/2016
17047,0.655041,16,1/1/2016
17049,0.736928,16,1/1/2016
17051,0.651232,16,1/1/2016
17053,0.63294,16,1/1/2016
17055,0.527928,16,1/1/2016
17057,0.70555,16,1/1/2016
17059,0.442443,16,1/1/2016
17061,0.656157,16,1/1/2016
17063,0.802929,16,1/1/2016
17065,0.633243,16,1/1/2016
17067,0.721744,16,1/1/2016
17069,0.292664,16,1/1/2016
17071,0.61146,16,1/1/2016
17073,0.762172,16,1/1/2016
17075,0.695983,16,1/1/2016
17077,0.733918,16,1/1/2016
17079,0.630801,16,1/1/2016
17081,0.597465,16,1/1/2016
17083,0.73417,16,1/1/2016
17085,0.763467,16,1/1/2016
17087,0.681704,16,1/1/2016
17089,0.888616,16,1/1/2016
17091,0.633912,16,1/1/2016
17093,0.920482,16,1/1/2016
17095,0.650543,16,1/1/2016
17097,0.883292,16,1/1/2016
17099,0.739723,16,1/1/2016
17101,0.6563,16,1/1/2016
17103,0.748378,16,1/1/2016
17105,0.720341,16,1/1/2016
17107,0.746412,16,1/1/2016
17109,0.760116,16,1/1/2016
17111,0.876237,16,1/1/2016
17113,0.857212,16,1/1/2016
17115,0.677598,16,1/1/2016
17117,0.650763,16,1/1/2016
17119,0.754891,16,1/1/2016
17121,0.590305,16,1/1/2016
17123,0.744362,16,1/1/2016
17125,0.651238,16,1/1/2016
17127,0.516388,16,1/1/2016
17129,0.735079,16,1/1/2016
17131,0.756042,16,1/1/2016
17133,0.829219,16,1/1/2016
17135,0.764426,16,1/1/2016
17137,0.711135,16,1/1/2016
17139,0.801797,16,1/1/2016
17141,0.758678,16,1/1/2016
17143,0.790892,16,1/1/2016
17145,0.693002,16,1/1/2016
17147,0.793452,16,1/1/2016
17149,0.644885,16,1/1/2016
17151,0.315148,16,1/1/2016
17153,0.374965,16,1/1/2016
17155,0.771554,16,1/1/2016
17157,0.718008,16,1/1/2016
17159,0.587532,16,1/1/2016
17161,0.739599,16,1/1/2016
17163,0.746839,16,1/1/2016
17165,0.497089,16,1/1/2016
17167,0.711664,16,1/1/2016
17169,0.600949,16,1/1/2016
17171,0.796729,16,1/1/2016
17173,0.758669,16,1/1/2016
17175,0.639513,16,1/1/2016
17177,0.701383,16,1/1/2016
17179,0.795597,16,1/1/2016
17181,0.589317,16,1/1/2016
17183,0.672523,16,1/1/2016
17185,0.574079,16,1/1/2016
17187,0.756906,16,1/1/2016
17189,0.7609,16,1/1/2016
17191,0.600516,16,1/1/2016
17193,0.530157,16,1/1/2016
17195,0.664295,16,1/1/2016
17197,0.871736,16,1/1/2016
17199,0.62688,16,1/1/2016
17201,0.713596,16,1/1/2016
17203,0.850441,16,1/1/2016
18001,0.753042,16,1/1/2016
18003,0.764174,16,1/1/2016
18005,0.751066,16,1/1/2016
18007,0.597003,16,1/1/2016
18009,0.504192,16,1/1/2016
18011,0.821977,16,1/1/2016
18013,0.763119,16,1/1/2016
18015,0.657662,16,1/1/2016
18017,0.683193,16,1/1/2016
18019,0.663396,16,1/1/2016
18021,0.578555,16,1/1/2016
18023,0.736469,16,1/1/2016
18025,0.511715,16,1/1/2016
18027,0.719241,16,1/1/2016
18029,0.778022,16,1/1/2016
18031,0.708326,16,1/1/2016
18033,0.660805,16,1/1/2016
18035,0.629254,16,1/1/2016
18037,0.827632,16,1/1/2016
18039,0.725576,16,1/1/2016
18041,0.555331,16,1/1/2016
18043,0.721836,16,1/1/2016
18045,0.594134,16,1/1/2016
18047,0.717864,16,1/1/2016
18049,0.634601,16,1/1/2016
18051,0.670802,16,1/1/2016
18053,0.591185,16,1/1/2016
18055,0.534683,16,1/1/2016
18057,0.91802,16,1/1/2016
18059,0.740581,16,1/1/2016
18061,0.579839,16,1/1/2016
18063,0.799394,16,1/1/2016
18065,0.641426,16,1/1/2016
18067,0.596875,16,1/1/2016
18069,0.69531,16,1/1/2016
18071,0.735359,16,1/1/2016
18073,0.751174,16,1/1/2016
18075,0.639612,16,1/1/2016
18077,0.694647,16,1/1/2016
18079,0.665016,16,1/1/2016
18081,0.825235,16,1/1/2016
18083,0.635095,16,1/1/2016
18085,0.730912,16,1/1/2016
18087,0.818059,16,1/1/2016
18089,0.708875,16,1/1/2016
18091,0.749179,16,1/1/2016
18093,0.61751,16,1/1/2016
18095,0.605208,16,1/1/2016
18097,0.716975,16,1/1/2016
18099,0.712623,16,1/1/2016
18101,0.655016,16,1/1/2016
18103,0.658066,16,1/1/2016
18105,0.81255,16,1/1/2016
18107,0.681392,16,1/1/2016
18109,0.673228,16,1/1/2016
18111,0.71562,16,1/1/2016
18113,0.720195,16,1/1/2016
18115,0.719178,16,1/1/2016
18117,0.55462,16,1/1/2016
18119,0.593818,16,1/1/2016
18121,0.663709,16,1/1/2016
18123,0.716519,16,1/1/2016
18125,0.559393,16,1/1/2016
18127,0.803777,16,1/1/2016
18129,0.760129,16,1/1/2016
18131,0.617609,16,1/1/2016
18133,0.694985,16,1/1/2016
18135,0.641904,16,1/1/2016
18137,0.726079,16,1/1/2016
18139,0.664971,16,1/1/2016
18141,0.725426,16,1/1/2016
18143,0.618789,16,1/1/2016
18145,0.721744,16,1/1/2016
18147,0.709139,16,1/1/2016
18149,0.605046,16,1/1/2016
18151,0.672766,16,1/1/2016
18153,0.640807,16,1/1/2016
18155,0.635299,16,1/1/2016
18157,0.834406,16,1/1/2016
18159,0.623867,16,1/1/2016
18161,0.68312,16,1/1/2016
18163,0.686046,16,1/1/2016
18165,0.607507,16,1/1/2016
18167,0.599065,16,1/1/2016
18169,0.698275,16,1/1/2016
18171,0.660626,16,1/1/2016
18173,0.778912,16,1/1/2016
18175,0.588848,16,1/1/2016
18177,0.582871,16,1/1/2016
18179,0.750753,16,1/1/2016
18181,0.648111,16,1/1/2016
18183,0.636736,16,1/1/2016
19001,0.668127,16,1/1/2016
19003,0.667831,16,1/1/2016
19005,0.78692,16,1/1/2016
19007,0.623867,16,1/1/2016
19009,0.7504,16,1/1/2016
19011,0.781013,16,1/1/2016
19013,0.799308,16,1/1/2016
19015,0.69225,16,1/1/2016
19017,0.853814,16,1/1/2016
19019,0.814182,16,1/1/2016
19021,0.859491,16,1/1/2016
19023,0.82527,16,1/1/2016
19025,0.738321,16,1/1/2016
19027,0.799933,16,1/1/2016
19029,0.691431,16,1/1/2016
19031,0.795827,16,1/1/2016
19033,0.699563,16,1/1/2016
19035,0.730249,16,1/1/2016
19037,0.70195,16,1/1/2016
19039,0.714071,16,1/1/2016
19041,0.735028,16,1/1/2016
19043,0.723873,16,1/1/2016
19045,0.718712,16,1/1/2016
19047,0.74353,16,1/1/2016
19049,0.91393,16,1/1/2016
19051,0.76214,16,1/1/2016
19053,0.572428,16,1/1/2016
19055,0.802888,16,1/1/2016
19057,0.685032,16,1/1/2016
19059,0.715135,16,1/1/2016
19061,0.806382,16,1/1/2016
19063,0.702221,16,1/1/2016
19065,0.715521,16,1/1/2016
19067,0.691316,16,1/1/2016
19069,0.742455,16,1/1/2016
19071,0.685456,16,1/1/2016
19073,0.636548,16,1/1/2016
19075,0.807912,16,1/1/2016
19077,0.716793,16,1/1/2016
19079,0.742532,16,1/1/2016
19081,0.768535,16,1/1/2016
19083,0.788883,16,1/1/2016
19085,0.6777,16,1/1/2016
19087,0.706557,16,1/1/2016
19089,0.78181,16,1/1/2016
19091,0.759361,16,1/1/2016
19093,0.738066,16,1/1/2016
19095,0.787223,16,1/1/2016
19097,0.749472,16,1/1/2016
19099,0.720813,16,1/1/2016
19101,0.842146,16,1/1/2016
19103,0.919308,16,1/1/2016
19105,0.766141,16,1/1/2016
19107,0.675099,16,1/1/2016
19109,0.742714,16,1/1/2016
19111,0.614052,16,1/1/2016
19113,0.823258,16,1/1/2016
19115,0.762354,16,1/1/2016
19117,0.660556,16,1/1/2016
19119,0.800669,16,1/1/2016
19121,0.760696,16,1/1/2016
19123,0.714581,16,1/1/2016
19125,0.722761,16,1/1/2016
19127,0.75462,16,1/1/2016
19129,0.613838,16,1/1/2016
19131,0.826127,16,1/1/2016
19133,0.713216,16,1/1/2016
19135,0.70875,16,1/1/2016
19137,0.592996,16,1/1/2016
19139,0.80839,16,1/1/2016
19141,0.755876,16,1/1/2016
19143,0.724007,16,1/1/2016
19145,0.654668,16,1/1/2016
19147,0.671213,16,1/1/2016
19149,0.766693,16,1/1/2016
19151,0.74374,16,1/1/2016
19153,0.805655,16,1/1/2016
19155,0.687825,16,1/1/2016
19157,0.784487,16,1/1/2016
19159,0.669514,16,1/1/2016
19161,0.772099,16,1/1/2016
19163,0.818626,16,1/1/2016
19165,0.675848,16,1/1/2016
19167,0.900019,16,1/1/2016
19169,0.922401,16,1/1/2016
19171,0.758723,16,1/1/2016
19173,0.706716,16,1/1/2016
19175,0.662418,16,1/1/2016
19177,0.732717,16,1/1/2016
19179,0.70168,16,1/1/2016
19181,0.793936,16,1/1/2016
19183,0.729653,16,1/1/2016
19185,0.613051,16,1/1/2016
19187,0.721062,16,1/1/2016
19189,0.69509,16,1/1/2016
19191,0.878838,16,1/1/2016
19193,0.753648,16,1/1/2016
19195,0.723325,16,1/1/2016
19197,0.730584,16,1/1/2016
20001,0.524033,16,1/1/2016
20003,0.723105,16,1/1/2016
20005,0.654595,16,1/1/2016
20007,0.675791,16,1/1/2016
20009,0.729369,16,1/1/2016
20011,0.55763,16,1/1/2016
20013,0.604928,16,1/1/2016
20015,0.779897,16,1/1/2016
20017,0.654818,16,1/1/2016
20019,0.444543,16,1/1/2016
20021,0.516745,16,1/1/2016
20023,0.636587,16,1/1/2016
20025,0.678536,16,1/1/2016
20027,0.689142,16,1/1/2016
20029,0.67464,16,1/1/2016
20031,0.68443,16,1/1/2016
20033,0.718288,16,1/1/2016
20035,0.647537,16,1/1/2016
20037,0.65565,16,1/1/2016
20039,0.505387,16,1/1/2016
20041,0.623312,16,1/1/2016
20043,0.678242,16,1/1/2016
20045,0.827865,16,1/1/2016
20047,0.659635,16,1/1/2016
20049,0.467136,16,1/1/2016
20051,0.795897,16,1/1/2016
20053,0.703213,16,1/1/2016
20055,0.826312,16,1/1/2016
20057,0.831435,16,1/1/2016
20059,0.696971,16,1/1/2016
20061,0.823743,16,1/1/2016
20063,0.706098,16,1/1/2016
20065,0.5384,16,1/1/2016
20067,0.81088,16,1/1/2016
20069,0.77968,16,1/1/2016
20071,0.626848,16,1/1/2016
20073,0.519691,16,1/1/2016
20075,0.826621,16,1/1/2016
20077,0.653425,16,1/1/2016
20079,0.712671,16,1/1/2016
20081,0.908801,16,1/1/2016
20083,0.66485,16,1/1/2016
20085,0.635675,16,1/1/2016
20087,0.697605,16,1/1/2016
20089,0.63022,16,1/1/2016
20091,0.860872,16,1/1/2016
20093,0.786869,16,1/1/2016
20095,0.645047,16,1/1/2016
20097,0.689059,16,1/1/2016
20099,0.574286,16,1/1/2016
20101,0.607819,16,1/1/2016
20103,0.721097,16,1/1/2016
20105,0.660014,16,1/1/2016
20107,0.556479,16,1/1/2016
20109,0.724731,16,1/1/2016
20111,0.724403,16,1/1/2016
20113,0.775523,16,1/1/2016
20115,0.687819,16,1/1/2016
20117,0.663827,16,1/1/2016
20119,0.842051,16,1/1/2016
20121,0.777818,16,1/1/2016
20123,0.702904,16,1/1/2016
20125,0.605859,16,1/1/2016
20127,0.626468,16,1/1/2016
20129,0.693155,16,1/1/2016
20131,0.740734,16,1/1/2016
20133,0.610586,16,1/1/2016
20135,0.682689,16,1/1/2016
20137,0.729561,16,1/1/2016
20139,0.624689,16,1/1/2016
20141,0.556814,16,1/1/2016
20143,0.733587,16,1/1/2016
20145,0.704105,16,1/1/2016
20147,0.667525,16,1/1/2016
20149,0.855624,16,1/1/2016
20151,0.714106,16,1/1/2016
20153,0.624642,16,1/1/2016
20155,0.705581,16,1/1/2016
20157,0.719025,16,1/1/2016
20159,0.682371,16,1/1/2016
20161,0.889881,16,1/1/2016
20163,0.697883,16,1/1/2016
20165,0.624049,16,1/1/2016
20167,0.620905,16,1/1/2016
20169,0.749169,16,1/1/2016
20171,0.835777,16,1/1/2016
20173,0.780751,16,1/1/2016
20175,0.886193,16,1/1/2016
20177,0.692989,16,1/1/2016
20179,0.68816,16,1/1/2016
20181,0.6298,16,1/1/2016
20183,0.577187,16,1/1/2016
20185,0.678714,16,1/1/2016
20187,0.781998,16,1/1/2016
20189,0.849367,16,1/1/2016
20191,0.730067,16,1/1/2016
20193,0.781067,16,1/1/2016
20195,0.826972,16,1/1/2016
20197,0.658175,16,1/1/2016
20199,0.56865,16,1/1/2016
20201,0.706404,16,1/1/2016
20203,0.702725,16,1/1/2016
20205,0.447046,16,1/1/2016
20207,0.533902,16,1/1/2016
20209,0.700618,16,1/1/2016
21001,0.577289,16,1/1/2016
21003,0.524925,16,1/1/2016
21005,0.649826,16,1/1/2016
21007,0.700114,16,1/1/2016
21009,0.52913,16,1/1/2016
21011,0.424788,16,1/1/2016
21013,0.14097,16,1/1/2016
21015,0.797146,16,1/1/2016
21017,0.665877,16,1/1/2016
21019,0.522678,16,1/1/2016
21021,0.637881,16,1/1/2016
21023,0.693448,16,1/1/2016
21025,0.109298,16,1/1/2016
21027,0.496662,16,1/1/2016
21029,0.672342,16,1/1/2016
21031,0.428582,16,1/1/2016
21033,0.542822,16,1/1/2016
21035,0.723041,16,1/1/2016
21037,0.784707,16,1/1/2016
21039,0.668217,16,1/1/2016
21041,0.545953,16,1/1/2016
21043,0.530243,16,1/1/2016
21045,0.482591,16,1/1/2016
21047,0.724556,16,1/1/2016
21049,0.593382,16,1/1/2016
21051,0.417887,16,1/1/2016
21053,0.669393,16,1/1/2016
21055,0.577209,16,1/1/2016
21057,0.6588,16,1/1/2016
21059,0.638136,16,1/1/2016
21061,0.24724,16,1/1/2016
21063,0.545726,16,1/1/2016
21065,0.280818,16,1/1/2016
21067,0.787019,16,1/1/2016
21069,0.42906,16,1/1/2016
21071,0.20847,16,1/1/2016
21073,0.619398,16,1/1/2016
21075,0.489314,16,1/1/2016
21077,0.680327,16,1/1/2016
21079,0.498013,16,1/1/2016
21081,0.639727,16,1/1/2016
21083,0.641754,16,1/1/2016
21085,0.541282,16,1/1/2016
21087,0.372721,16,1/1/2016
21089,0.547094,16,1/1/2016
21091,0.521004,16,1/1/2016
21093,0.623408,16,1/1/2016
21095,0.117335,16,1/1/2016
21097,0.576537,16,1/1/2016
21099,0.498979,16,1/1/2016
21101,0.544273,16,1/1/2016
21103,0.607918,16,1/1/2016
21105,0.417045,16,1/1/2016
21107,0.616436,16,1/1/2016
21109,0.168778,16,1/1/2016
21111,0.691619,16,1/1/2016
21113,0.652602,16,1/1/2016
21115,0.1867,16,1/1/2016
21117,0.706841,16,1/1/2016
21119,0.155216,16,1/1/2016
21121,0.593649,16,1/1/2016
21123,0.505591,16,1/1/2016
21125,0.58253,16,1/1/2016
21127,0.383939,16,1/1/2016
21129,0.235729,16,1/1/2016
21131,0,16,1/1/2016
21133,0.182852,16,1/1/2016
21135,0.41846,16,1/1/2016
21137,0.490956,16,1/1/2016
21139,0.467608,16,1/1/2016
21141,0.64096,16,1/1/2016
21143,0.574254,16,1/1/2016
21145,0.647859,16,1/1/2016
21147,0.402285,16,1/1/2016
21149,0.579336,16,1/1/2016
21151,0.643418,16,1/1/2016
21153,0.244371,16,1/1/2016
21155,0.631422,16,1/1/2016
21157,0.641684,16,1/1/2016
21159,0.311313,16,1/1/2016
21161,0.564496,16,1/1/2016
21163,0.602075,16,1/1/2016
21165,0.466476,16,1/1/2016
21167,0.537521,16,1/1/2016
21169,0.413806,16,1/1/2016
21171,0.427922,16,1/1/2016
21173,0.501986,16,1/1/2016
21175,0.449644,16,1/1/2016
21177,0.498457,16,1/1/2016
21179,0.623641,16,1/1/2016
21181,0.457604,16,1/1/2016
21183,0.493321,16,1/1/2016
21185,0.871277,16,1/1/2016
21187,0.482791,16,1/1/2016
21189,0.267257,16,1/1/2016
21191,0.566014,16,1/1/2016
21193,0.222203,16,1/1/2016
21195,0.246243,16,1/1/2016
21197,0.425094,16,1/1/2016
21199,0.465421,16,1/1/2016
21201,0.541534,16,1/1/2016
21203,0.420599,16,1/1/2016
21205,0.626704,16,1/1/2016
21207,0.509031,16,1/1/2016
21209,0.78172,16,1/1/2016
21211,0.750055,16,1/1/2016
21213,0.701756,16,1/1/2016
21215,0.715167,16,1/1/2016
21217,0.514973,16,1/1/2016
21219,0.699687,16,1/1/2016
21221,0.600828,16,1/1/2016
21223,0.613127,16,1/1/2016
21225,0.523599,16,1/1/2016
21227,0.681641,16,1/1/2016
21229,0.552446,16,1/1/2016
21231,0.353508,16,1/1/2016
21233,0.51313,16,1/1/2016
21235,0.530648,16,1/1/2016
21237,0.176585,16,1/1/2016
21239,0.72672,16,1/1/2016
22001,0.582826,16,1/1/2016
22003,0.567034,16,1/1/2016
22005,0.78136,16,1/1/2016
22007,0.529647,16,1/1/2016
22009,0.61752,16,1/1/2016
22011,0.494765,16,1/1/2016
22013,0.504463,16,1/1/2016
22015,0.766368,16,1/1/2016
22017,0.677133,16,1/1/2016
22019,0.624485,16,1/1/2016
22021,0.71299,16,1/1/2016
22023,0.6246,16,1/1/2016
22025,0.730335,16,1/1/2016
22027,0.581494,16,1/1/2016
22029,0.798176,16,1/1/2016
22031,0.605381,16,1/1/2016
22033,0.715544,16,1/1/2016
22035,0.75252,16,1/1/2016
22037,0.704842,16,1/1/2016
22039,0.479629,16,1/1/2016
22041,0.574997,16,1/1/2016
22043,0.628018,16,1/1/2016
22045,0.632149,16,1/1/2016
22047,0.603251,16,1/1/2016
22049,0.472992,16,1/1/2016
22051,0.724674,16,1/1/2016
22053,0.531381,16,1/1/2016
22055,0.78137,16,1/1/2016
22057,0.621696,16,1/1/2016
22059,0.702343,16,1/1/2016
22061,0.72205,16,1/1/2016
22063,0.67369,16,1/1/2016
22065,0.821183,16,1/1/2016
22067,0.651825,16,1/1/2016
22069,0.605585,16,1/1/2016
22071,0.718738,16,1/1/2016
22073,0.768507,16,1/1/2016
22075,0.86062,16,1/1/2016
22077,0.551767,16,1/1/2016
22079,0.580665,16,1/1/2016
22081,0.684844,16,1/1/2016
22083,0.709646,16,1/1/2016
22085,0.654582,16,1/1/2016
22087,0.765207,16,1/1/2016
22089,0.78114,16,1/1/2016
22091,0.42702,16,1/1/2016
22093,0.65164,16,1/1/2016
22095,0.701112,16,1/1/2016
22097,0.735589,16,1/1/2016
22099,0.668456,16,1/1/2016
22101,0.61576,16,1/1/2016
22103,0.680365,16,1/1/2016
22105,0.497975,16,1/1/2016
22107,0.733236,16,1/1/2016
22109,0.700972,16,1/1/2016
22111,0.645101,16,1/1/2016
22113,0.658707,16,1/1/2016
22115,0.649839,16,1/1/2016
22117,0.437839,16,1/1/2016
22119,0.547993,16,1/1/2016
22121,0.697424,16,1/1/2016
22123,0.752653,16,1/1/2016
22125,0.843029,16,1/1/2016
22127,0.583362,16,1/1/2016
23001,0.647295,16,1/1/2016
23003,0.459705,16,1/1/2016
23005,0.783633,16,1/1/2016
23007,0.630115,16,1/1/2016
23009,0.662093,16,1/1/2016
23011,0.627383,16,1/1/2016
23013,0.645404,16,1/1/2016
23015,0.655596,16,1/1/2016
23017,0.567149,16,1/1/2016
23019,0.571781,16,1/1/2016
23021,0.340262,16,1/1/2016
23023,0.715368,16,1/1/2016
23025,0.505575,16,1/1/2016
23027,0.636603,16,1/1/2016
23029,0.494414,16,1/1/2016
23031,0.685463,16,1/1/2016
24001,0.590713,16,1/1/2016
24003,0.836367,16,1/1/2016
24005,0.784644,16,1/1/2016
24009,0.798441,16,1/1/2016
24011,0.668809,16,1/1/2016
24013,0.8214,16,1/1/2016
24015,0.750431,16,1/1/2016
24017,0.891529,16,1/1/2016
24019,0.62869,16,1/1/2016
24021,0.826341,16,1/1/2016
24023,0.675083,16,1/1/2016
24025,0.807175,16,1/1/2016
24027,0.919968,16,1/1/2016
24029,0.712203,16,1/1/2016
24031,0.899744,16,1/1/2016
24033,0.861261,16,1/1/2016
24035,0.812604,16,1/1/2016
24037,0.785737,16,1/1/2016
24039,0.714622,16,1/1/2016
24041,0.703528,16,1/1/2016
24043,0.678494,16,1/1/2016
24045,0.811664,16,1/1/2016
24047,0.687382,16,1/1/2016
24510,0.668605,16,1/1/2016
25001,0.714367,16,1/1/2016
25003,0.672377,16,1/1/2016
25005,0.700423,16,1/1/2016
25007,0.88188,16,1/1/2016
25009,0.76756,16,1/1/2016
25011,0.706063,16,1/1/2016
25013,0.654219,16,1/1/2016
25015,0.804424,16,1/1/2016
25017,0.860706,16,1/1/2016
25019,0.892196,16,1/1/2016
25021,0.842181,16,1/1/2016
25023,0.793678,16,1/1/2016
25025,0.7574,16,1/1/2016
25027,0.775281,16,1/1/2016
26001,0.429082,16,1/1/2016
26003,0.607112,16,1/1/2016
26005,0.810309,16,1/1/2016
26007,0.56764,16,1/1/2016
26009,0.651579,16,1/1/2016
26011,0.501205,16,1/1/2016
26013,0.774025,16,1/1/2016
26015,0.722936,16,1/1/2016
26017,0.623367,16,1/1/2016
26019,0.621393,16,1/1/2016
26021,0.692626,16,1/1/2016
26023,0.713545,16,1/1/2016
26025,0.652657,16,1/1/2016
26027,0.596917,16,1/1/2016
26029,0.675418,16,1/1/2016
26031,0.5154,16,1/1/2016
26033,0.648085,16,1/1/2016
26035,0.462529,16,1/1/2016
26037,0.777952,16,1/1/2016
26039,0.521285,16,1/1/2016
26041,0.575023,16,1/1/2016
26043,0.591689,16,1/1/2016
26045,0.655503,16,1/1/2016
26047,0.702706,16,1/1/2016
26049,0.62403,16,1/1/2016
26051,0.470904,16,1/1/2016
26053,0.684239,16,1/1/2016
26055,0.747648,16,1/1/2016
26057,0.715244,16,1/1/2016
26059,0.691526,16,1/1/2016
26061,0.784969,16,1/1/2016
26063,0.635155,16,1/1/2016
26065,0.759826,16,1/1/2016
26067,0.721183,16,1/1/2016
26069,0.443673,16,1/1/2016
26071,0.554509,16,1/1/2016
26073,0.761379,16,1/1/2016
26075,0.681344,16,1/1/2016
26077,0.739567,16,1/1/2016
26079,0.535589,16,1/1/2016
26081,0.778019,16,1/1/2016
26083,0.5165,16,1/1/2016
26085,0.391721,16,1/1/2016
26087,0.692769,16,1/1/2016
26089,0.754101,16,1/1/2016
26091,0.667659,16,1/1/2016
26093,0.819959,16,1/1/2016
26095,0.472737,16,1/1/2016
26097,0.572603,16,1/1/2016
26099,0.709334,16,1/1/2016
26101,0.575842,16,1/1/2016
26103,0.717023,16,1/1/2016
26105,0.599269,16,1/1/2016
26107,0.651279,16,1/1/2016
26109,0.568121,16,1/1/2016
26111,0.727992,16,1/1/2016
26113,0.55637,16,1/1/2016
26115,0.742468,16,1/1/2016
26117,0.581437,16,1/1/2016
26119,0.358226,16,1/1/2016
26121,0.657993,16,1/1/2016
26123,0.561767,16,1/1/2016
26125,0.778593,16,1/1/2016
26127,0.586559,16,1/1/2016
26129,0.422863,16,1/1/2016
26131,0.549472,16,1/1/2016
26133,0.590127,16,1/1/2016
26135,0.426864,16,1/1/2016
26137,0.61985,16,1/1/2016
26139,0.828913,16,1/1/2016
26141,0.537757,16,1/1/2016
26143,0.310083,16,1/1/2016
26145,0.641129,16,1/1/2016
26147,0.616656,16,1/1/2016
26149,0.680311,16,1/1/2016
26151,0.624065,16,1/1/2016
26153,0.503758,16,1/1/2016
26155,0.654005,16,1/1/2016
26157,0.553645,16,1/1/2016
26159,0.668108,16,1/1/2016
26161,0.877028,16,1/1/2016
26163,0.637023,16,1/1/2016
26165,0.632149,16,1/1/2016
27001,0.580117,16,1/1/2016
27003,0.837106,16,1/1/2016
27005,0.76419,16,1/1/2016
27007,0.770209,16,1/1/2016
27009,0.735327,16,1/1/2016
27011,0.645509,16,1/1/2016
27013,0.84448,16,1/1/2016
27015,0.829691,16,1/1/2016
27017,0.78574,16,1/1/2016
27019,0.932398,16,1/1/2016
27021,0.642911,16,1/1/2016
27023,0.723688,16,1/1/2016
27025,0.78341,16,1/1/2016
27027,0.837533,16,1/1/2016
27029,0.632834,16,1/1/2016
27031,0.776601,16,1/1/2016
27033,0.706369,16,1/1/2016
27035,0.707143,16,1/1/2016
27037,0.872692,16,1/1/2016
27039,0.890238,16,1/1/2016
27041,0.749239,16,1/1/2016
27043,0.750881,16,1/1/2016
27045,0.772322,16,1/1/2016
27047,0.712238,16,1/1/2016
27049,0.802916,16,1/1/2016
27051,0.716991,16,1/1/2016
27053,0.841439,16,1/1/2016
27055,0.818126,16,1/1/2016
27057,0.678268,16,1/1/2016
27059,0.73599,16,1/1/2016
27061,0.648111,16,1/1/2016
27063,0.842118,16,1/1/2016
27065,0.60013,16,1/1/2016
27067,0.78853,16,1/1/2016
27069,0.698396,16,1/1/2016
27071,0.636676,16,1/1/2016
27073,0.688705,16,1/1/2016
27075,0.735248,16,1/1/2016
27077,0.761732,16,1/1/2016
27079,0.823944,16,1/1/2016
27081,0.726185,16,1/1/2016
27083,0.82724,16,1/1/2016
27085,0.791019,16,1/1/2016
27087,0.728257,16,1/1/2016
27089,0.763253,16,1/1/2016
27091,0.7067,16,1/1/2016
27093,0.798473,16,1/1/2016
27095,0.661825,16,1/1/2016
27097,0.757375,16,1/1/2016
27099,0.751649,16,1/1/2016
27101,0.726755,16,1/1/2016
27103,0.799693,16,1/1/2016
27105,0.817871,16,1/1/2016
27107,0.798163,16,1/1/2016
27109,0.845965,16,1/1/2016
27111,0.721253,16,1/1/2016
27113,0.742911,16,1/1/2016
27115,0.617227,16,1/1/2016
27117,0.746906,16,1/1/2016
27119,0.742277,16,1/1/2016
27121,0.717501,16,1/1/2016
27123,0.78546,16,1/1/2016
27125,0.753132,16,1/1/2016
27127,0.739599,16,1/1/2016
27129,0.786002,16,1/1/2016
27131,0.853004,16,1/1/2016
27133,0.791571,16,1/1/2016
27135,0.816181,16,1/1/2016
27137,0.697481,16,1/1/2016
27139,0.920867,16,1/1/2016
27141,0.883725,16,1/1/2016
27143,0.80831,16,1/1/2016
27145,0.811801,16,1/1/2016
27147,0.801568,16,1/1/2016
27149,0.766189,16,1/1/2016
27151,0.705196,16,1/1/2016
27153,0.720944,16,1/1/2016
27155,0.565494,16,1/1/2016
27157,0.795651,16,1/1/2016
27159,0.602929,16,1/1/2016
27161,0.791188,16,1/1/2016
27163,0.877066,16,1/1/2016
27165,0.820953,16,1/1/2016
27167,0.696579,16,1/1/2016
27169,0.79217,16,1/1/2016
27171,0.888466,16,1/1/2016
27173,0.764943,16,1/1/2016
28001,0.692983,16,1/1/2016
28003,0.522209,16,1/1/2016
28005,0.46558,16,1/1/2016
28007,0.539421,16,1/1/2016
28009,0.561905,16,1/1/2016
28011,0.627622,16,1/1/2016
28013,0.508266,16,1/1/2016
28015,0.601118,16,1/1/2016
28017,0.622614,16,1/1/2016
28019,0.387315,16,1/1/2016
28021,0.686821,16,1/1/2016
28023,0.419911,16,1/1/2016
28025,0.689393,16,1/1/2016
28027,0.687509,16,1/1/2016
28029,0.619018,16,1/1/2016
28031,0.432165,16,1/1/2016
28033,0.794331,16,1/1/2016
28035,0.508215,16,1/1/2016
28037,0.527246,16,1/1/2016
28039,0.509541,16,1/1/2016
28041,0.578191,16,1/1/2016
28043,0.459817,16,1/1/2016
28045,0.59502,16,1/1/2016
28047,0.679323,16,1/1/2016
28049,0.753227,16,1/1/2016
28051,0.712375,16,1/1/2016
28053,0.668385,16,1/1/2016
28055,0.648391,16,1/1/2016
28057,0.495667,16,1/1/2016
28059,0.591469,16,1/1/2016
28061,0.524106,16,1/1/2016
28063,0.673556,16,1/1/2016
28065,0.484746,16,1/1/2016
28067,0.585291,16,1/1/2016
28069,0.54739,16,1/1/2016
28071,0.820271,16,1/1/2016
28073,0.680962,16,1/1/2016
28075,0.567404,16,1/1/2016
28077,0.63352,16,1/1/2016
28079,0.478022,16,1/1/2016
28081,0.619213,16,1/1/2016
28083,0.777528,16,1/1/2016
28085,0.664353,16,1/1/2016
28087,0.671564,16,1/1/2016
28089,0.82162,16,1/1/2016
28091,0.490806,16,1/1/2016
28093,0.72569,16,1/1/2016
28095,0.612337,16,1/1/2016
28097,0.543205,16,1/1/2016
28099,0.527865,16,1/1/2016
28101,0.537396,16,1/1/2016
28103,0.478692,16,1/1/2016
28105,0.781255,16,1/1/2016
28107,0.652236,16,1/1/2016
28109,0.531052,16,1/1/2016
28111,0.298533,16,1/1/2016
28113,0.539727,16,1/1/2016
28115,0.542857,16,1/1/2016
28117,0.482358,16,1/1/2016
28119,0.612917,16,1/1/2016
28121,0.72856,16,1/1/2016
28123,0.481663,16,1/1/2016
28125,0.54652,16,1/1/2016
28127,0.590015,16,1/1/2016
28129,0.492594,16,1/1/2016
28131,0.544703,16,1/1/2016
28133,0.786512,16,1/1/2016
28135,0.675131,16,1/1/2016
28137,0.631237,16,1/1/2016
28139,0.511587,16,1/1/2016
28141,0.429879,16,1/1/2016
28143,0.677449,16,1/1/2016
28145,0.567388,16,1/1/2016
28147,0.478925,16,1/1/2016
28149,0.732069,16,1/1/2016
28151,0.56376,16,1/1/2016
28153,0.413331,16,1/1/2016
28155,0.498932,16,1/1/2016
28157,0.447368,16,1/1/2016
28159,0.565912,16,1/1/2016
28161,0.539529,16,1/1/2016
28163,0.67363,16,1/1/2016
29001,0.766422,16,1/1/2016
29003,0.701332,16,1/1/2016
29005,0.578239,16,1/1/2016
29007,0.708186,16,1/1/2016
29009,0.607552,16,1/1/2016
29011,0.520459,16,1/1/2016
29013,0.571038,16,1/1/2016
29015,0.361331,16,1/1/2016
29017,0.373747,16,1/1/2016
29019,0.824259,16,1/1/2016
29021,0.668379,16,1/1/2016
29023,0.37209,16,1/1/2016
29025,0.589674,16,1/1/2016
29027,0.676926,16,1/1/2016
29029,0.605157,16,1/1/2016
29031,0.721738,16,1/1/2016
29033,0.62562,16,1/1/2016
29035,0.435088,16,1/1/2016
29037,0.732806,16,1/1/2016
29039,0.453807,16,1/1/2016
29041,0.58144,16,1/1/2016
29043,0.772571,16,1/1/2016
29045,0.696573,16,1/1/2016
29047,0.781899,16,1/1/2016
29049,0.761407,16,1/1/2016
29051,0.724368,16,1/1/2016
29053,0.7146,16,1/1/2016
29055,0.46705,16,1/1/2016
29057,0.569071,16,1/1/2016
29059,0.455382,16,1/1/2016
29061,0.636319,16,1/1/2016
29063,0.740058,16,1/1/2016
29065,0.365928,16,1/1/2016
29067,0.459179,16,1/1/2016
29069,0.451786,16,1/1/2016
29071,0.762612,16,1/1/2016
29073,0.552268,16,1/1/2016
29075,0.633099,16,1/1/2016
29077,0.715072,16,1/1/2016
29079,0.661873,16,1/1/2016
29081,0.53015,16,1/1/2016
29083,0.522028,16,1/1/2016
29085,0.406939,16,1/1/2016
29087,0.652902,16,1/1/2016
29089,0.687108,16,1/1/2016
29091,0.510927,16,1/1/2016
29093,0.371573,16,1/1/2016
29095,0.721454,16,1/1/2016
29097,0.714743,16,1/1/2016
29099,0.740144,16,1/1/2016
29101,0.785616,16,1/1/2016
29103,0.53015,16,1/1/2016
29105,0.539602,16,1/1/2016
29107,0.681395,16,1/1/2016
29109,0.638926,16,1/1/2016
29111,0.7552,16,1/1/2016
29113,0.627033,16,1/1/2016
29115,0.658398,16,1/1/2016
29117,0.71445,16,1/1/2016
29119,0.599085,16,1/1/2016
29121,0.550189,16,1/1/2016
29123,0.390299,16,1/1/2016
29125,0.478552,16,1/1/2016
29127,0.685294,16,1/1/2016
29129,0.678953,16,1/1/2016
29131,0.607456,16,1/1/2016
29133,0.574937,16,1/1/2016
29135,0.743138,16,1/1/2016
29137,0.619289,16,1/1/2016
29139,0.604816,16,1/1/2016
29141,0.5395,16,1/1/2016
29143,0.43161,16,1/1/2016
29145,0.683821,16,1/1/2016
29147,0.735694,16,1/1/2016
29149,0.352902,16,1/1/2016
29151,0.651381,16,1/1/2016
29153,0.46515,16,1/1/2016
29155,0.311221,16,1/1/2016
29157,0.655567,16,1/1/2016
29159,0.589916,16,1/1/2016
29161,0.635806,16,1/1/2016
29163,0.705154,16,1/1/2016
29165,0.81343,16,1/1/2016
29167,0.607679,16,1/1/2016
29169,0.733915,16,1/1/2016
29171,0.446893,16,1/1/2016
29173,0.667512,16,1/1/2016
29175,0.623328,16,1/1/2016
29177,0.623931,16,1/1/2016
29179,0.342264,16,1/1/2016
29181,0.257053,16,1/1/2016
29183,0.84081,16,1/1/2016
29185,0.426232,16,1/1/2016
29186,0.65543,16,1/1/2016
29187,0.546501,16,1/1/2016
29189,0.77443,16,1/1/2016
29195,0.578638,16,1/1/2016
29197,0.615987,16,1/1/2016
29199,0.680474,16,1/1/2016
29201,0.573786,16,1/1/2016
29203,0.457869,16,1/1/2016
29205,0.624039,16,1/1/2016
29207,0.428563,16,1/1/2016
29209,0.504906,16,1/1/2016
29211,0.669288,16,1/1/2016
29213,0.579275,16,1/1/2016
29215,0.472966,16,1/1/2016
29217,0.578956,16,1/1/2016
29219,0.67128,16,1/1/2016
29221,0.352124,16,1/1/2016
29223,0.262227,16,1/1/2016
29225,0.696847,16,1/1/2016
29227,0.674956,16,1/1/2016
29229,0.517039,16,1/1/2016
29510,0.661372,16,1/1/2016
30001,0.693197,16,1/1/2016
30003,0.816063,16,1/1/2016
30005,0.545321,16,1/1/2016
30007,0.631327,16,1/1/2016
30009,0.660524,16,1/1/2016
30011,0.724855,16,1/1/2016
30013,0.689833,16,1/1/2016
30015,0.799821,16,1/1/2016
30017,0.640814,16,1/1/2016
30019,0.723688,16,1/1/2016
30021,0.701399,16,1/1/2016
30023,0.440581,16,1/1/2016
30025,0.77837,16,1/1/2016
30027,0.694446,16,1/1/2016
30029,0.808119,16,1/1/2016
30031,0.895696,16,1/1/2016
30033,0.748653,16,1/1/2016
30035,0.720886,16,1/1/2016
30037,0.593662,16,1/1/2016
30039,0.530938,16,1/1/2016
30041,0.670729,16,1/1/2016
30043,0.701176,16,1/1/2016
30045,0.744349,16,1/1/2016
30047,0.688316,16,1/1/2016
30049,0.717153,16,1/1/2016
30051,0.608607,16,1/1/2016
30053,0.481341,16,1/1/2016
30055,0.715107,16,1/1/2016
30057,0.756004,16,1/1/2016
30059,0.631049,16,1/1/2016
30061,0.445468,16,1/1/2016
30063,0.760818,16,1/1/2016
30065,0.67055,16,1/1/2016
30067,0.772189,16,1/1/2016
30069,0.790076,16,1/1/2016
30071,0.605942,16,1/1/2016
30073,0.616264,16,1/1/2016
30075,0.672405,16,1/1/2016
30077,0.75484,16,1/1/2016
30079,0.643256,16,1/1/2016
30081,0.569131,16,1/1/2016
30083,0.806305,16,1/1/2016
30085,0.725011,16,1/1/2016
30087,0.632299,16,1/1/2016
30089,0.54236,16,1/1/2016
30091,0.736332,16,1/1/2016
30093,0.592138,16,1/1/2016
30095,0.721371,16,1/1/2016
30097,0.671924,16,1/1/2016
30099,0.659074,16,1/1/2016
30101,0.677002,16,1/1/2016
30103,0.677241,16,1/1/2016
30105,0.697181,16,1/1/2016
30107,0.726538,16,1/1/2016
30109,0.71875,16,1/1/2016
30111,0.739354,16,1/1/2016
31001,0.751095,16,1/1/2016
31003,0.649803,16,1/1/2016
31005,0.856466,16,1/1/2016
31007,0.657821,16,1/1/2016
31009,0.862453,16,1/1/2016
31011,0.780225,16,1/1/2016
31013,0.828882,16,1/1/2016
31015,0.6,16,1/1/2016
31017,0.698881,16,1/1/2016
31019,0.834757,16,1/1/2016
31021,0.647894,16,1/1/2016
31023,0.746915,16,1/1/2016
31025,0.829012,16,1/1/2016
31027,0.82016,16,1/1/2016
31029,0.753409,16,1/1/2016
31031,0.726962,16,1/1/2016
31033,0.775765,16,1/1/2016
31035,0.647333,16,1/1/2016
31037,0.897765,16,1/1/2016
31039,0.762058,16,1/1/2016
31041,0.746233,16,1/1/2016
31043,0.876253,16,1/1/2016
31045,0.820421,16,1/1/2016
31047,0.77383,16,1/1/2016
31049,0.745656,16,1/1/2016
31051,0.747103,16,1/1/2016
31053,0.726303,16,1/1/2016
31055,0.824737,16,1/1/2016
31057,0.760052,16,1/1/2016
31059,0.656829,16,1/1/2016
31061,0.642516,16,1/1/2016
31063,0.704243,16,1/1/2016
31065,0.631633,16,1/1/2016
31067,0.659501,16,1/1/2016
31069,0.728719,16,1/1/2016
31071,0.717383,16,1/1/2016
31073,0.699993,16,1/1/2016
31075,0.803363,16,1/1/2016
31077,0.687085,16,1/1/2016
31079,0.776862,16,1/1/2016
31081,0.775214,16,1/1/2016
31083,0.637651,16,1/1/2016
31085,0.619573,16,1/1/2016
31087,0.565414,16,1/1/2016
31089,0.7027,16,1/1/2016
31091,0.357253,16,1/1/2016
31093,0.693997,16,1/1/2016
31095,0.639781,16,1/1/2016
31097,0.821887,16,1/1/2016
31099,0.775826,16,1/1/2016
31101,0.754451,16,1/1/2016
31103,0.676148,16,1/1/2016
31105,0.657161,16,1/1/2016
31107,0.737804,16,1/1/2016
31109,0.821167,16,1/1/2016
31111,0.687953,16,1/1/2016
31113,0.69889,16,1/1/2016
31115,0.748308,16,1/1/2016
31117,0.653205,16,1/1/2016
31119,0.806649,16,1/1/2016
31121,0.722423,16,1/1/2016
31123,0.693417,16,1/1/2016
31125,0.670126,16,1/1/2016
31127,0.691249,16,1/1/2016
31129,0.589362,16,1/1/2016
31131,0.712716,16,1/1/2016
31133,0.689304,16,1/1/2016
31135,0.772641,16,1/1/2016
31137,0.760307,16,1/1/2016
31139,0.802789,16,1/1/2016
31141,0.818489,16,1/1/2016
31143,0.791284,16,1/1/2016
31145,0.729423,16,1/1/2016
31147,0.649488,16,1/1/2016
31149,0.733638,16,1/1/2016
31151,0.747005,16,1/1/2016
31153,0.876502,16,1/1/2016
31155,0.74236,16,1/1/2016
31157,0.690713,16,1/1/2016
31159,0.819659,16,1/1/2016
31161,0.654231,16,1/1/2016
31163,0.671631,16,1/1/2016
31165,0.863008,16,1/1/2016
31167,0.750176,16,1/1/2016
31169,0.693825,16,1/1/2016
31171,0.812945,16,1/1/2016
31173,0.768765,16,1/1/2016
31175,0.617453,16,1/1/2016
31177,0.720195,16,1/1/2016
31179,0.81539,16,1/1/2016
31181,0.65595,16,1/1/2016
31183,0.724533,16,1/1/2016
31185,0.782769,16,1/1/2016
32001,0.62549,16,1/1/2016
32003,0.760661,16,1/1/2016
32005,0.647087,16,1/1/2016
32007,0.783885,16,1/1/2016
32009,0.557808,16,1/1/2016
32011,0.678376,16,1/1/2016
32013,0.788086,16,1/1/2016
32015,0.794775,16,1/1/2016
32017,0.717236,16,1/1/2016
32019,0.517657,16,1/1/2016
32021,0.375105,16,1/1/2016
32023,0.381959,16,1/1/2016
32027,0.727026,16,1/1/2016
32029,0.404886,16,1/1/2016
32031,0.762638,16,1/1/2016
32033,0.605298,16,1/1/2016
32510,0.446676,16,1/1/2016
33001,0.694249,16,1/1/2016
33003,0.626408,16,1/1/2016
33005,0.720584,16,1/1/2016
33007,0.547575,16,1/1/2016
33009,0.71694,16,1/1/2016
33011,0.798756,16,1/1/2016
33013,0.722165,16,1/1/2016
33015,0.825799,16,1/1/2016
33017,0.743074,16,1/1/2016
33019,0.693901,16,1/1/2016
34001,0.739778,16,1/1/2016
34003,0.891188,16,1/1/2016
34005,0.80174,16,1/1/2016
34007,0.722805,16,1/1/2016
34009,0.696534,16,1/1/2016
34011,0.716682,16,1/1/2016
34013,0.755532,16,1/1/2016
34015,0.74586,16,1/1/2016
34017,0.850833,16,1/1/2016
34019,0.875246,16,1/1/2016
34021,0.834374,16,1/1/2016
34023,0.868666,16,1/1/2016
34025,0.83322,16,1/1/2016
34027,0.892734,16,1/1/2016
34029,0.723516,16,1/1/2016
34031,0.870075,16,1/1/2016
34033,0.652618,16,1/1/2016
34035,0.895211,16,1/1/2016
34037,0.83052,16,1/1/2016
34039,0.854486,16,1/1/2016
34041,0.775912,16,1/1/2016
35001,0.729025,16,1/1/2016
35003,0.22255,16,1/1/2016
35005,0.610245,16,1/1/2016
35006,0.441815,16,1/1/2016
35007,0.49319,16,1/1/2016
35009,0.645965,16,1/1/2016
35011,0.408138,16,1/1/2016
35013,0.77997,16,1/1/2016
35015,0.698492,16,1/1/2016
35017,0.477662,16,1/1/2016
35019,0.586872,16,1/1/2016
35021,0.465551,16,1/1/2016
35023,0.562896,16,1/1/2016
35025,0.77435,16,1/1/2016
35027,0.536902,16,1/1/2016
35028,0.802132,16,1/1/2016
35029,0.49715,16,1/1/2016
35031,0.667977,16,1/1/2016
35033,0.315591,16,1/1/2016
35035,0.672861,16,1/1/2016
35037,0.374678,16,1/1/2016
35039,0.615116,16,1/1/2016
35041,0.605687,16,1/1/2016
35043,0.745315,16,1/1/2016
35045,0.699652,16,1/1/2016
35047,0.21372,16,1/1/2016
35049,0.725675,16,1/1/2016
35051,0.395457,16,1/1/2016
35053,0.325719,16,1/1/2016
35055,0.517188,16,1/1/2016
35057,0.622232,16,1/1/2016
35059,0.646909,16,1/1/2016
35061,0.535005,16,1/1/2016
36001,0.803436,16,1/1/2016
36003,0.658656,16,1/1/2016
36005,0.714654,16,1/1/2016
36007,0.673559,16,1/1/2016
36009,0.672514,16,1/1/2016
36011,0.730351,16,1/1/2016
36013,0.666989,16,1/1/2016
36015,0.721176,16,1/1/2016
36017,0.57202,16,1/1/2016
36019,0.681456,16,1/1/2016
36021,0.656479,16,1/1/2016
36023,0.745207,16,1/1/2016
36025,0.625914,16,1/1/2016
36027,0.739567,16,1/1/2016
36029,0.736701,16,1/1/2016
36031,0.644126,16,1/1/2016
36033,0.715397,16,1/1/2016
36035,0.622088,16,1/1/2016
36037,0.717479,16,1/1/2016
36039,0.700745,16,1/1/2016
36041,0.509605,16,1/1/2016
36043,0.690481,16,1/1/2016
36045,0.762447,16,1/1/2016
36047,0.827045,16,1/1/2016
36049,0.706076,16,1/1/2016
36051,0.757955,16,1/1/2016
36053,0.784411,16,1/1/2016
36055,0.736379,16,1/1/2016
36057,0.671242,16,1/1/2016
36059,0.883164,16,1/1/2016
36061,0.835222,16,1/1/2016
36063,0.730189,16,1/1/2016
36065,0.681264,16,1/1/2016
36067,0.758902,16,1/1/2016
36069,0.772941,16,1/1/2016
36071,0.773005,16,1/1/2016
36073,0.640262,16,1/1/2016
36075,0.681695,16,1/1/2016
36077,0.735997,16,1/1/2016
36079,0.815904,16,1/1/2016
36081,0.844738,16,1/1/2016
36083,0.739054,16,1/1/2016
36085,0.832098,16,1/1/2016
36087,0.850572,16,1/1/2016
36089,0.656402,16,1/1/2016
36091,0.792852,16,1/1/2016
36093,0.723688,16,1/1/2016
36095,0.653176,16,1/1/2016
36097,0.656418,16,1/1/2016
36099,0.682495,16,1/1/2016
36101,0.656919,16,1/1/2016
36103,0.849038,16,1/1/2016
36105,0.6715,16,1/1/2016
36107,0.70664,16,1/1/2016
36109,0.858975,16,1/1/2016
36111,0.723574,16,1/1/2016
36113,0.687009,16,1/1/2016
36115,0.729219,16,1/1/2016
36117,0.685702,16,1/1/2016
36119,0.860881,16,1/1/2016
36121,0.767936,16,1/1/2016
36123,0.740543,16,1/1/2016
37001,0.686837,16,1/1/2016
37003,0.593723,16,1/1/2016
37005,0.507054,16,1/1/2016
37007,0.562125,16,1/1/2016
37009,0.667697,16,1/1/2016
37011,0.535748,16,1/1/2016
37013,0.555886,16,1/1/2016
37015,0.483993,16,1/1/2016
37017,0.447107,16,1/1/2016
37019,0.589993,16,1/1/2016
37021,0.712614,16,1/1/2016
37023,0.512136,16,1/1/2016
37025,0.821132,16,1/1/2016
37027,0.551216,16,1/1/2016
37029,0.703806,16,1/1/2016
37031,0.54271,16,1/1/2016
37033,0.491475,16,1/1/2016
37035,0.697707,16,1/1/2016
37037,0.695699,16,1/1/2016
37039,0.499591,16,1/1/2016
37041,0.662724,16,1/1/2016
37043,0.603385,16,1/1/2016
37045,0.61467,16,1/1/2016
37047,0.527632,16,1/1/2016
37049,0.625703,16,1/1/2016
37051,0.674956,16,1/1/2016
37053,0.701189,16,1/1/2016
37055,0.683407,16,1/1/2016
37057,0.612445,16,1/1/2016
37059,0.710513,16,1/1/2016
37061,0.572711,16,1/1/2016
37063,0.837447,16,1/1/2016
37065,0.581762,16,1/1/2016
37067,0.805422,16,1/1/2016
37069,0.685485,16,1/1/2016
37071,0.644413,16,1/1/2016
37073,0.565309,16,1/1/2016
37075,0.549086,16,1/1/2016
37077,0.619385,16,1/1/2016
37079,0.524527,16,1/1/2016
37081,0.807854,16,1/1/2016
37083,0.472195,16,1/1/2016
37085,0.733099,16,1/1/2016
37087,0.61029,16,1/1/2016
37089,0.638802,16,1/1/2016
37091,0.578032,16,1/1/2016
37093,0.726946,16,1/1/2016
37095,0.640265,16,1/1/2016
37097,0.735841,16,1/1/2016
37099,0.744626,16,1/1/2016
37101,0.710813,16,1/1/2016
37103,0.357151,16,1/1/2016
37105,0.707991,16,1/1/2016
37107,0.418709,16,1/1/2016
37109,0.660633,16,1/1/2016
37111,0.502588,16,1/1/2016
37113,0.610685,16,1/1/2016
37115,0.675287,16,1/1/2016
37117,0.541062,16,1/1/2016
37119,0.87063,16,1/1/2016
37121,0.457764,16,1/1/2016
37123,0.699002,16,1/1/2016
37125,0.684828,16,1/1/2016
37127,0.643833,16,1/1/2016
37129,0.75477,16,1/1/2016
37131,0.431967,16,1/1/2016
37133,0.711154,16,1/1/2016
37135,0.871675,16,1/1/2016
37137,0.504606,16,1/1/2016
37139,0.697028,16,1/1/2016
37141,0.59342,16,1/1/2016
37143,0.585476,16,1/1/2016
37145,0.533074,16,1/1/2016
37147,0.757709,16,1/1/2016
37149,0.631907,16,1/1/2016
37151,0.700717,16,1/1/2016
37153,0.562089,16,1/1/2016
37155,0.627358,16,1/1/2016
37157,0.622582,16,1/1/2016
37159,0.650757,16,1/1/2016
37161,0.485941,16,1/1/2016
37163,0.527932,16,1/1/2016
37165,0.527492,16,1/1/2016
37167,0.654384,16,1/1/2016
37169,0.66061,16,1/1/2016
37171,0.523019,16,1/1/2016
37173,0.668539,16,1/1/2016
37175,0.645815,16,1/1/2016
37177,0.579884,16,1/1/2016
37179,0.849564,16,1/1/2016
37181,0.494545,16,1/1/2016
37183,0.888912,16,1/1/2016
37185,0.505326,16,1/1/2016
37187,0.442768,16,1/1/2016
37189,0.810347,16,1/1/2016
37191,0.621387,16,1/1/2016
37193,0.577633,16,1/1/2016
37195,0.672957,16,1/1/2016
37197,0.610392,16,1/1/2016
37199,0.505945,16,1/1/2016
38001,0.802049,16,1/1/2016
38003,0.730456,16,1/1/2016
38005,0.826758,16,1/1/2016
38007,0.851955,16,1/1/2016
38009,0.718741,16,1/1/2016
38011,0.819433,16,1/1/2016
38013,0.854961,16,1/1/2016
38015,0.824935,16,1/1/2016
38017,0.82585,16,1/1/2016
38019,0.795428,16,1/1/2016
38021,0.843067,16,1/1/2016
38023,0.653061,16,1/1/2016
38025,0.724106,16,1/1/2016
38027,0.751461,16,1/1/2016
38029,0.675574,16,1/1/2016
38031,0.789926,16,1/1/2016
38033,0.700784,16,1/1/2016
38035,0.829765,16,1/1/2016
38037,0.735146,16,1/1/2016
38039,0.687532,16,1/1/2016
38041,0.752045,16,1/1/2016
38043,0.74105,16,1/1/2016
38045,0.777598,16,1/1/2016
38047,0.768481,16,1/1/2016
38049,0.779977,16,1/1/2016
38051,0.631123,16,1/1/2016
38053,0.890984,16,1/1/2016
38055,0.822353,16,1/1/2016
38057,0.78466,16,1/1/2016
38059,0.848012,16,1/1/2016
38061,0.908062,16,1/1/2016
38063,0.755038,16,1/1/2016
38065,0.820099,16,1/1/2016
38067,0.751566,16,1/1/2016
38069,0.81876,16,1/1/2016
38071,0.687073,16,1/1/2016
38073,0.743428,16,1/1/2016
38075,0.806308,16,1/1/2016
38077,0.843708,16,1/1/2016
38079,0.717233,16,1/1/2016
38081,0.775294,16,1/1/2016
38083,0.734639,16,1/1/2016
38085,0.849692,16,1/1/2016
38087,0.620947,16,1/1/2016
38089,0.839701,16,1/1/2016
38091,0.675507,16,1/1/2016
38093,0.72131,16,1/1/2016
38095,0.820019,16,1/1/2016
38097,0.800063,16,1/1/2016
38099,0.654789,16,1/1/2016
38101,0.842484,16,1/1/2016
38103,0.717265,16,1/1/2016
38105,0.876856,16,1/1/2016
39001,0.491207,16,1/1/2016
39003,0.676954,16,1/1/2016
39005,0.690669,16,1/1/2016
39007,0.655465,16,1/1/2016
39009,0.652035,16,1/1/2016
39011,0.775415,16,1/1/2016
39013,0.642462,16,1/1/2016
39015,0.655819,16,1/1/2016
39017,0.779527,16,1/1/2016
39019,0.705604,16,1/1/2016
39021,0.673196,16,1/1/2016
39023,0.628607,16,1/1/2016
39025,0.74381,16,1/1/2016
39027,0.676945,16,1/1/2016
39029,0.657677,16,1/1/2016
39031,0.71249,16,1/1/2016
39033,0.610711,16,1/1/2016
39035,0.682744,16,1/1/2016
39037,0.681979,16,1/1/2016
39039,0.730896,16,1/1/2016
39041,0.912843,16,1/1/2016
39043,0.704784,16,1/1/2016
39045,0.727476,16,1/1/2016
39047,0.637543,16,1/1/2016
39049,0.783933,16,1/1/2016
39051,0.726376,16,1/1/2016
39053,0.525614,16,1/1/2016
39055,0.814456,16,1/1/2016
39057,0.763661,16,1/1/2016
39059,0.581153,16,1/1/2016
39061,0.751292,16,1/1/2016
39063,0.789884,16,1/1/2016
39065,0.718607,16,1/1/2016
39067,0.617125,16,1/1/2016
39069,0.705116,16,1/1/2016
39071,0.554158,16,1/1/2016
39073,0.607472,16,1/1/2016
39075,0.8726,16,1/1/2016
39077,0.718556,16,1/1/2016
39079,0.478379,16,1/1/2016
39081,0.567812,16,1/1/2016
39083,0.704262,16,1/1/2016
39085,0.761449,16,1/1/2016
39087,0.468892,16,1/1/2016
39089,0.709467,16,1/1/2016
39091,0.691169,16,1/1/2016
39093,0.666661,16,1/1/2016
39095,0.668271,16,1/1/2016
39097,0.719987,16,1/1/2016
39099,0.661085,16,1/1/2016
39101,0.570591,16,1/1/2016
39103,0.816187,16,1/1/2016
39105,0.460027,16,1/1/2016
39107,0.800363,16,1/1/2016
39109,0.731088,16,1/1/2016
39111,0.523803,16,1/1/2016
39113,0.668618,16,1/1/2016
39115,0.48932,16,1/1/2016
39117,0.693815,16,1/1/2016
39119,0.639484,16,1/1/2016
39121,0.730032,16,1/1/2016
39123,0.660527,16,1/1/2016
39125,0.623838,16,1/1/2016
39127,0.616347,16,1/1/2016
39129,0.711871,16,1/1/2016
39131,0.421648,16,1/1/2016
39133,0.742086,16,1/1/2016
39135,0.650151,16,1/1/2016
39137,0.828129,16,1/1/2016
39139,0.682957,16,1/1/2016
39141,0.579103,16,1/1/2016
39143,0.696732,16,1/1/2016
39145,0.484245,16,1/1/2016
39147,0.710634,16,1/1/2016
39149,0.751187,16,1/1/2016
39151,0.729392,16,1/1/2016
39153,0.751031,16,1/1/2016
39155,0.691555,16,1/1/2016
39157,0.702205,16,1/1/2016
39159,0.805282,16,1/1/2016
39161,0.676365,16,1/1/2016
39163,0.479511,16,1/1/2016
39165,0.856154,16,1/1/2016
39167,0.522356,16,1/1/2016
39169,0.800191,16,1/1/2016
39171,0.703143,16,1/1/2016
39173,0.804223,16,1/1/2016
39175,0.733223,16,1/1/2016
40001,0.536182,16,1/1/2016
40003,0.736552,16,1/1/2016
40005,0.483155,16,1/1/2016
40007,0.86142,16,1/1/2016
40009,0.709298,16,1/1/2016
40011,0.586467,16,1/1/2016
40013,0.493493,16,1/1/2016
40015,0.53154,16,1/1/2016
40017,0.731091,16,1/1/2016
40019,0.566262,16,1/1/2016
40021,0.619892,16,1/1/2016
40023,0.497599,16,1/1/2016
40025,0.701485,16,1/1/2016
40027,0.741515,16,1/1/2016
40029,0.505151,16,1/1/2016
40031,0.62314,16,1/1/2016
40033,0.550342,16,1/1/2016
40035,0.454155,16,1/1/2016
40037,0.691459,16,1/1/2016
40039,0.726019,16,1/1/2016
40041,0.425177,16,1/1/2016
40043,0.682737,16,1/1/2016
40045,0.734607,16,1/1/2016
40047,0.709531,16,1/1/2016
40049,0.695811,16,1/1/2016
40051,0.663422,16,1/1/2016
40053,0.685361,16,1/1/2016
40055,0.589955,16,1/1/2016
40057,0.569167,16,1/1/2016
40059,0.750728,16,1/1/2016
40061,0.411342,16,1/1/2016
40063,0.566288,16,1/1/2016
40065,0.691482,16,1/1/2016
40067,0.437084,16,1/1/2016
40069,0.324049,16,1/1/2016
40071,0.582358,16,1/1/2016
40073,0.610392,16,1/1/2016
40075,0.507861,16,1/1/2016
40077,0.40364,16,1/1/2016
40079,0.492798,16,1/1/2016
40081,0.529647,16,1/1/2016
40083,0.727364,16,1/1/2016
40085,0.610099,16,1/1/2016
40087,0.718068,16,1/1/2016
40089,0.535675,16,1/1/2016
40091,0.385332,16,1/1/2016
40093,0.583027,16,1/1/2016
40095,0.173011,16,1/1/2016
40097,0.485498,16,1/1/2016
40099,0.552156,16,1/1/2016
40101,0.58443,16,1/1/2016
40103,0.611023,16,1/1/2016
40105,0.552245,16,1/1/2016
40107,0.524106,16,1/1/2016
40109,0.727364,16,1/1/2016
40111,0.545908,16,1/1/2016
40113,0.556763,16,1/1/2016
40115,0.565284,16,1/1/2016
40117,0.571331,16,1/1/2016
40119,0.783078,16,1/1/2016
40121,0.487882,16,1/1/2016
40123,0.680506,16,1/1/2016
40125,0.598425,16,1/1/2016
40127,0.254722,16,1/1/2016
40129,0.736539,16,1/1/2016
40131,0.668436,16,1/1/2016
40133,0.507252,16,1/1/2016
40135,0.374968,16,1/1/2016
40137,0.528203,16,1/1/2016
40139,0.851257,16,1/1/2016
40141,0.633498,16,1/1/2016
40143,0.725458,16,1/1/2016
40145,0.665376,16,1/1/2016
40147,0.636099,16,1/1/2016
40149,0.767397,16,1/1/2016
40151,0.737422,16,1/1/2016
40153,0.789776,16,1/1/2016
41001,0.49816,16,1/1/2016
41003,0.812289,16,1/1/2016
41005,0.770295,16,1/1/2016
41007,0.533376,16,1/1/2016
41009,0.623127,16,1/1/2016
41011,0.415161,16,1/1/2016
41013,0.4612,16,1/1/2016
41015,0.340606,16,1/1/2016
41017,0.740906,16,1/1/2016
41019,0.475478,16,1/1/2016
41021,0.430036,16,1/1/2016
41023,0.531598,16,1/1/2016
41025,0.525184,16,1/1/2016
41027,0.811919,16,1/1/2016
41029,0.603328,16,1/1/2016
41031,0.639892,16,1/1/2016
41033,0.535401,16,1/1/2016
41035,0.519838,16,1/1/2016
41037,0.428859,16,1/1/2016
41039,0.624151,16,1/1/2016
41041,0.455516,16,1/1/2016
41043,0.587882,16,1/1/2016
41045,0.670199,16,1/1/2016
41047,0.680063,16,1/1/2016
41049,0.674079,16,1/1/2016
41051,0.72804,16,1/1/2016
41053,0.672134,16,1/1/2016
41055,0.566782,16,1/1/2016
41057,0.570002,16,1/1/2016
41059,0.699069,16,1/1/2016
41061,0.621161,16,1/1/2016
41063,0.407724,16,1/1/2016
41065,0.572367,16,1/1/2016
41067,0.826095,16,1/1/2016
41069,0.389135,16,1/1/2016
41071,0.669881,16,1/1/2016
42001,0.723491,16,1/1/2016
42003,0.733156,16,1/1/2016
42005,0.554435,16,1/1/2016
42007,0.682061,16,1/1/2016
42009,0.591762,16,1/1/2016
42011,0.728062,16,1/1/2016
42013,0.616095,16,1/1/2016
42015,0.679584,16,1/1/2016
42017,0.810924,16,1/1/2016
42019,0.763677,16,1/1/2016
42021,0.588727,16,1/1/2016
42023,0.536819,16,1/1/2016
42025,0.619512,16,1/1/2016
42027,0.839245,16,1/1/2016
42029,0.887219,16,1/1/2016
42031,0.616283,16,1/1/2016
42033,0.617947,16,1/1/2016
42035,0.672373,16,1/1/2016
42037,0.763218,16,1/1/2016
42039,0.647008,16,1/1/2016
42041,0.799888,16,1/1/2016
42043,0.73002,16,1/1/2016
42045,0.779607,16,1/1/2016
42047,0.621068,16,1/1/2016
42049,0.67763,16,1/1/2016
42051,0.587564,16,1/1/2016
42053,0.716436,16,1/1/2016
42055,0.750476,16,1/1/2016
42057,0.641136,16,1/1/2016
42059,0.557049,16,1/1/2016
42061,0.671446,16,1/1/2016
42063,0.698055,16,1/1/2016
42065,0.647358,16,1/1/2016
42067,0.705499,16,1/1/2016
42069,0.670636,16,1/1/2016
42071,0.782176,16,1/1/2016
42073,0.634728,16,1/1/2016
42075,0.738624,16,1/1/2016
42077,0.707453,16,1/1/2016
42079,0.658943,16,1/1/2016
42081,0.671755,16,1/1/2016
42083,0.605467,16,1/1/2016
42085,0.645232,16,1/1/2016
42087,0.600404,16,1/1/2016
42089,0.688947,16,1/1/2016
42091,0.835152,16,1/1/2016
42093,0.746749,16,1/1/2016
42095,0.752229,16,1/1/2016
42097,0.652115,16,1/1/2016
42099,0.725608,16,1/1/2016
42101,0.643877,16,1/1/2016
42103,0.616006,16,1/1/2016
42105,0.58684,16,1/1/2016
42107,0.606359,16,1/1/2016
42109,0.762513,16,1/1/2016
42111,0.659086,16,1/1/2016
42113,0.528091,16,1/1/2016
42115,0.618476,16,1/1/2016
42117,0.63403,16,1/1/2016
42119,0.78917,16,1/1/2016
42121,0.598406,16,1/1/2016
42123,0.59443,16,1/1/2016
42125,0.683512,16,1/1/2016
42127,0.629328,16,1/1/2016
42129,0.681424,16,1/1/2016
42131,0.697918,16,1/1/2016
42133,0.728792,16,1/1/2016
44001,0.782772,16,1/1/2016
44003,0.681606,16,1/1/2016
44005,0.771873,16,1/1/2016
44007,0.731132,16,1/1/2016
44009,0.798887,16,1/1/2016
45001,0.488485,16,1/1/2016
45003,0.700698,16,1/1/2016
45005,0.419532,16,1/1/2016
45007,0.634623,16,1/1/2016
45009,0.467161,16,1/1/2016
45011,0.408785,16,1/1/2016
45013,0.759861,16,1/1/2016
45015,0.726067,16,1/1/2016
45017,0.522939,16,1/1/2016
45019,0.805269,16,1/1/2016
45021,0.585568,16,1/1/2016
45023,0.572609,16,1/1/2016
45025,0.644865,16,1/1/2016
45027,0.436759,16,1/1/2016
45029,0.624945,16,1/1/2016
45031,0.555044,16,1/1/2016
45033,0.49444,16,1/1/2016
45035,0.765204,16,1/1/2016
45037,0.697169,16,1/1/2016
45039,0.543227,16,1/1/2016
45041,0.644072,16,1/1/2016
45043,0.651764,16,1/1/2016
45045,0.765647,16,1/1/2016
45047,0.662791,16,1/1/2016
45049,0.680668,16,1/1/2016
45051,0.628069,16,1/1/2016
45053,0.655647,16,1/1/2016
45055,0.672785,16,1/1/2016
45057,0.705486,16,1/1/2016
45059,0.535659,16,1/1/2016
45061,0.518017,16,1/1/2016
45063,0.743198,16,1/1/2016
45065,0.547164,16,1/1/2016
45067,0.567617,16,1/1/2016
45069,0.551589,16,1/1/2016
45071,0.690053,16,1/1/2016
45073,0.499059,16,1/1/2016
45075,0.58939,16,1/1/2016
45077,0.690423,16,1/1/2016
45079,0.794532,16,1/1/2016
45081,0.706847,16,1/1/2016
45083,0.6609,16,1/1/2016
45085,0.523934,16,1/1/2016
45087,0.526854,16,1/1/2016
45089,0.54403,16,1/1/2016
45091,0.78612,16,1/1/2016
46003,0.728193,16,1/1/2016
46005,0.746686,16,1/1/2016
46007,0.724447,16,1/1/2016
46009,0.79947,16,1/1/2016
46011,0.816462,16,1/1/2016
46013,0.824332,16,1/1/2016
46015,0.65856,16,1/1/2016
46017,0.604523,16,1/1/2016
46019,0.671698,16,1/1/2016
46021,0.72951,16,1/1/2016
46023,0.676457,16,1/1/2016
46025,0.606002,16,1/1/2016
46027,0.844904,16,1/1/2016
46029,0.748037,16,1/1/2016
46031,0.746147,16,1/1/2016
46033,0.676894,16,1/1/2016
46035,0.637215,16,1/1/2016
46037,0.702145,16,1/1/2016
46039,0.702894,16,1/1/2016
46041,0.813232,16,1/1/2016
46043,0.704695,16,1/1/2016
46045,0.757748,16,1/1/2016
46047,0.484162,16,1/1/2016
46049,0.702719,16,1/1/2016
46051,0.712729,16,1/1/2016
46053,0.643284,16,1/1/2016
46055,0.697685,16,1/1/2016
46057,0.784542,16,1/1/2016
46059,0.746772,16,1/1/2016
46061,0.756128,16,1/1/2016
46063,0.866173,16,1/1/2016
46065,0.832898,16,1/1/2016
46067,0.654547,16,1/1/2016
46069,0.827262,16,1/1/2016
46071,0.694666,16,1/1/2016
46073,0.790041,16,1/1/2016
46075,0.732634,16,1/1/2016
46077,0.710637,16,1/1/2016
46079,0.782709,16,1/1/2016
46081,0.675064,16,1/1/2016
46083,0.925652,16,1/1/2016
46085,0.787717,16,1/1/2016
46087,0.733319,16,1/1/2016
46089,0.603267,16,1/1/2016
46091,0.86194,16,1/1/2016
46093,0.718186,16,1/1/2016
46095,0.66771,16,1/1/2016
46097,0.719793,16,1/1/2016
46099,0.818904,16,1/1/2016
46101,0.809445,16,1/1/2016
46103,0.706707,16,1/1/2016
46105,0.600232,16,1/1/2016
46107,0.639532,16,1/1/2016
46109,0.774787,16,1/1/2016
46111,0.713985,16,1/1/2016
46115,0.697797,16,1/1/2016
46117,0.876154,16,1/1/2016
46119,0.797947,16,1/1/2016
46121,0.693579,16,1/1/2016
46123,0.787844,16,1/1/2016
46125,0.732905,16,1/1/2016
46127,0.800309,16,1/1/2016
46129,0.668758,16,1/1/2016
46135,0.761761,16,1/1/2016
46137,0.816806,16,1/1/2016
47001,0.551369,16,1/1/2016
47003,0.637925,16,1/1/2016
47005,0.37224,16,1/1/2016
47007,0.375364,16,1/1/2016
47009,0.667149,16,1/1/2016
47011,0.58904,16,1/1/2016
47013,0.410261,16,1/1/2016
47015,0.524495,16,1/1/2016
47017,0.502435,16,1/1/2016
47019,0.484347,16,1/1/2016
47021,0.683878,16,1/1/2016
47023,0.705397,16,1/1/2016
47025,0.489189,16,1/1/2016
47027,0.408027,16,1/1/2016
47029,0.417845,16,1/1/2016
47031,0.566948,16,1/1/2016
47033,0.510166,16,1/1/2016
47035,0.411798,16,1/1/2016
47037,0.77326,16,1/1/2016
47039,0.465634,16,1/1/2016
47041,0.555915,16,1/1/2016
47043,0.632643,16,1/1/2016
47045,0.562322,16,1/1/2016
47047,0.663527,16,1/1/2016
47049,0.415993,16,1/1/2016
47051,0.529704,16,1/1/2016
47053,0.608441,16,1/1/2016
47055,0.583572,16,1/1/2016
47057,0.44929,16,1/1/2016
47059,0.441694,16,1/1/2016
47061,0.316452,16,1/1/2016
47063,0.556772,16,1/1/2016
47065,0.707583,16,1/1/2016
47067,0.309936,16,1/1/2016
47069,0.643358,16,1/1/2016
47071,0.552612,16,1/1/2016
47073,0.443651,16,1/1/2016
47075,0.596993,16,1/1/2016
47077,0.598323,16,1/1/2016
47079,0.465395,16,1/1/2016
47081,0.505722,16,1/1/2016
47083,0.398335,16,1/1/2016
47085,0.481676,16,1/1/2016
47087,0.465108,16,1/1/2016
47089,0.526625,16,1/1/2016
47091,0.481271,16,1/1/2016
47093,0.738069,16,1/1/2016
47095,0.61855,16,1/1/2016
47097,0.497615,16,1/1/2016
47099,0.590541,16,1/1/2016
47101,0.531948,16,1/1/2016
47103,0.496965,16,1/1/2016
47105,0.629513,16,1/1/2016
47107,0.588813,16,1/1/2016
47109,0.518078,16,1/1/2016
47111,0.569763,16,1/1/2016
47113,0.660409,16,1/1/2016
47115,0.458494,16,1/1/2016
47117,0.658714,16,1/1/2016
47119,0.686438,16,1/1/2016
47121,0.408011,16,1/1/2016
47123,0.58859,16,1/1/2016
47125,0.743941,16,1/1/2016
47127,0.592381,16,1/1/2016
47129,0.51607,16,1/1/2016
47131,0.542258,16,1/1/2016
47133,0.669001,16,1/1/2016
47135,0.524909,16,1/1/2016
47137,0.504558,16,1/1/2016
47139,0.566897,16,1/1/2016
47141,0.714785,16,1/1/2016
47143,0.451493,16,1/1/2016
47145,0.488163,16,1/1/2016
47147,0.692511,16,1/1/2016
47149,0.828815,16,1/1/2016
47151,0.378682,16,1/1/2016
47153,0.419669,16,1/1/2016
47155,0.602425,16,1/1/2016
47157,0.75542,16,1/1/2016
47159,0.561426,16,1/1/2016
47161,0.480487,16,1/1/2016
47163,0.505253,16,1/1/2016
47165,0.738659,16,1/1/2016
47167,0.662402,16,1/1/2016
47169,0.609885,16,1/1/2016
47171,0.386161,16,1/1/2016
47173,0.573209,16,1/1/2016
47175,0.445248,16,1/1/2016
47177,0.55098,16,1/1/2016
47179,0.593187,16,1/1/2016
47181,0.58099,16,1/1/2016
47183,0.617109,16,1/1/2016
47185,0.515113,16,1/1/2016
47187,0.921269,16,1/1/2016
47189,0.735442,16,1/1/2016
48001,0.845105,16,1/1/2016
48003,0.813274,16,1/1/2016
48005,0.523507,16,1/1/2016
48007,0.428547,16,1/1/2016
48009,0.680101,16,1/1/2016
48011,0.668334,16,1/1/2016
48013,0.787449,16,1/1/2016
48015,0.716854,16,1/1/2016
48017,0.692279,16,1/1/2016
48019,0.54922,16,1/1/2016
48021,0.703796,16,1/1/2016
48023,0.595489,16,1/1/2016
48025,0.752242,16,1/1/2016
48027,0.725531,16,1/1/2016
48029,0.722008,16,1/1/2016
48031,0.627657,16,1/1/2016
48033,0.623041,16,1/1/2016
48035,0.60189,16,1/1/2016
48037,0.707679,16,1/1/2016
48039,0.850275,16,1/1/2016
48041,0.884223,16,1/1/2016
48043,0.456772,16,1/1/2016
48045,0.827951,16,1/1/2016
48047,0.640731,16,1/1/2016
48049,0.712206,16,1/1/2016
48051,0.612346,16,1/1/2016
48053,0.532127,16,1/1/2016
48055,0.7189,16,1/1/2016
48057,0.599579,16,1/1/2016
48059,0.56748,16,1/1/2016
48061,0.735098,16,1/1/2016
48063,0.620781,16,1/1/2016
48065,0.779597,16,1/1/2016
48067,0.625952,16,1/1/2016
48069,0.828464,16,1/1/2016
48071,0.734875,16,1/1/2016
48073,0.719624,16,1/1/2016
48075,0.661436,16,1/1/2016
48077,0.546482,16,1/1/2016
48079,0.627202,16,1/1/2016
48081,0.589301,16,1/1/2016
48083,0.736803,16,1/1/2016
48085,0.936169,16,1/1/2016
48087,0.637278,16,1/1/2016
48089,0.687226,16,1/1/2016
48091,0.718865,16,1/1/2016
48093,0.55228,16,1/1/2016
48095,0.967397,16,1/1/2016
48097,0.684736,16,1/1/2016
48099,0.767496,16,1/1/2016
48101,0.506602,16,1/1/2016
48103,0.910975,16,1/1/2016
48105,0.792578,16,1/1/2016
48107,0.608345,16,1/1/2016
48109,0.367879,16,1/1/2016
48111,0.707513,16,1/1/2016
48113,0.846182,16,1/1/2016
48115,0.702052,16,1/1/2016
48117,0.83599,16,1/1/2016
48119,0.590111,16,1/1/2016
48121,0.895983,16,1/1/2016
48123,0.649099,16,1/1/2016
48125,0.440007,16,1/1/2016
48127,0.386139,16,1/1/2016
48129,0.582702,16,1/1/2016
48131,0.322079,16,1/1/2016
48133,0.499582,16,1/1/2016
48135,0.739398,16,1/1/2016
48137,0.448755,16,1/1/2016
48139,0.77288,16,1/1/2016
48141,0.719806,16,1/1/2016
48143,0.823523,16,1/1/2016
48145,0.568299,16,1/1/2016
48147,0.667585,16,1/1/2016
48149,0.708521,16,1/1/2016
48151,0.636979,16,1/1/2016
48153,0.707889,16,1/1/2016
48155,0.399598,16,1/1/2016
48157,0.899748,16,1/1/2016
48159,0.461595,16,1/1/2016
48161,0.640256,16,1/1/2016
48163,0.668414,16,1/1/2016
48165,0.765587,16,1/1/2016
48167,0.729047,16,1/1/2016
48169,0.84943,16,1/1/2016
48171,0.681083,16,1/1/2016
48173,0.985434,16,1/1/2016
48175,0.51351,16,1/1/2016
48177,0.534008,16,1/1/2016
48179,0.682568,16,1/1/2016
48181,0.627323,16,1/1/2016
48183,0.684886,16,1/1/2016
48185,0.77098,16,1/1/2016
48187,0.761101,16,1/1/2016
48189,0.820708,16,1/1/2016
48191,0.502021,16,1/1/2016
48193,0.396993,16,1/1/2016
48195,0.763559,16,1/1/2016
48197,0.426315,16,1/1/2016
48199,0.67946,16,1/1/2016
48201,0.852972,16,1/1/2016
48203,0.760668,16,1/1/2016
48205,0.86346,16,1/1/2016
48207,0.37982,16,1/1/2016
48209,0.846826,16,1/1/2016
48211,0.887918,16,1/1/2016
48213,0.607823,16,1/1/2016
48215,0.726165,16,1/1/2016
48217,0.582409,16,1/1/2016
48219,0.697296,16,1/1/2016
48221,0.702572,16,1/1/2016
48223,0.597207,16,1/1/2016
48225,0.658522,16,1/1/2016
48227,0.706356,16,1/1/2016
48229,0.433947,16,1/1/2016
48231,0.616831,16,1/1/2016
48233,0.584216,16,1/1/2016
48235,0.81599,16,1/1/2016
48237,0.589505,16,1/1/2016
48239,0.594003,16,1/1/2016
48241,0.483231,16,1/1/2016
48243,0.542554,16,1/1/2016
48245,0.73476,16,1/1/2016
48247,0.396812,16,1/1/2016
48249,0.628735,16,1/1/2016
48251,0.791606,16,1/1/2016
48253,0.720689,16,1/1/2016
48255,0.660212,16,1/1/2016
48257,0.756814,16,1/1/2016
48259,0.664812,16,1/1/2016
48261,0.468414,16,1/1/2016
48263,0.378778,16,1/1/2016
48265,0.541936,16,1/1/2016
48267,0.521859,16,1/1/2016
48269,0.997012,16,1/1/2016
48271,0.789205,16,1/1/2016
48273,0.674838,16,1/1/2016
48275,0.539494,16,1/1/2016
48277,0.571408,16,1/1/2016
48279,0.695741,16,1/1/2016
48281,0.604086,16,1/1/2016
48283,0.554158,16,1/1/2016
48285,0.589323,16,1/1/2016
48287,0.664012,16,1/1/2016
48289,0.69428,16,1/1/2016
48291,0.629755,16,1/1/2016
48293,0.603028,16,1/1/2016
48295,0.761028,16,1/1/2016
48297,0.677908,16,1/1/2016
48299,0.375826,16,1/1/2016
48301,0.225461,16,1/1/2016
48303,0.68851,16,1/1/2016
48305,0.54389,16,1/1/2016
48307,0.578532,16,1/1/2016
48309,0.74799,16,1/1/2016
48311,0.364362,16,1/1/2016
48313,0.804443,16,1/1/2016
48315,0.418473,16,1/1/2016
48317,0.788597,16,1/1/2016
48319,0.647805,16,1/1/2016
48321,0.694641,16,1/1/2016
48323,0.62804,16,1/1/2016
48325,0.69137,16,1/1/2016
48327,0.373037,16,1/1/2016
48329,0.825869,16,1/1/2016
48331,0.483011,16,1/1/2016
48333,0.559906,16,1/1/2016
48335,0.770821,16,1/1/2016
48337,0.550291,16,1/1/2016
48339,0.814829,16,1/1/2016
48341,0.72812,16,1/1/2016
48343,0.507061,16,1/1/2016
48345,0.502578,16,1/1/2016
48347,0.673116,16,1/1/2016
48349,0.556374,16,1/1/2016
48351,0.33833,16,1/1/2016
48353,0.583588,16,1/1/2016
48355,0.711673,16,1/1/2016
48357,0.810095,16,1/1/2016
48359,0.766151,16,1/1/2016
48361,0.622566,16,1/1/2016
48363,0.57136,16,1/1/2016
48365,0.604456,16,1/1/2016
48367,0.752025,16,1/1/2016
48369,0.711262,16,1/1/2016
48371,0.810057,16,1/1/2016
48373,0.464127,16,1/1/2016
48375,0.790905,16,1/1/2016
48377,0.457499,16,1/1/2016
48379,0.51138,16,1/1/2016
48381,0.78727,16,1/1/2016
48383,0.845745,16,1/1/2016
48385,0.360818,16,1/1/2016
48387,0.488421,16,1/1/2016
48389,0.825238,16,1/1/2016
48391,0.460572,16,1/1/2016
48393,0.645809,16,1/1/2016
48395,0.679441,16,1/1/2016
48397,0.8791,16,1/1/2016
48399,0.713455,16,1/1/2016
48401,0.686477,16,1/1/2016
48403,0.419793,16,1/1/2016
48405,0.332669,16,1/1/2016
48407,0.52118,16,1/1/2016
48409,0.683745,16,1/1/2016
48411,0.684258,16,1/1/2016
48413,0.821533,16,1/1/2016
48415,0.744301,16,1/1/2016
48417,0.568825,16,1/1/2016
48419,0.579396,16,1/1/2016
48421,0.618511,16,1/1/2016
48423,0.72818,16,1/1/2016
48425,0.787685,16,1/1/2016
48427,0.57867,16,1/1/2016
48429,0.65251,16,1/1/2016
48431,0.81474,16,1/1/2016
48433,0.447604,16,1/1/2016
48435,0.874509,16,1/1/2016
48437,0.612432,16,1/1/2016
48439,0.822334,16,1/1/2016
48441,0.647951,16,1/1/2016
48443,0.591,16,1/1/2016
48445,0.690277,16,1/1/2016
48447,0.475035,16,1/1/2016
48449,0.68004,16,1/1/2016
48451,0.717067,16,1/1/2016
48453,0.872753,16,1/1/2016
48455,0.259389,16,1/1/2016
48457,0.49297,16,1/1/2016
48459,0.573744,16,1/1/2016
48461,0.75471,16,1/1/2016
48463,0.726551,16,1/1/2016
48465,0.744999,16,1/1/2016
48467,0.586738,16,1/1/2016
48469,0.675351,16,1/1/2016
48471,0.920727,16,1/1/2016
48473,0.699107,16,1/1/2016
48475,0.718588,16,1/1/2016
48477,0.684535,16,1/1/2016
48479,0.771012,16,1/1/2016
48481,0.676597,16,1/1/2016
48483,0.665166,16,1/1/2016
48485,0.7138,16,1/1/2016
48487,0.523918,16,1/1/2016
48489,0.621215,16,1/1/2016
48491,0.852497,16,1/1/2016
48493,0.768758,16,1/1/2016
48495,0.739615,16,1/1/2016
48497,0.620657,16,1/1/2016
48499,0.460256,16,1/1/2016
48501,0.799422,16,1/1/2016
48503,0.663498,16,1/1/2016
48505,0.633666,16,1/1/2016
48507,0.384934,16,1/1/2016
49001,0.802585,16,1/1/2016
49003,0.737282,16,1/1/2016
49005,0.863157,16,1/1/2016
49007,0.669307,16,1/1/2016
49009,0.817166,16,1/1/2016
49011,0.849013,16,1/1/2016
49013,0.79896,16,1/1/2016
49015,0.651837,16,1/1/2016
49017,0.689135,16,1/1/2016
49019,0.771589,16,1/1/2016
49021,0.80378,16,1/1/2016
49023,0.814517,16,1/1/2016
49025,0.638451,16,1/1/2016
49027,0.769887,16,1/1/2016
49029,0.922162,16,1/1/2016
49031,0.48977,16,1/1/2016
49033,0.716981,16,1/1/2016
49035,0.856103,16,1/1/2016
49037,0.656339,16,1/1/2016
49039,0.809053,16,1/1/2016
49041,0.757419,16,1/1/2016
49043,0.98245,16,1/1/2016
49045,0.814026,16,1/1/2016
49047,0.81102,16,1/1/2016
49049,0.909311,16,1/1/2016
49051,0.909531,16,1/1/2016
49053,0.736561,16,1/1/2016
49055,0.813749,16,1/1/2016
49057,0.798074,16,1/1/2016
50001,0.698651,16,1/1/2016
50003,0.611699,16,1/1/2016
50005,0.526991,16,1/1/2016
50007,0.795674,16,1/1/2016
50009,0.530625,16,1/1/2016
50011,0.761458,16,1/1/2016
50013,0.765443,16,1/1/2016
50015,0.775906,16,1/1/2016
50017,0.603181,16,1/1/2016
50019,0.645054,16,1/1/2016
50021,0.652322,16,1/1/2016
50023,0.783375,16,1/1/2016
50025,0.645984,16,1/1/2016
50027,0.64163,16,1/1/2016
51001,0.756096,16,1/1/2016
51003,0.877917,16,1/1/2016
51005,0.53388,16,1/1/2016
51007,0.72489,16,1/1/2016
51009,0.689594,16,1/1/2016
51011,0.627013,16,1/1/2016
51013,0.979486,16,1/1/2016
51015,0.719598,16,1/1/2016
51017,0.598533,16,1/1/2016
51021,0.674809,16,1/1/2016
51023,0.703391,16,1/1/2016
51025,0.599866,16,1/1/2016
51027,0.421983,16,1/1/2016
51029,0.668491,16,1/1/2016
51031,0.684915,16,1/1/2016
51033,0.755373,16,1/1/2016
51035,0.562434,16,1/1/2016
51036,0.66194,16,1/1/2016
51037,0.475612,16,1/1/2016
51041,0.82131,16,1/1/2016
51043,0.807351,16,1/1/2016
51045,0.416803,16,1/1/2016
51047,0.810213,16,1/1/2016
51049,0.546195,16,1/1/2016
51051,0.361503,16,1/1/2016
51053,0.633992,16,1/1/2016
51057,0.79883,16,1/1/2016
51059,0.934368,16,1/1/2016
51061,0.82022,16,1/1/2016
51063,0.698112,16,1/1/2016
51065,0.735184,16,1/1/2016
51067,0.668523,16,1/1/2016
51069,0.785023,16,1/1/2016
51071,0.528869,16,1/1/2016
51073,0.681634,16,1/1/2016
51075,0.779278,16,1/1/2016
51077,0.585661,16,1/1/2016
51079,0.701444,16,1/1/2016
51081,0.698887,16,1/1/2016
51083,0.588616,16,1/1/2016
51085,0.843447,16,1/1/2016
51087,0.812751,16,1/1/2016
51089,0.532905,16,1/1/2016
51091,0.552147,16,1/1/2016
51093,0.78618,16,1/1/2016
51095,0.783056,16,1/1/2016
51097,0.757145,16,1/1/2016
51099,0.793633,16,1/1/2016
51101,0.836105,16,1/1/2016
51103,0.635841,16,1/1/2016
51105,0.391705,16,1/1/2016
51107,0.973438,16,1/1/2016
51109,0.648971,16,1/1/2016
51111,0.542184,16,1/1/2016
51113,0.743281,16,1/1/2016
51115,0.690691,16,1/1/2016
51117,0.524052,16,1/1/2016
51119,0.629137,16,1/1/2016
51121,0.841139,16,1/1/2016
51125,0.693866,16,1/1/2016
51127,0.82329,16,1/1/2016
51131,0.703678,16,1/1/2016
51133,0.673148,16,1/1/2016
51135,0.618958,16,1/1/2016
51137,0.708929,16,1/1/2016
51139,0.567286,16,1/1/2016
51141,0.545411,16,1/1/2016
51143,0.611877,16,1/1/2016
51145,0.856932,16,1/1/2016
51147,0.737849,16,1/1/2016
51149,0.761289,16,1/1/2016
51153,0.924393,16,1/1/2016
51155,0.613076,16,1/1/2016
51157,0.760527,16,1/1/2016
51159,0.789142,16,1/1/2016
51161,0.7815,16,1/1/2016
51163,0.664901,16,1/1/2016
51165,0.73,16,1/1/2016
51167,0.417765,16,1/1/2016
51169,0.43855,16,1/1/2016
51171,0.685297,16,1/1/2016
51173,0.495272,16,1/1/2016
51175,0.670894,16,1/1/2016
51177,0.794312,16,1/1/2016
51179,0.885348,16,1/1/2016
51181,0.681284,16,1/1/2016
51183,0.795868,16,1/1/2016
51185,0.409646,16,1/1/2016
51187,0.710092,16,1/1/2016
51191,0.582109,16,1/1/2016
51193,0.617922,16,1/1/2016
51195,0.396203,16,1/1/2016
51197,0.561965,16,1/1/2016
51199,0.828327,16,1/1/2016
51510,0.93147,16,1/1/2016
51520,0.476311,16,1/1/2016
51530,0.72241,16,1/1/2016
51540,0.866074,16,1/1/2016
51550,0.83994,16,1/1/2016
51570,0.62125,16,1/1/2016
51580,0.502792,16,1/1/2016
51590,0.528375,16,1/1/2016
51595,0.45856,16,1/1/2016
51600,0.913828,16,1/1/2016
51610,0.971953,16,1/1/2016
51620,0.801169,16,1/1/2016
51630,0.848624,16,1/1/2016
51640,0.406844,16,1/1/2016
51650,0.736931,16,1/1/2016
51660,0.9341,16,1/1/2016
51670,0.534301,16,1/1/2016
51678,0.828387,16,1/1/2016
51680,0.754977,16,1/1/2016
51683,0.911045,16,1/1/2016
51685,0.905954,16,1/1/2016
51690,0.529557,16,1/1/2016
51700,0.750266,16,1/1/2016
51710,0.797631,16,1/1/2016
51720,0.588903,16,1/1/2016
51730,0.512024,16,1/1/2016
51735,0.816216,16,1/1/2016
51740,0.736137,16,1/1/2016
51750,0.741107,16,1/1/2016
51760,0.660728,16,1/1/2016
51770,0.603659,16,1/1/2016
51775,0.736577,16,1/1/2016
51790,0.643654,16,1/1/2016
51800,0.792862,16,1/1/2016
51810,0.837403,16,1/1/2016
51820,0.679766,16,1/1/2016
51830,0.862402,16,1/1/2016
51840,0.701597,16,1/1/2016
53001,0.839491,16,1/1/2016
53003,0.546239,16,1/1/2016
53005,0.733711,16,1/1/2016
53007,0.774474,16,1/1/2016
53009,0.511163,16,1/1/2016
53011,0.749826,16,1/1/2016
53013,0.511654,16,1/1/2016
53015,0.51372,16,1/1/2016
53017,0.597516,16,1/1/2016
53019,0.350358,16,1/1/2016
53021,0.837645,16,1/1/2016
53023,0.525263,16,1/1/2016
53025,0.755851,16,1/1/2016
53027,0.564063,16,1/1/2016
53029,0.698093,16,1/1/2016
53031,0.626778,16,1/1/2016
53033,0.843877,16,1/1/2016
53035,0.675163,16,1/1/2016
53037,0.729299,16,1/1/2016
53039,0.542981,16,1/1/2016
53041,0.488581,16,1/1/2016
53043,0.516309,16,1/1/2016
53045,0.486362,16,1/1/2016
53047,0.603844,16,1/1/2016
53049,0.287634,16,1/1/2016
53051,0.461455,16,1/1/2016
53053,0.729344,16,1/1/2016
53055,0.737667,16,1/1/2016
53057,0.695068,16,1/1/2016
53059,0.678367,16,1/1/2016
53061,0.773107,16,1/1/2016
53063,0.679722,16,1/1/2016
53065,0.536472,16,1/1/2016
53067,0.74432,16,1/1/2016
53069,0.399891,16,1/1/2016
53071,0.680069,16,1/1/2016
53073,0.717542,16,1/1/2016
53075,0.79883,16,1/1/2016
53077,0.744247,16,1/1/2016
54001,0.490385,16,1/1/2016
54003,0.708189,16,1/1/2016
54005,0.212464,16,1/1/2016
54007,0.561076,16,1/1/2016
54009,0.641419,16,1/1/2016
54011,0.526086,16,1/1/2016
54013,0.380483,16,1/1/2016
54015,0.342564,16,1/1/2016
54017,0.556661,16,1/1/2016
54019,0.331263,16,1/1/2016
54021,0.643278,16,1/1/2016
54023,0.566486,16,1/1/2016
54025,0.523771,16,1/1/2016
54027,0.410386,16,1/1/2016
54029,0.556645,16,1/1/2016
54031,0.595154,16,1/1/2016
54033,0.54564,16,1/1/2016
54035,0.580761,16,1/1/2016
54037,0.738436,16,1/1/2016
54039,0.533169,16,1/1/2016
54041,0.519503,16,1/1/2016
54043,0.228646,16,1/1/2016
54045,0.225066,16,1/1/2016
54047,0.208243,16,1/1/2016
54049,0.659539,16,1/1/2016
54051,0.686014,16,1/1/2016
54053,0.491724,16,1/1/2016
54055,0.335171,16,1/1/2016
54057,0.438885,16,1/1/2016
54059,0.157056,16,1/1/2016
54061,0.807765,16,1/1/2016
54063,0.309251,16,1/1/2016
54065,0.6428,16,1/1/2016
54067,0.481787,16,1/1/2016
54069,0.660837,16,1/1/2016
54071,0.485855,16,1/1/2016
54073,0.581634,16,1/1/2016
54075,0.443753,16,1/1/2016
54077,0.566215,16,1/1/2016
54079,0.735726,16,1/1/2016
54081,0.475982,16,1/1/2016
54083,0.574627,16,1/1/2016
54085,0.550616,16,1/1/2016
54087,0.431088,16,1/1/2016
54089,0.353272,16,1/1/2016
54091,0.493538,16,1/1/2016
54093,0.517322,16,1/1/2016
54095,0.578698,16,1/1/2016
54097,0.664104,16,1/1/2016
54099,0.394838,16,1/1/2016
54101,0.414185,16,1/1/2016
54103,0.597057,16,1/1/2016
54105,0.444043,16,1/1/2016
54107,0.567617,16,1/1/2016
54109,0.09078,16,1/1/2016
55001,0.514115,16,1/1/2016
55003,0.666164,16,1/1/2016
55005,0.714119,16,1/1/2016
55007,0.643718,16,1/1/2016
55009,0.80488,16,1/1/2016
55011,0.796914,16,1/1/2016
55013,0.611973,16,1/1/2016
55015,0.862045,16,1/1/2016
55017,0.753068,16,1/1/2016
55019,0.806885,16,1/1/2016
55021,0.807925,16,1/1/2016
55023,0.669355,16,1/1/2016
55025,0.869833,16,1/1/2016
55027,0.80569,16,1/1/2016
55029,0.731416,16,1/1/2016
55031,0.686697,16,1/1/2016
55033,0.789856,16,1/1/2016
55035,0.755829,16,1/1/2016
55037,0.560425,16,1/1/2016
55039,0.791609,16,1/1/2016
55041,0.585801,16,1/1/2016
55043,0.791835,16,1/1/2016
55045,0.766406,16,1/1/2016
55047,0.751997,16,1/1/2016
55049,0.758755,16,1/1/2016
55051,0.622946,16,1/1/2016
55053,0.740441,16,1/1/2016
55055,0.813516,16,1/1/2016
55057,0.6371,16,1/1/2016
55059,0.769603,16,1/1/2016
55061,0.74002,16,1/1/2016
55063,0.793018,16,1/1/2016
55065,0.796123,16,1/1/2016
55067,0.580608,16,1/1/2016
55069,0.747444,16,1/1/2016
55071,0.76478,16,1/1/2016
55073,0.791293,16,1/1/2016
55075,0.637304,16,1/1/2016
55077,0.635694,16,1/1/2016
55078,0.691934,16,1/1/2016
55079,0.728786,16,1/1/2016
55081,0.737948,16,1/1/2016
55083,0.746494,16,1/1/2016
55085,0.68706,16,1/1/2016
55087,0.834438,16,1/1/2016
55089,0.862819,16,1/1/2016
55091,0.782584,16,1/1/2016
55093,0.850849,16,1/1/2016
55095,0.748707,16,1/1/2016
55097,0.788995,16,1/1/2016
55099,0.661257,16,1/1/2016
55101,0.742452,16,1/1/2016
55103,0.725792,16,1/1/2016
55105,0.694577,16,1/1/2016
55107,0.621345,16,1/1/2016
55109,0.86508,16,1/1/2016
55111,0.737728,16,1/1/2016
55113,0.67332,16,1/1/2016
55115,0.759794,16,1/1/2016
55117,0.817278,16,1/1/2016
55119,0.753371,16,1/1/2016
55121,0.802923,16,1/1/2016
55123,0.780592,16,1/1/2016
55125,0.617574,16,1/1/2016
55127,0.780123,16,1/1/2016
55129,0.659667,16,1/1/2016
55131,0.829551,16,1/1/2016
55133,0.835021,16,1/1/2016
55135,0.71468,16,1/1/2016
55137,0.675303,16,1/1/2016
55139,0.79838,16,1/1/2016
55141,0.745564,16,1/1/2016
56001,0.848063,16,1/1/2016
56003,0.636858,16,1/1/2016
56005,0.870993,16,1/1/2016
56007,0.772931,16,1/1/2016
56009,0.65091,16,1/1/2016
56011,0.820022,16,1/1/2016
56013,0.696917,16,1/1/2016
56015,0.705594,16,1/1/2016
56017,0.638844,16,1/1/2016
56019,0.726908,16,1/1/2016
56021,0.760072,16,1/1/2016
56023,0.771076,16,1/1/2016
56025,0.706296,16,1/1/2016
56027,0.616101,16,1/1/2016
56029,0.768127,16,1/1/2016
56031,0.573425,16,1/1/2016
56033,0.706155,16,1/1/2016
56035,0.748509,16,1/1/2016
56037,0.782326,16,1/1/2016
56039,0.949434,16,1/1/2016
56041,0.687774,16,1/1/2016
56043,0.555809,16,1/1/2016
56045,0.723067,16,1/1/2016
1001,0.568647,16,1/1/2016
1003,0.710612,16,1/1/2016
1005,0.539054,16,1/1/2016
1007,0.719063,16,1/1/2016
1009,0.676578,16,1/1/2016
1011,0.608693,16,1/1/2016
1013,0.537568,16,1/1/2016
1015,0.505011,16,1/1/2016
1017,0.589744,16,1/1/2016
1019,0.473441,16,1/1/2016
1021,0.612792,16,1/1/2016
1023,0.319088,16,1/1/2016
1025,0.650588,16,1/1/2016
1027,0.634725,16,1/1/2016
1029,0.456718,16,1/1/2016
1031,0.589225,16,1/1/2016
1033,0.529121,16,1/1/2016
1035,0.46836,16,1/1/2016
1037,0.459868,16,1/1/2016
1039,0.484312,16,1/1/2016
1041,0.534365,16,1/1/2016
1043,0.653476,16,1/1/2016
1045,0.514313,16,1/1/2016
1047,0.578038,16,1/1/2016
1049,0.662829,16,1/1/2016
1051,0.628445,16,1/1/2016
1053,0.547556,16,1/1/2016
1055,0.522892,16,1/1/2016
1057,0.282868,16,1/1/2016
1059,0.547403,16,1/1/2016
1061,0.455306,16,1/1/2016
1063,0.319276,16,1/1/2016
1065,0.480365,16,1/1/2016
1067,0.528757,16,1/1/2016
1069,0.588268,16,1/1/2016
1071,0.58829,16,1/1/2016
1073,0.674892,16,1/1/2016
1075,0.417134,16,1/1/2016
1077,0.655121,16,1/1/2016
1079,0.50064,16,1/1/2016
1081,0.76273,16,1/1/2016
1083,0.682288,16,1/1/2016
1085,0.412021,16,1/1/2016
1087,0.603293,16,1/1/2016
1089,0.745621,16,1/1/2016
1091,0.400624,16,1/1/2016
1093,0.371513,16,1/1/2016
1095,0.617109,16,1/1/2016
1097,0.673604,16,1/1/2016
1099,0.728872,16,1/1/2016
1101,0.640626,16,1/1/2016
1103,0.606975,16,1/1/2016
1105,0.337065,16,1/1/2016
1107,0.391619,16,1/1/2016
1109,0.629997,16,1/1/2016
1111,0.652781,16,1/1/2016
1113,0.610029,16,1/1/2016
1115,0.614756,16,1/1/2016
1117,0.789218,16,1/1/2016
1119,0.517408,16,1/1/2016
1121,0.567732,16,1/1/2016
1123,0.582033,16,1/1/2016
1125,0.76908,16,1/1/2016
1127,0.351891,16,1/1/2016
1129,0.391313,16,1/1/2016
1131,0.572848,16,1/1/2016
1133,0.343099,16,1/1/2016
2013,0.900886,16,1/1/2016
2016,0.905575,16,1/1/2016
2020,0.823631,16,1/1/2016
2050,0.831349,16,1/1/2016
2060,0.745551,16,1/1/2016
2068,0.858729,16,1/1/2016
2070,0.74754,16,1/1/2016
2090,0.838898,16,1/1/2016
2100,0.640071,16,1/1/2016
2105,0.639899,16,1/1/2016
2110,0.841668,16,1/1/2016
2122,0.706398,16,1/1/2016
2130,0.714769,16,1/1/2016
2150,0.790034,16,1/1/2016
2164,0.795814,16,1/1/2016
2170,0.769256,16,1/1/2016
2180,0.812987,16,1/1/2016
2185,0.84696,16,1/1/2016
2188,0.82052,16,1/1/2016
2195,0.712375,16,1/1/2016
2198,0.607115,16,1/1/2016
2220,0.76376,16,1/1/2016
2230,0.871602,16,1/1/2016
2240,0.692266,16,1/1/2016
2261,0.789368,16,1/1/2016
2275,0.556099,16,1/1/2016
2282,0.886719,16,1/1/2016
2290,0.639912,16,1/1/2016
4001,0.683827,16,1/1/2016
4003,0.657588,16,1/1/2016
4005,0.782173,16,1/1/2016
4007,0.455889,16,1/1/2016
4009,0.767034,16,1/1/2016
4011,0.728697,16,1/1/2016
4012,0.462928,16,1/1/2016
4013,0.806417,16,1/1/2016
4015,0.48326,16,1/1/2016
4017,0.589757,16,1/1/2016
4019,0.689706,16,1/1/2016
4021,0.721482,16,1/1/2016
4023,0.778159,16,1/1/2016
4025,0.561213,16,1/1/2016
4027,0.791265,16,1/1/2016
5001,0.418808,16,1/1/2016
5003,0.4414,16,1/1/2016
5005,0.46997,16,1/1/2016
5007,0.853046,16,1/1/2016
5009,0.508144,16,1/1/2016
5011,0.41364,16,1/1/2016
5013,0.23351,16,1/1/2016
5015,0.604402,16,1/1/2016
5017,0.415473,16,1/1/2016
5019,0.548605,16,1/1/2016
5021,0.402148,16,1/1/2016
5023,0.573534,16,1/1/2016
5025,0.436567,16,1/1/2016
5027,0.568016,16,1/1/2016
5029,0.487682,16,1/1/2016
5031,0.59072,16,1/1/2016
5033,0.554879,16,1/1/2016
5035,0.595501,16,1/1/2016
5037,0.460432,16,1/1/2016
5039,0.414947,16,1/1/2016
5041,0.496047,16,1/1/2016
5043,0.47173,16,1/1/2016
5045,0.748936,16,1/1/2016
5047,0.525518,16,1/1/2016
5049,0.349073,16,1/1/2016
5051,0.542621,16,1/1/2016
5053,0.607,16,1/1/2016
5055,0.497937,16,1/1/2016
5057,0.514794,16,1/1/2016
5059,0.422796,16,1/1/2016
5061,0.603675,16,1/1/2016
5063,0.565873,16,1/1/2016
5065,0.478293,16,1/1/2016
5067,0.574283,16,1/1/2016
5069,0.567369,16,1/1/2016
5071,0.611135,16,1/1/2016
5073,0.406649,16,1/1/2016
5075,0.45566,16,1/1/2016
5077,0.424712,16,1/1/2016
5079,0.676776,16,1/1/2016
5081,0.501138,16,1/1/2016
5083,0.477991,16,1/1/2016
5085,0.704692,16,1/1/2016
5087,0.581723,16,1/1/2016
5089,0.385501,16,1/1/2016
5091,0.600063,16,1/1/2016
5093,0.503318,16,1/1/2016
5095,0.38955,16,1/1/2016
5097,0.246201,16,1/1/2016
5099,0.407934,16,1/1/2016
5101,0.449073,16,1/1/2016
5103,0.527268,16,1/1/2016
5105,0.448838,16,1/1/2016
5107,0.428598,16,1/1/2016
5109,0.294657,16,1/1/2016
5111,0.417581,16,1/1/2016
5113,0.374943,16,1/1/2016
5115,0.659832,16,1/1/2016
5117,0.439083,16,1/1/2016
5119,0.71139,16,1/1/2016
5121,0.500682,16,1/1/2016
5123,0.589209,16,1/1/2016
5125,0.62103,16,1/1/2016
5127,0.566368,16,1/1/2016
5129,0.439044,16,1/1/2016
5131,0.57047,16,1/1/2016
5133,0.743498,16,1/1/2016
5135,0.449354,16,1/1/2016
5137,0.400698,16,1/1/2016
5139,0.556122,16,1/1/2016
5141,0.448678,16,1/1/2016
5143,0.820561,16,1/1/2016
5145,0.637422,16,1/1/2016
5147,0.378316,16,1/1/2016
5149,0.509251,16,1/1/2016
6001,0.844783,16,1/1/2016
6003,0.402454,16,1/1/2016
6005,0.604749,16,1/1/2016
6007,0.604376,16,1/1/2016
6009,0.508655,16,1/1/2016
6011,0.750543,16,1/1/2016
6013,0.798119,16,1/1/2016
6015,0.522528,16,1/1/2016
6017,0.730061,16,1/1/2016
6019,0.755054,16,1/1/2016
6021,0.590136,16,1/1/2016
6023,0.613966,16,1/1/2016
6025,0.71906,16,1/1/2016
6027,0.725209,16,1/1/2016
6029,0.809161,16,1/1/2016
6031,0.825891,16,1/1/2016
6033,0.470301,16,1/1/2016
6035,0.737419,16,1/1/2016
6037,0.836134,16,1/1/2016
6039,0.763785,16,1/1/2016
6041,0.865918,16,1/1/2016
6043,0.586391,16,1/1/2016
6045,0.615865,16,1/1/2016
6047,0.666368,16,1/1/2016
6049,0.531371,16,1/1/2016
6051,0.927737,16,1/1/2016
6053,0.867802,16,1/1/2016
6055,0.800325,16,1/1/2016
6057,0.68252,16,1/1/2016
6059,0.877735,16,1/1/2016
6061,0.800194,16,1/1/2016
6063,0.499776,16,1/1/2016
6065,0.791287,16,1/1/2016
6067,0.747591,16,1/1/2016
6069,0.849306,16,1/1/2016
6071,0.809031,16,1/1/2016
6073,0.843619,16,1/1/2016
6075,0.812847,16,1/1/2016
6077,0.764713,16,1/1/2016
6079,0.804937,16,1/1/2016
6081,0.886499,16,1/1/2016
6083,0.843466,16,1/1/2016
6085,0.900602,16,1/1/2016
6087,0.830785,16,1/1/2016
6089,0.570445,16,1/1/2016
6091,0.56529,16,1/1/2016
6093,0.504236,16,1/1/2016
6095,0.774733,16,1/1/2016
6097,0.772622,16,1/1/2016
6099,0.724616,16,1/1/2016
6101,0.724176,16,1/1/2016
6103,0.518833,16,1/1/2016
6105,0.408619,16,1/1/2016
6107,0.763951,16,1/1/2016
6109,0.54666,16,1/1/2016
6111,0.81671,16,1/1/2016
6113,0.830131,16,1/1/2016
6115,0.625675,16,1/1/2016
8001,0.81678,16,1/1/2016
8003,0.556227,16,1/1/2016
8005,0.860524,16,1/1/2016
8007,0.675051,16,1/1/2016
8009,0.388,16,1/1/2016
8011,0.576575,16,1/1/2016
8013,0.886104,16,1/1/2016
8014,0.881845,16,1/1/2016
8015,0.673881,16,1/1/2016
8017,0.695712,16,1/1/2016
8019,0.849421,16,1/1/2016
8021,0.464732,16,1/1/2016
8023,0.14484,16,1/1/2016
8025,0.575979,16,1/1/2016
8027,0.583557,16,1/1/2016
8029,0.564825,16,1/1/2016
8031,0.850613,16,1/1/2016
8033,0.437275,16,1/1/2016
8035,0.949405,16,1/1/2016
8037,1,16,1/1/2016
8039,0.809541,16,1/1/2016
8041,0.789674,16,1/1/2016
8043,0.673298,16,1/1/2016
8045,0.879517,16,1/1/2016
8047,0.870693,16,1/1/2016
8049,0.992938,16,1/1/2016
8051,0.91613,16,1/1/2016
8053,0.46302,16,1/1/2016
8055,0.392973,16,1/1/2016
8057,0.896847,16,1/1/2016
8059,0.842596,16,1/1/2016
8061,0.606436,16,1/1/2016
8063,0.678701,16,1/1/2016
8065,0.837702,16,1/1/2016
8067,0.874254,16,1/1/2016
8069,0.841678,16,1/1/2016
8071,0.556855,16,1/1/2016
8073,0.761557,16,1/1/2016
8075,0.692145,16,1/1/2016
8077,0.696652,16,1/1/2016
8079,0.484962,16,1/1/2016
8081,0.827128,16,1/1/2016
8083,0.651193,16,1/1/2016
8085,0.6143,16,1/1/2016
8087,0.783926,16,1/1/2016
8089,0.510344,16,1/1/2016
8091,0.825432,16,1/1/2016
8093,0.818036,16,1/1/2016
8095,0.737588,16,1/1/2016
8097,0.977994,16,1/1/2016
8099,0.535464,16,1/1/2016
8101,0.572727,16,1/1/2016
8103,0.838955,16,1/1/2016
8105,0.656492,16,1/1/2016
8107,0.966138,16,1/1/2016
8109,0.618735,16,1/1/2016
8111,0.755554,16,1/1/2016
8113,0.852749,16,1/1/2016
8115,0.687659,16,1/1/2016
8117,0.945353,16,1/1/2016
8119,0.712974,16,1/1/2016
8121,0.734384,16,1/1/2016
8123,0.826535,16,1/1/2016
8125,0.766976,16,1/1/2016
9001,0.863212,16,1/1/2016
9003,0.777382,16,1/1/2016
9005,0.819302,16,1/1/2016
9007,0.82453,16,1/1/2016
9009,0.790388,16,1/1/2016
9011,0.758184,16,1/1/2016
9013,0.841515,16,1/1/2016
9015,0.718298,16,1/1/2016
