fips,measure,indicator,date
01001,0.996,35,1/1/2015
01003,0.972,35,1/1/2015
01005,0.988,35,1/1/2015
01007,1,35,1/1/2015
01009,0.988,35,1/1/2015
01011,1,35,1/1/2015
01013,0.996,35,1/1/2015
01015,0.952,35,1/1/2015
01017,0.996,35,1/1/2015
01019,0.992,35,1/1/2015
01021,0.992,35,1/1/2015
01023,1,35,1/1/2015
01025,0.992,35,1/1/2015
01027,0.996,35,1/1/2015
01029,0.988,35,1/1/2015
01031,0.984,35,1/1/2015
01033,0.964,35,1/1/2015
01035,0.992,35,1/1/2015
01037,1,35,1/1/2015
01039,0.976,35,1/1/2015
01041,1,35,1/1/2015
01043,0.98,35,1/1/2015
01045,0.976,35,1/1/2015
01047,0.988,35,1/1/2015
01049,0.984,35,1/1/2015
01051,0.988,35,1/1/2015
01053,0.992,35,1/1/2015
01055,0.976,35,1/1/2015
01057,1,35,1/1/2015
01059,0.984,35,1/1/2015
01061,0.984,35,1/1/2015
01063,0.996,35,1/1/2015
01065,0.996,35,1/1/2015
01067,1,35,1/1/2015
01069,0.98,35,1/1/2015
01071,0.984,35,1/1/2015
01073,0.884,35,1/1/2015
01075,1,35,1/1/2015
01077,0.98,35,1/1/2015
01079,0.992,35,1/1/2015
01081,0.972,35,1/1/2015
01083,0.98,35,1/1/2015
01085,0.996,35,1/1/2015
01087,0.996,35,1/1/2015
01089,0.964,35,1/1/2015
01091,0.988,35,1/1/2015
01093,0.992,35,1/1/2015
01095,0.968,35,1/1/2015
01097,0.956,35,1/1/2015
01099,0.992,35,1/1/2015
01101,0.968,35,1/1/2015
01103,0.964,35,1/1/2015
01105,0.996,35,1/1/2015
01107,0.988,35,1/1/2015
01109,0.988,35,1/1/2015
01111,0.992,35,1/1/2015
01113,0.992,35,1/1/2015
01115,0.988,35,1/1/2015
01117,0.988,35,1/1/2015
01119,0.996,35,1/1/2015
01121,0.984,35,1/1/2015
01123,0.984,35,1/1/2015
01125,0.976,35,1/1/2015
01127,0.988,35,1/1/2015
01129,1,35,1/1/2015
01131,1,35,1/1/2015
01133,0.992,35,1/1/2015
02013,0.996,35,1/1/2015
02016,0.992,35,1/1/2015
02020,0.988,35,1/1/2015
02050,0.996,35,1/1/2015
02060,1,35,1/1/2015
02068,1,35,1/1/2015
02070,0.992,35,1/1/2015
02090,0.988,35,1/1/2015
02100,1,35,1/1/2015
,1.004,35,1/1/2015
02110,0.996,35,1/1/2015
02122,0.98,35,1/1/2015
02130,0.992,35,1/1/2015
02150,0.988,35,1/1/2015
02158,0.984,35,1/1/2015
02164,1,35,1/1/2015
02170,0.992,35,1/1/2015
02180,0.988,35,1/1/2015
02185,0.992,35,1/1/2015
02188,0.992,35,1/1/2015
,1.004,35,1/1/2015
,1.004,35,1/1/2015
02220,0.996,35,1/1/2015
02230,1,35,1/1/2015
,1.004,35,1/1/2015
02261,0.988,35,1/1/2015
,1.004,35,1/1/2015
02282,1,35,1/1/2015
02290,0.992,35,1/1/2015
04001,0.956,35,1/1/2015
04003,0.908,35,1/1/2015
04005,0.948,35,1/1/2015
04007,0.944,35,1/1/2015
04009,0.96,35,1/1/2015
04011,0.98,35,1/1/2015
04012,0.972,35,1/1/2015
04013,0.664,35,1/1/2015
04015,0.928,35,1/1/2015
04017,0.936,35,1/1/2015
04019,0.896,35,1/1/2015
04021,0.876,35,1/1/2015
04023,0.968,35,1/1/2015
04025,0.876,35,1/1/2015
04027,0.948,35,1/1/2015
05001,0.992,35,1/1/2015
05003,0.992,35,1/1/2015
05005,0.984,35,1/1/2015
05007,0.936,35,1/1/2015
05009,0.96,35,1/1/2015
05011,0.988,35,1/1/2015
05013,1,35,1/1/2015
05015,0.98,35,1/1/2015
05017,0.988,35,1/1/2015
05019,0.984,35,1/1/2015
05021,0.984,35,1/1/2015
05023,0.976,35,1/1/2015
05025,0.996,35,1/1/2015
05027,0.988,35,1/1/2015
05029,0.976,35,1/1/2015
05031,0.936,35,1/1/2015
05033,0.972,35,1/1/2015
05035,0.972,35,1/1/2015
05037,0.992,35,1/1/2015
05039,1,35,1/1/2015
05041,0.992,35,1/1/2015
05043,0.988,35,1/1/2015
05045,0.96,35,1/1/2015
05047,0.98,35,1/1/2015
05049,0.988,35,1/1/2015
05051,0.956,35,1/1/2015
05053,0.992,35,1/1/2015
05055,0.976,35,1/1/2015
05057,0.98,35,1/1/2015
05059,0.972,35,1/1/2015
05061,0.988,35,1/1/2015
05063,0.964,35,1/1/2015
05065,0.98,35,1/1/2015
05067,0.988,35,1/1/2015
05069,0.964,35,1/1/2015
05071,0.984,35,1/1/2015
05073,1,35,1/1/2015
05075,0.976,35,1/1/2015
05077,1,35,1/1/2015
05079,1,35,1/1/2015
05081,0.988,35,1/1/2015
05083,0.988,35,1/1/2015
05085,0.96,35,1/1/2015
05087,0.992,35,1/1/2015
05089,0.992,35,1/1/2015
05091,0.972,35,1/1/2015
05093,0.956,35,1/1/2015
05095,0.996,35,1/1/2015
05097,0.992,35,1/1/2015
05099,0.992,35,1/1/2015
05101,0.988,35,1/1/2015
05103,0.98,35,1/1/2015
05105,0.996,35,1/1/2015
05107,0.98,35,1/1/2015
05109,0.988,35,1/1/2015
05111,0.976,35,1/1/2015
05113,0.984,35,1/1/2015
05115,0.96,35,1/1/2015
05117,0.992,35,1/1/2015
05119,0.82,35,1/1/2015
05121,0.996,35,1/1/2015
05123,0.98,35,1/1/2015
05125,0.96,35,1/1/2015
05127,1,35,1/1/2015
05129,0.996,35,1/1/2015
05131,0.956,35,1/1/2015
05133,0.988,35,1/1/2015
05135,0.984,35,1/1/2015
05137,1,35,1/1/2015
05139,0.972,35,1/1/2015
05141,0.984,35,1/1/2015
05143,0.94,35,1/1/2015
05145,0.936,35,1/1/2015
05147,0.988,35,1/1/2015
05149,0.984,35,1/1/2015
06001,0.792,35,1/1/2015
06003,0.996,35,1/1/2015
06005,0.992,35,1/1/2015
06007,0.924,35,1/1/2015
06009,0.984,35,1/1/2015
06011,0.984,35,1/1/2015
06013,0.88,35,1/1/2015
06015,0.996,35,1/1/2015
06017,0.928,35,1/1/2015
06019,0.804,35,1/1/2015
06021,0.968,35,1/1/2015
06023,0.868,35,1/1/2015
06025,0.908,35,1/1/2015
06027,0.968,35,1/1/2015
06029,0.74,35,1/1/2015
06031,0.932,35,1/1/2015
06033,0.968,35,1/1/2015
06035,0.948,35,1/1/2015
06037,0.424,35,1/1/2015
06039,0.96,35,1/1/2015
06041,0.9,35,1/1/2015
06043,0.996,35,1/1/2015
06045,0.944,35,1/1/2015
06047,0.884,35,1/1/2015
06049,0.988,35,1/1/2015
06051,0.988,35,1/1/2015
06053,0.872,35,1/1/2015
06055,0.976,35,1/1/2015
06057,0.94,35,1/1/2015
06059,0.74,35,1/1/2015
06061,0.896,35,1/1/2015
06063,0.992,35,1/1/2015
06065,0.804,35,1/1/2015
06067,0.84,35,1/1/2015
06069,0.952,35,1/1/2015
06071,0.736,35,1/1/2015
06073,0.7,35,1/1/2015
06075,0.964,35,1/1/2015
06077,0.908,35,1/1/2015
06079,0.944,35,1/1/2015
06081,0.868,35,1/1/2015
06083,0.86,35,1/1/2015
06085,0.816,35,1/1/2015
06087,0.94,35,1/1/2015
06089,0.88,35,1/1/2015
06091,0.992,35,1/1/2015
06093,0.892,35,1/1/2015
06095,0.964,35,1/1/2015
06097,0.824,35,1/1/2015
06099,0.848,35,1/1/2015
06101,0.944,35,1/1/2015
06103,0.944,35,1/1/2015
06105,0.956,35,1/1/2015
06107,0.792,35,1/1/2015
06109,0.952,35,1/1/2015
06111,0.896,35,1/1/2015
06113,0.972,35,1/1/2015
06115,0.972,35,1/1/2015
08001,0.884,35,1/1/2015
08003,0.988,35,1/1/2015
08005,0.848,35,1/1/2015
08007,0.996,35,1/1/2015
08009,0.976,35,1/1/2015
08011,0.992,35,1/1/2015
08013,0.96,35,1/1/2015
08014,0.98,35,1/1/2015
08015,0.988,35,1/1/2015
08017,0.992,35,1/1/2015
08019,0.992,35,1/1/2015
08021,0.988,35,1/1/2015
08023,0.992,35,1/1/2015
08025,0.996,35,1/1/2015
08027,0.996,35,1/1/2015
08029,0.988,35,1/1/2015
08031,0.952,35,1/1/2015
08033,0.996,35,1/1/2015
08035,0.932,35,1/1/2015
08037,0.98,35,1/1/2015
08039,0.976,35,1/1/2015
08041,0.876,35,1/1/2015
08043,0.984,35,1/1/2015
08045,0.968,35,1/1/2015
08047,0.984,35,1/1/2015
08049,0.984,35,1/1/2015
08051,0.996,35,1/1/2015
08053,0.996,35,1/1/2015
08055,0.988,35,1/1/2015
08057,0.996,35,1/1/2015
08059,0.948,35,1/1/2015
08061,0.992,35,1/1/2015
08063,0.976,35,1/1/2015
08065,0.988,35,1/1/2015
08067,0.976,35,1/1/2015
08069,0.928,35,1/1/2015
08071,0.976,35,1/1/2015
08073,0.984,35,1/1/2015
08075,0.984,35,1/1/2015
08077,0.976,35,1/1/2015
08079,0.996,35,1/1/2015
08081,0.996,35,1/1/2015
08083,0.984,35,1/1/2015
08085,0.984,35,1/1/2015
08087,0.984,35,1/1/2015
08089,0.968,35,1/1/2015
08091,0.992,35,1/1/2015
08093,0.992,35,1/1/2015
08095,0.988,35,1/1/2015
08097,0.98,35,1/1/2015
08099,0.964,35,1/1/2015
08101,0.968,35,1/1/2015
08103,0.984,35,1/1/2015
08105,0.988,35,1/1/2015
08107,0.98,35,1/1/2015
08109,0.988,35,1/1/2015
08111,0.996,35,1/1/2015
08113,0.984,35,1/1/2015
08115,0.992,35,1/1/2015
08117,0.992,35,1/1/2015
08119,0.988,35,1/1/2015
08121,0.98,35,1/1/2015
08123,0.896,35,1/1/2015
08125,0.984,35,1/1/2015
09001,0.828,35,1/1/2015
09003,0.844,35,1/1/2015
09005,0.912,35,1/1/2015
09007,0.932,35,1/1/2015
09009,0.84,35,1/1/2015
09011,0.916,35,1/1/2015
09013,0.956,35,1/1/2015
09015,0.956,35,1/1/2015
10001,0.852,35,1/1/2015
10003,0.884,35,1/1/2015
10005,0.704,35,1/1/2015
11001,0.996,35,1/1/2015
12001,0.976,35,1/1/2015
12003,0.996,35,1/1/2015
12005,0.98,35,1/1/2015
12007,0.992,35,1/1/2015
12009,0.968,35,1/1/2015
12011,0.908,35,1/1/2015
12013,0.996,35,1/1/2015
12015,0.992,35,1/1/2015
12017,0.996,35,1/1/2015
12019,0.984,35,1/1/2015
12021,0.968,35,1/1/2015
12023,0.992,35,1/1/2015
12027,0.992,35,1/1/2015
12029,0.996,35,1/1/2015
12031,0.98,35,1/1/2015
12033,0.976,35,1/1/2015
12035,0.992,35,1/1/2015
12037,0.996,35,1/1/2015
12039,0.996,35,1/1/2015
12041,0.996,35,1/1/2015
12043,0.996,35,1/1/2015
12045,0.996,35,1/1/2015
12047,0.996,35,1/1/2015
12049,0.996,35,1/1/2015
12051,0.992,35,1/1/2015
12053,0.992,35,1/1/2015
12055,0.992,35,1/1/2015
12057,0.944,35,1/1/2015
12059,0.992,35,1/1/2015
12061,0.992,35,1/1/2015
12063,0.988,35,1/1/2015
12065,0.996,35,1/1/2015
12067,0.996,35,1/1/2015
12069,0.984,35,1/1/2015
12071,0.94,35,1/1/2015
12073,0.968,35,1/1/2015
12075,0.996,35,1/1/2015
12077,0.996,35,1/1/2015
12079,0.992,35,1/1/2015
12081,0.972,35,1/1/2015
12083,0.984,35,1/1/2015
12085,0.996,35,1/1/2015
12086,0.916,35,1/1/2015
12087,0.976,35,1/1/2015
12089,0.996,35,1/1/2015
12091,0.984,35,1/1/2015
12093,0.992,35,1/1/2015
12095,0.944,35,1/1/2015
12097,0.976,35,1/1/2015
12099,0.912,35,1/1/2015
12101,0.988,35,1/1/2015
12103,0.94,35,1/1/2015
12105,0.98,35,1/1/2015
12107,0.988,35,1/1/2015
12109,0.976,35,1/1/2015
12111,0.972,35,1/1/2015
12113,0.996,35,1/1/2015
12115,0.96,35,1/1/2015
12117,0.984,35,1/1/2015
12119,0.98,35,1/1/2015
12121,0.996,35,1/1/2015
12123,0.996,35,1/1/2015
12125,0.996,35,1/1/2015
12127,0.96,35,1/1/2015
12129,0.992,35,1/1/2015
12131,0.996,35,1/1/2015
12133,0.996,35,1/1/2015
13001,0.996,35,1/1/2015
13003,1,35,1/1/2015
13005,0.996,35,1/1/2015
13007,1,35,1/1/2015
13009,0.984,35,1/1/2015
13011,0.996,35,1/1/2015
13013,0.992,35,1/1/2015
13015,0.988,35,1/1/2015
13017,0.992,35,1/1/2015
13019,1,35,1/1/2015
13021,0.98,35,1/1/2015
13023,1,35,1/1/2015
13025,1,35,1/1/2015
13027,1,35,1/1/2015
13029,0.992,35,1/1/2015
13031,0.988,35,1/1/2015
13033,0.996,35,1/1/2015
13035,0.996,35,1/1/2015
13037,0.996,35,1/1/2015
13039,0.992,35,1/1/2015
13043,0.996,35,1/1/2015
13045,0.984,35,1/1/2015
13047,0.996,35,1/1/2015
13049,1,35,1/1/2015
13051,0.976,35,1/1/2015
13053,1,35,1/1/2015
13055,0.988,35,1/1/2015
13057,0.988,35,1/1/2015
13059,0.98,35,1/1/2015
13061,1,35,1/1/2015
13063,0.98,35,1/1/2015
13065,1,35,1/1/2015
13067,0.952,35,1/1/2015
13069,1,35,1/1/2015
13071,0.992,35,1/1/2015
13073,0.992,35,1/1/2015
13075,1,35,1/1/2015
13077,0.984,35,1/1/2015
13079,1,35,1/1/2015
13081,0.992,35,1/1/2015
13083,1,35,1/1/2015
13085,0.996,35,1/1/2015
13087,0.992,35,1/1/2015
13089,0.964,35,1/1/2015
13091,0.988,35,1/1/2015
13093,0.996,35,1/1/2015
13095,0.984,35,1/1/2015
13097,0.988,35,1/1/2015
13099,0.996,35,1/1/2015
13101,1,35,1/1/2015
13103,0.996,35,1/1/2015
13105,0.992,35,1/1/2015
13107,0.996,35,1/1/2015
13109,1,35,1/1/2015
13111,0.996,35,1/1/2015
13113,0.992,35,1/1/2015
13115,0.98,35,1/1/2015
13117,0.996,35,1/1/2015
13119,0.996,35,1/1/2015
13121,0.92,35,1/1/2015
13123,0.996,35,1/1/2015
13125,1,35,1/1/2015
13127,0.976,35,1/1/2015
13129,0.988,35,1/1/2015
13131,1,35,1/1/2015
13133,1,35,1/1/2015
13135,0.956,35,1/1/2015
13137,0.988,35,1/1/2015
13139,0.976,35,1/1/2015
13141,0.996,35,1/1/2015
13143,0.996,35,1/1/2015
13145,1,35,1/1/2015
13147,1,35,1/1/2015
13149,0.996,35,1/1/2015
13151,0.98,35,1/1/2015
13153,0.988,35,1/1/2015
13155,0.996,35,1/1/2015
13157,0.984,35,1/1/2015
13159,0.996,35,1/1/2015
13161,0.996,35,1/1/2015
13163,0.996,35,1/1/2015
13165,1,35,1/1/2015
13167,1,35,1/1/2015
13169,0.996,35,1/1/2015
13171,0.996,35,1/1/2015
13173,0.996,35,1/1/2015
13175,0.984,35,1/1/2015
13177,1,35,1/1/2015
13179,0.988,35,1/1/2015
13181,1,35,1/1/2015
13183,1,35,1/1/2015
13185,0.98,35,1/1/2015
13187,1,35,1/1/2015
13189,0.996,35,1/1/2015
13191,1,35,1/1/2015
13193,1,35,1/1/2015
13195,0.996,35,1/1/2015
13197,1,35,1/1/2015
13199,0.988,35,1/1/2015
13201,1,35,1/1/2015
13205,0.988,35,1/1/2015
13207,0.996,35,1/1/2015
13209,1,35,1/1/2015
13211,1,35,1/1/2015
13213,1,35,1/1/2015
13215,0.98,35,1/1/2015
13217,0.984,35,1/1/2015
13219,0.996,35,1/1/2015
13221,1,35,1/1/2015
13223,0.996,35,1/1/2015
13225,0.984,35,1/1/2015
13227,0.992,35,1/1/2015
13229,1,35,1/1/2015
13231,1,35,1/1/2015
13233,1,35,1/1/2015
13235,1,35,1/1/2015
13237,0.996,35,1/1/2015
13239,1,35,1/1/2015
13241,0.996,35,1/1/2015
13243,0.996,35,1/1/2015
13245,0.98,35,1/1/2015
13247,0.996,35,1/1/2015
13249,1,35,1/1/2015
13251,0.996,35,1/1/2015
13253,0.996,35,1/1/2015
13255,0.98,35,1/1/2015
13257,0.992,35,1/1/2015
13259,0.996,35,1/1/2015
13261,0.988,35,1/1/2015
13263,0.996,35,1/1/2015
13265,1,35,1/1/2015
13267,0.996,35,1/1/2015
13269,1,35,1/1/2015
13271,1,35,1/1/2015
13273,1,35,1/1/2015
13275,0.98,35,1/1/2015
13277,0.992,35,1/1/2015
13279,0.988,35,1/1/2015
13281,0.996,35,1/1/2015
13283,1,35,1/1/2015
13285,0.988,35,1/1/2015
13287,1,35,1/1/2015
13289,0.992,35,1/1/2015
13291,0.996,35,1/1/2015
13293,0.996,35,1/1/2015
13295,0.984,35,1/1/2015
13297,0.988,35,1/1/2015
13299,0.98,35,1/1/2015
13301,1,35,1/1/2015
13303,0.992,35,1/1/2015
13305,0.996,35,1/1/2015
13307,1,35,1/1/2015
13309,1,35,1/1/2015
13311,0.996,35,1/1/2015
13313,0.984,35,1/1/2015
13315,1,35,1/1/2015
13317,1,35,1/1/2015
13319,1,35,1/1/2015
13321,0.996,35,1/1/2015
15001,0.984,35,1/1/2015
15003,0.988,35,1/1/2015
,1.004,35,1/1/2015
15007,1,35,1/1/2015
15009,0.98,35,1/1/2015
16001,0.916,35,1/1/2015
16003,0.988,35,1/1/2015
16005,0.98,35,1/1/2015
16007,0.984,35,1/1/2015
16009,0.984,35,1/1/2015
16011,0.968,35,1/1/2015
16013,0.98,35,1/1/2015
16015,0.984,35,1/1/2015
16017,0.976,35,1/1/2015
16019,0.968,35,1/1/2015
16021,0.988,35,1/1/2015
16023,0.988,35,1/1/2015
16025,0.996,35,1/1/2015
16027,0.904,35,1/1/2015
16029,0.984,35,1/1/2015
16031,0.984,35,1/1/2015
16033,0.992,35,1/1/2015
16035,0.996,35,1/1/2015
16037,0.988,35,1/1/2015
16039,0.972,35,1/1/2015
16041,0.984,35,1/1/2015
16043,0.984,35,1/1/2015
16045,0.992,35,1/1/2015
16047,0.976,35,1/1/2015
16049,0.964,35,1/1/2015
16051,0.976,35,1/1/2015
16053,0.984,35,1/1/2015
16055,0.932,35,1/1/2015
16057,0.972,35,1/1/2015
16059,0.992,35,1/1/2015
16061,0.984,35,1/1/2015
16063,0.988,35,1/1/2015
16065,0.984,35,1/1/2015
16067,0.98,35,1/1/2015
16069,0.976,35,1/1/2015
16071,0.992,35,1/1/2015
16073,0.976,35,1/1/2015
16075,0.972,35,1/1/2015
16077,0.98,35,1/1/2015
16079,0.972,35,1/1/2015
16081,0.984,35,1/1/2015
16083,0.936,35,1/1/2015
16085,0.984,35,1/1/2015
16087,0.98,35,1/1/2015
17001,0.96,35,1/1/2015
17003,0.988,35,1/1/2015
17005,0.996,35,1/1/2015
17007,0.984,35,1/1/2015
17009,1,35,1/1/2015
17011,0.936,35,1/1/2015
17013,0.996,35,1/1/2015
17015,0.988,35,1/1/2015
17017,0.984,35,1/1/2015
17019,0.912,35,1/1/2015
17021,0.952,35,1/1/2015
17023,0.976,35,1/1/2015
17025,0.984,35,1/1/2015
17027,0.956,35,1/1/2015
17029,0.968,35,1/1/2015
17031,0,35,1/1/2015
17033,0.988,35,1/1/2015
17035,0.996,35,1/1/2015
17037,0.94,35,1/1/2015
17039,0.984,35,1/1/2015
17041,0.984,35,1/1/2015
17043,0.716,35,1/1/2015
17045,0.972,35,1/1/2015
17047,1,35,1/1/2015
17049,0.976,35,1/1/2015
17051,0.976,35,1/1/2015
17053,0.988,35,1/1/2015
17055,0.96,35,1/1/2015
17057,0.964,35,1/1/2015
17059,1,35,1/1/2015
17061,0.988,35,1/1/2015
17063,0.94,35,1/1/2015
17065,0.996,35,1/1/2015
17067,0.968,35,1/1/2015
17069,1,35,1/1/2015
17071,1,35,1/1/2015
17073,0.952,35,1/1/2015
17075,0.948,35,1/1/2015
17077,0.952,35,1/1/2015
17079,0.988,35,1/1/2015
17081,0.924,35,1/1/2015
17083,0.996,35,1/1/2015
17085,0.972,35,1/1/2015
17087,0.98,35,1/1/2015
17089,0.884,35,1/1/2015
17091,0.904,35,1/1/2015
17093,0.964,35,1/1/2015
17095,0.968,35,1/1/2015
17097,0.728,35,1/1/2015
17099,0.868,35,1/1/2015
17101,0.988,35,1/1/2015
17103,0.968,35,1/1/2015
17105,0.94,35,1/1/2015
17107,0.964,35,1/1/2015
17109,0.972,35,1/1/2015
17111,0.888,35,1/1/2015
17113,0.936,35,1/1/2015
17115,0.948,35,1/1/2015
17117,0.96,35,1/1/2015
17119,0.9,35,1/1/2015
17121,0.932,35,1/1/2015
17123,0.996,35,1/1/2015
17125,0.984,35,1/1/2015
17127,0.996,35,1/1/2015
17129,0.984,35,1/1/2015
17131,0.992,35,1/1/2015
17133,0.98,35,1/1/2015
17135,0.984,35,1/1/2015
17137,0.976,35,1/1/2015
17139,0.996,35,1/1/2015
17141,0.948,35,1/1/2015
17143,0.896,35,1/1/2015
17145,0.98,35,1/1/2015
17147,0.984,35,1/1/2015
17149,0.988,35,1/1/2015
17151,1,35,1/1/2015
17153,0.992,35,1/1/2015
17155,0.996,35,1/1/2015
17157,0.968,35,1/1/2015
17159,0.992,35,1/1/2015
17161,0.932,35,1/1/2015
17163,0.844,35,1/1/2015
17165,0.98,35,1/1/2015
17167,0.92,35,1/1/2015
17169,0.996,35,1/1/2015
17171,0.996,35,1/1/2015
17173,0.988,35,1/1/2015
17175,0.996,35,1/1/2015
17177,0.968,35,1/1/2015
17179,0.9,35,1/1/2015
17181,0.972,35,1/1/2015
17183,0.924,35,1/1/2015
17185,0.984,35,1/1/2015
17187,0.988,35,1/1/2015
17189,0.972,35,1/1/2015
17191,0.968,35,1/1/2015
17193,0.988,35,1/1/2015
17195,0.94,35,1/1/2015
17197,0.812,35,1/1/2015
17199,0.968,35,1/1/2015
17201,0.924,35,1/1/2015
17203,0.948,35,1/1/2015
18001,0.984,35,1/1/2015
18003,0.952,35,1/1/2015
18005,0.976,35,1/1/2015
18007,1,35,1/1/2015
18009,0.992,35,1/1/2015
18011,0.976,35,1/1/2015
18013,1,35,1/1/2015
18015,0.988,35,1/1/2015
18017,0.98,35,1/1/2015
18019,0.964,35,1/1/2015
18021,0.992,35,1/1/2015
18023,0.984,35,1/1/2015
18025,1,35,1/1/2015
18027,0.964,35,1/1/2015
18029,0.972,35,1/1/2015
18031,0.988,35,1/1/2015
18033,0.98,35,1/1/2015
18035,0.96,35,1/1/2015
18037,0.972,35,1/1/2015
18039,0.948,35,1/1/2015
18041,0.984,35,1/1/2015
18043,0.98,35,1/1/2015
18045,0.988,35,1/1/2015
18047,0.996,35,1/1/2015
18049,0.988,35,1/1/2015
18051,0.988,35,1/1/2015
18053,0.976,35,1/1/2015
18055,0.964,35,1/1/2015
18057,0.932,35,1/1/2015
18059,0.976,35,1/1/2015
18061,0.988,35,1/1/2015
18063,0.952,35,1/1/2015
18065,0.976,35,1/1/2015
18067,0.972,35,1/1/2015
18069,0.988,35,1/1/2015
18071,0.98,35,1/1/2015
18073,0.988,35,1/1/2015
18075,0.996,35,1/1/2015
18077,0.988,35,1/1/2015
18079,0.988,35,1/1/2015
18081,0.952,35,1/1/2015
18083,0.984,35,1/1/2015
18085,0.984,35,1/1/2015
18087,0.984,35,1/1/2015
18089,0.804,35,1/1/2015
18091,0.96,35,1/1/2015
18093,0.984,35,1/1/2015
18095,0.96,35,1/1/2015
18097,0.916,35,1/1/2015
18099,0.972,35,1/1/2015
18101,0.992,35,1/1/2015
18103,0.98,35,1/1/2015
18105,0.976,35,1/1/2015
18107,0.98,35,1/1/2015
18109,0.976,35,1/1/2015
18111,0.996,35,1/1/2015
18113,0.992,35,1/1/2015
18115,0.996,35,1/1/2015
18117,0.98,35,1/1/2015
18119,1,35,1/1/2015
18121,0.996,35,1/1/2015
18123,0.988,35,1/1/2015
18125,1,35,1/1/2015
18127,0.94,35,1/1/2015
18129,0.988,35,1/1/2015
18131,0.988,35,1/1/2015
18133,0.964,35,1/1/2015
18135,0.98,35,1/1/2015
18137,0.972,35,1/1/2015
18139,0.996,35,1/1/2015
18141,0.96,35,1/1/2015
18143,0.988,35,1/1/2015
18145,0.976,35,1/1/2015
18147,0.992,35,1/1/2015
18149,0.984,35,1/1/2015
18151,0.976,35,1/1/2015
18153,0.996,35,1/1/2015
18155,1,35,1/1/2015
18157,0.964,35,1/1/2015
18159,0.988,35,1/1/2015
18161,1,35,1/1/2015
18163,0.976,35,1/1/2015
18165,0.996,35,1/1/2015
18167,0.976,35,1/1/2015
18169,0.976,35,1/1/2015
18171,0.996,35,1/1/2015
18173,0.988,35,1/1/2015
18175,0.98,35,1/1/2015
18177,0.972,35,1/1/2015
18179,0.988,35,1/1/2015
18181,0.984,35,1/1/2015
18183,0.988,35,1/1/2015
19001,0.996,35,1/1/2015
19003,0.996,35,1/1/2015
19005,0.984,35,1/1/2015
19007,0.988,35,1/1/2015
19009,0.992,35,1/1/2015
19011,0.98,35,1/1/2015
19013,0.952,35,1/1/2015
19015,0.976,35,1/1/2015
19017,0.976,35,1/1/2015
19019,0.98,35,1/1/2015
19021,0.964,35,1/1/2015
19023,0.988,35,1/1/2015
19025,0.996,35,1/1/2015
19027,0.972,35,1/1/2015
19029,0.984,35,1/1/2015
19031,0.98,35,1/1/2015
19033,0.972,35,1/1/2015
19035,0.984,35,1/1/2015
19037,0.988,35,1/1/2015
19039,0.992,35,1/1/2015
19041,0.976,35,1/1/2015
19043,0.976,35,1/1/2015
19045,0.96,35,1/1/2015
19047,0.98,35,1/1/2015
19049,0.964,35,1/1/2015
19051,1,35,1/1/2015
19053,0.984,35,1/1/2015
19055,0.98,35,1/1/2015
19057,0.964,35,1/1/2015
19059,0.98,35,1/1/2015
19061,0.976,35,1/1/2015
19063,0.988,35,1/1/2015
19065,0.98,35,1/1/2015
19067,0.992,35,1/1/2015
19069,0.984,35,1/1/2015
19071,0.98,35,1/1/2015
19073,0.996,35,1/1/2015
19075,0.984,35,1/1/2015
19077,0.976,35,1/1/2015
19079,0.98,35,1/1/2015
19081,0.984,35,1/1/2015
19083,0.968,35,1/1/2015
19085,0.976,35,1/1/2015
19087,0.976,35,1/1/2015
19089,0.992,35,1/1/2015
19091,0.984,35,1/1/2015
19093,0.996,35,1/1/2015
19095,0.98,35,1/1/2015
19097,0.98,35,1/1/2015
19099,0.98,35,1/1/2015
19101,0.988,35,1/1/2015
19103,0.972,35,1/1/2015
19105,0.98,35,1/1/2015
19107,0.984,35,1/1/2015
19109,0.984,35,1/1/2015
19111,0.976,35,1/1/2015
19113,0.94,35,1/1/2015
19115,0.988,35,1/1/2015
19117,0.992,35,1/1/2015
19119,0.992,35,1/1/2015
19121,0.98,35,1/1/2015
19123,0.988,35,1/1/2015
19125,0.968,35,1/1/2015
19127,0.972,35,1/1/2015
19129,0.996,35,1/1/2015
19131,0.988,35,1/1/2015
19133,0.984,35,1/1/2015
19135,1,35,1/1/2015
19137,0.984,35,1/1/2015
19139,0.976,35,1/1/2015
19141,0.984,35,1/1/2015
19143,1,35,1/1/2015
19145,0.972,35,1/1/2015
19147,0.984,35,1/1/2015
19149,0.972,35,1/1/2015
19151,0.988,35,1/1/2015
19153,0.884,35,1/1/2015
19155,0.952,35,1/1/2015
19157,0.988,35,1/1/2015
19159,0.992,35,1/1/2015
19161,0.992,35,1/1/2015
19163,0.96,35,1/1/2015
19165,0.992,35,1/1/2015
19167,0.964,35,1/1/2015
19169,0.96,35,1/1/2015
19171,0.984,35,1/1/2015
19173,0.996,35,1/1/2015
19175,0.976,35,1/1/2015
19177,0.996,35,1/1/2015
19179,0.968,35,1/1/2015
19181,0.964,35,1/1/2015
19183,0.968,35,1/1/2015
19185,0.988,35,1/1/2015
19187,0.972,35,1/1/2015
19189,0.988,35,1/1/2015
19191,0.98,35,1/1/2015
19193,0.96,35,1/1/2015
19195,0.988,35,1/1/2015
19197,0.984,35,1/1/2015
20001,0.968,35,1/1/2015
20003,0.992,35,1/1/2015
20005,0.992,35,1/1/2015
20007,0.98,35,1/1/2015
20009,0.976,35,1/1/2015
20011,0.98,35,1/1/2015
20013,0.984,35,1/1/2015
20015,0.936,35,1/1/2015
20017,0.996,35,1/1/2015
20019,0.996,35,1/1/2015
20021,0.972,35,1/1/2015
20023,0.996,35,1/1/2015
20025,0.988,35,1/1/2015
20027,0.98,35,1/1/2015
20029,0.98,35,1/1/2015
20031,0.976,35,1/1/2015
20033,0.992,35,1/1/2015
20035,0.944,35,1/1/2015
20037,0.96,35,1/1/2015
20039,0.996,35,1/1/2015
20041,0.96,35,1/1/2015
20043,0.98,35,1/1/2015
20045,0.956,35,1/1/2015
20047,0.996,35,1/1/2015
20049,0.992,35,1/1/2015
20051,0.976,35,1/1/2015
20053,0.984,35,1/1/2015
20055,0.976,35,1/1/2015
20057,0.972,35,1/1/2015
20059,0.972,35,1/1/2015
20061,0.992,35,1/1/2015
20063,0.992,35,1/1/2015
20065,0.996,35,1/1/2015
20067,0.992,35,1/1/2015
20069,0.984,35,1/1/2015
20071,1,35,1/1/2015
20073,0.984,35,1/1/2015
20075,1,35,1/1/2015
20077,0.976,35,1/1/2015
20079,0.964,35,1/1/2015
20081,0.992,35,1/1/2015
20083,0.992,35,1/1/2015
20085,0.984,35,1/1/2015
20087,0.956,35,1/1/2015
20089,0.996,35,1/1/2015
20091,0.884,35,1/1/2015
20093,0.988,35,1/1/2015
20095,0.984,35,1/1/2015
20097,0.992,35,1/1/2015
20099,0.968,35,1/1/2015
20101,0.992,35,1/1/2015
20103,0.94,35,1/1/2015
20105,0.992,35,1/1/2015
20107,0.988,35,1/1/2015
20109,0.988,35,1/1/2015
20111,0.976,35,1/1/2015
20113,0.96,35,1/1/2015
20115,0.956,35,1/1/2015
20117,0.968,35,1/1/2015
20119,0.984,35,1/1/2015
20121,0.976,35,1/1/2015
20123,0.98,35,1/1/2015
20125,0.952,35,1/1/2015
20127,0.992,35,1/1/2015
20129,0.984,35,1/1/2015
20131,0.98,35,1/1/2015
20133,0.968,35,1/1/2015
20135,0.988,35,1/1/2015
20137,0.992,35,1/1/2015
20139,0.972,35,1/1/2015
20141,0.996,35,1/1/2015
20143,0.988,35,1/1/2015
20145,0.992,35,1/1/2015
20147,0.992,35,1/1/2015
20149,0.968,35,1/1/2015
20151,0.988,35,1/1/2015
20153,1,35,1/1/2015
20155,0.944,35,1/1/2015
20157,0.984,35,1/1/2015
20159,0.976,35,1/1/2015
20161,0.972,35,1/1/2015
20163,0.98,35,1/1/2015
20165,0.992,35,1/1/2015
20167,0.988,35,1/1/2015
20169,0.968,35,1/1/2015
20171,0.996,35,1/1/2015
20173,0.888,35,1/1/2015
20175,0.984,35,1/1/2015
20177,0.936,35,1/1/2015
20179,0.996,35,1/1/2015
20181,0.988,35,1/1/2015
20183,0.984,35,1/1/2015
20185,0.976,35,1/1/2015
20187,1,35,1/1/2015
20189,0.988,35,1/1/2015
20191,0.956,35,1/1/2015
20193,0.984,35,1/1/2015
20195,0.996,35,1/1/2015
20197,0.988,35,1/1/2015
20199,0.996,35,1/1/2015
20201,0.988,35,1/1/2015
20203,0.992,35,1/1/2015
20205,0.968,35,1/1/2015
20207,0.996,35,1/1/2015
20209,0.964,35,1/1/2015
21001,0.988,35,1/1/2015
21003,0.996,35,1/1/2015
21005,0.996,35,1/1/2015
21007,0.996,35,1/1/2015
21009,0.98,35,1/1/2015
21011,1,35,1/1/2015
21013,0.988,35,1/1/2015
21015,0.98,35,1/1/2015
21017,0.984,35,1/1/2015
21019,0.984,35,1/1/2015
21021,0.988,35,1/1/2015
21023,0.992,35,1/1/2015
21025,0.992,35,1/1/2015
21027,0.988,35,1/1/2015
21029,0.988,35,1/1/2015
21031,1,35,1/1/2015
21033,1,35,1/1/2015
21035,0.988,35,1/1/2015
21037,0.96,35,1/1/2015
21039,1,35,1/1/2015
21041,0.984,35,1/1/2015
21043,0.992,35,1/1/2015
21045,0.992,35,1/1/2015
21047,0.988,35,1/1/2015
21049,0.992,35,1/1/2015
21051,0.992,35,1/1/2015
21053,1,35,1/1/2015
21055,0.996,35,1/1/2015
21057,0.996,35,1/1/2015
21059,0.984,35,1/1/2015
21061,0.992,35,1/1/2015
21063,1,35,1/1/2015
21065,0.996,35,1/1/2015
21067,0.996,35,1/1/2015
21069,0.996,35,1/1/2015
21071,0.996,35,1/1/2015
21073,0.988,35,1/1/2015
21075,0.984,35,1/1/2015
21077,0.992,35,1/1/2015
21079,0.996,35,1/1/2015
21081,0.996,35,1/1/2015
21083,0.988,35,1/1/2015
21085,0.984,35,1/1/2015
21087,0.996,35,1/1/2015
21089,0.984,35,1/1/2015
21091,0.996,35,1/1/2015
21093,0.976,35,1/1/2015
21095,0.992,35,1/1/2015
21097,0.996,35,1/1/2015
21099,0.996,35,1/1/2015
21101,0.992,35,1/1/2015
21103,0.992,35,1/1/2015
21105,0.996,35,1/1/2015
21107,0.988,35,1/1/2015
21109,1,35,1/1/2015
21111,0.964,35,1/1/2015
21113,0.992,35,1/1/2015
21115,0.988,35,1/1/2015
21117,0.96,35,1/1/2015
21119,0.996,35,1/1/2015
21121,0.988,35,1/1/2015
21123,1,35,1/1/2015
21125,0.984,35,1/1/2015
21127,0.996,35,1/1/2015
21129,0.996,35,1/1/2015
21131,0.996,35,1/1/2015
21133,0.992,35,1/1/2015
21135,0.996,35,1/1/2015
21137,0.988,35,1/1/2015
21139,0.996,35,1/1/2015
21141,0.988,35,1/1/2015
21143,0.996,35,1/1/2015
21145,0.98,35,1/1/2015
21147,0.992,35,1/1/2015
21149,0.996,35,1/1/2015
21151,0.984,35,1/1/2015
21153,0.992,35,1/1/2015
21155,0.996,35,1/1/2015
21157,0.988,35,1/1/2015
21159,0.996,35,1/1/2015
21161,0.984,35,1/1/2015
21163,0.992,35,1/1/2015
21165,1,35,1/1/2015
21167,0.992,35,1/1/2015
21169,1,35,1/1/2015
21171,1,35,1/1/2015
21173,0.992,35,1/1/2015
21175,0.992,35,1/1/2015
21177,0.992,35,1/1/2015
21179,0.984,35,1/1/2015
21181,1,35,1/1/2015
21183,0.988,35,1/1/2015
21185,0.992,35,1/1/2015
21187,0.996,35,1/1/2015
21189,1,35,1/1/2015
21191,1,35,1/1/2015
21193,0.988,35,1/1/2015
21195,0.984,35,1/1/2015
21197,0.996,35,1/1/2015
21199,0.984,35,1/1/2015
21201,0.996,35,1/1/2015
21203,0.992,35,1/1/2015
21205,0.992,35,1/1/2015
21207,0.996,35,1/1/2015
21209,0.992,35,1/1/2015
21211,0.992,35,1/1/2015
21213,0.992,35,1/1/2015
21215,0.996,35,1/1/2015
21217,0.984,35,1/1/2015
21219,0.988,35,1/1/2015
21221,0.996,35,1/1/2015
21223,0.996,35,1/1/2015
21225,0.992,35,1/1/2015
21227,0.98,35,1/1/2015
21229,1,35,1/1/2015
21231,0.996,35,1/1/2015
21233,0.996,35,1/1/2015
21235,0.984,35,1/1/2015
21237,1,35,1/1/2015
21239,0.992,35,1/1/2015
22001,0.984,35,1/1/2015
22003,0.996,35,1/1/2015
22005,0.988,35,1/1/2015
22007,0.996,35,1/1/2015
22009,0.992,35,1/1/2015
22011,0.992,35,1/1/2015
22013,0.996,35,1/1/2015
22015,0.988,35,1/1/2015
22017,0.988,35,1/1/2015
22019,0.952,35,1/1/2015
22021,0.996,35,1/1/2015
22023,0.996,35,1/1/2015
22025,0.996,35,1/1/2015
22027,0.988,35,1/1/2015
22029,0.98,35,1/1/2015
22031,0.992,35,1/1/2015
22033,0.956,35,1/1/2015
22035,0.996,35,1/1/2015
22037,0.996,35,1/1/2015
22039,0.988,35,1/1/2015
22041,0.996,35,1/1/2015
22043,0.996,35,1/1/2015
22045,0.98,35,1/1/2015
22047,0.992,35,1/1/2015
22049,0.988,35,1/1/2015
22051,0.972,35,1/1/2015
22053,0.988,35,1/1/2015
22055,0.976,35,1/1/2015
22057,0.984,35,1/1/2015
22059,0.988,35,1/1/2015
22061,0.992,35,1/1/2015
22063,0.988,35,1/1/2015
22065,0.996,35,1/1/2015
22067,0.992,35,1/1/2015
22069,0.98,35,1/1/2015
22071,0.98,35,1/1/2015
22073,0.972,35,1/1/2015
22075,0.992,35,1/1/2015
22077,0.988,35,1/1/2015
22079,0.98,35,1/1/2015
22081,0.984,35,1/1/2015
22083,0.992,35,1/1/2015
22085,0.992,35,1/1/2015
22087,0.992,35,1/1/2015
22089,0.996,35,1/1/2015
22091,0.996,35,1/1/2015
22093,0.996,35,1/1/2015
22095,0.988,35,1/1/2015
22097,0.976,35,1/1/2015
22099,0.992,35,1/1/2015
22101,0.972,35,1/1/2015
22103,0.96,35,1/1/2015
22105,0.98,35,1/1/2015
22107,0.992,35,1/1/2015
22109,0.988,35,1/1/2015
22111,0.996,35,1/1/2015
22113,0.972,35,1/1/2015
22115,0.992,35,1/1/2015
22117,0.976,35,1/1/2015
22119,0.988,35,1/1/2015
22121,0.992,35,1/1/2015
22123,0.996,35,1/1/2015
22125,0.992,35,1/1/2015
22127,0.992,35,1/1/2015
23001,0.936,35,1/1/2015
23003,0.912,35,1/1/2015
23005,0.86,35,1/1/2015
23007,0.96,35,1/1/2015
23009,0.92,35,1/1/2015
23011,0.912,35,1/1/2015
23013,0.96,35,1/1/2015
23015,0.936,35,1/1/2015
23017,0.956,35,1/1/2015
23019,0.868,35,1/1/2015
23021,0.976,35,1/1/2015
23023,0.976,35,1/1/2015
23025,0.928,35,1/1/2015
23027,0.964,35,1/1/2015
23029,0.944,35,1/1/2015
23031,0.868,35,1/1/2015
24001,0.976,35,1/1/2015
24003,0.988,35,1/1/2015
24005,0.996,35,1/1/2015
24009,0.996,35,1/1/2015
24011,0.972,35,1/1/2015
24013,0.992,35,1/1/2015
24015,0.992,35,1/1/2015
24017,0.992,35,1/1/2015
24019,0.992,35,1/1/2015
24021,0.988,35,1/1/2015
24023,0.996,35,1/1/2015
24025,0.992,35,1/1/2015
24027,0.996,35,1/1/2015
24029,0.992,35,1/1/2015
24031,0.98,35,1/1/2015
24033,0.952,35,1/1/2015
24035,0.996,35,1/1/2015
24037,0.996,35,1/1/2015
24039,0.988,35,1/1/2015
24041,0.984,35,1/1/2015
24043,0.984,35,1/1/2015
24045,0.984,35,1/1/2015
24047,0.976,35,1/1/2015
24510,0.992,35,1/1/2015
25001,0.916,35,1/1/2015
25003,0.956,35,1/1/2015
25005,0.888,35,1/1/2015
25007,0.988,35,1/1/2015
25009,0.84,35,1/1/2015
25011,0.956,35,1/1/2015
25013,0.92,35,1/1/2015
25015,0.948,35,1/1/2015
25017,0.72,35,1/1/2015
25019,1,35,1/1/2015
25021,0.86,35,1/1/2015
25023,0.88,35,1/1/2015
25025,0.98,35,1/1/2015
25027,0.804,35,1/1/2015
26001,0.996,35,1/1/2015
26003,0.988,35,1/1/2015
26005,0.944,35,1/1/2015
26007,0.984,35,1/1/2015
26009,0.98,35,1/1/2015
26011,0.992,35,1/1/2015
26013,0.992,35,1/1/2015
26015,0.988,35,1/1/2015
26017,0.972,35,1/1/2015
26019,0.992,35,1/1/2015
26021,0.896,35,1/1/2015
26023,0.972,35,1/1/2015
26025,0.944,35,1/1/2015
26027,0.976,35,1/1/2015
26029,0.972,35,1/1/2015
26031,0.984,35,1/1/2015
26033,0.968,35,1/1/2015
26035,0.98,35,1/1/2015
26037,0.972,35,1/1/2015
26039,1,35,1/1/2015
26041,0.956,35,1/1/2015
26043,0.98,35,1/1/2015
26045,0.952,35,1/1/2015
26047,0.964,35,1/1/2015
26049,0.88,35,1/1/2015
26051,0.996,35,1/1/2015
26053,0.972,35,1/1/2015
26055,0.956,35,1/1/2015
26057,0.972,35,1/1/2015
26059,0.96,35,1/1/2015
26061,0.96,35,1/1/2015
26063,0.932,35,1/1/2015
26065,0.916,35,1/1/2015
26067,0.952,35,1/1/2015
26069,0.976,35,1/1/2015
26071,0.992,35,1/1/2015
26073,0.984,35,1/1/2015
26075,0.928,35,1/1/2015
26077,0.932,35,1/1/2015
26079,0.988,35,1/1/2015
26081,0.868,35,1/1/2015
26083,1,35,1/1/2015
26085,0.992,35,1/1/2015
26087,0.972,35,1/1/2015
26089,0.988,35,1/1/2015
26091,0.948,35,1/1/2015
26093,0.968,35,1/1/2015
26095,1,35,1/1/2015
26097,0.98,35,1/1/2015
26099,0.84,35,1/1/2015
26101,0.98,35,1/1/2015
26103,0.956,35,1/1/2015
26105,0.98,35,1/1/2015
26107,0.98,35,1/1/2015
26109,0.976,35,1/1/2015
26111,0.98,35,1/1/2015
26113,0.996,35,1/1/2015
26115,0.94,35,1/1/2015
26117,0.956,35,1/1/2015
26119,0.996,35,1/1/2015
26121,0.928,35,1/1/2015
26123,0.976,35,1/1/2015
26125,0.74,35,1/1/2015
26127,0.984,35,1/1/2015
26129,0.992,35,1/1/2015
26131,0.992,35,1/1/2015
26133,0.988,35,1/1/2015
26135,0.996,35,1/1/2015
26137,0.992,35,1/1/2015
26139,0.936,35,1/1/2015
26141,0.988,35,1/1/2015
26143,0.976,35,1/1/2015
26145,0.924,35,1/1/2015
26147,0.944,35,1/1/2015
26149,0.948,35,1/1/2015
26151,0.972,35,1/1/2015
26153,0.996,35,1/1/2015
26155,0.964,35,1/1/2015
26157,0.964,35,1/1/2015
26159,0.928,35,1/1/2015
26161,0.892,35,1/1/2015
26163,0.664,35,1/1/2015
26165,0.984,35,1/1/2015
27001,0.992,35,1/1/2015
27003,0.924,35,1/1/2015
27005,0.98,35,1/1/2015
27007,0.972,35,1/1/2015
27009,0.98,35,1/1/2015
27011,0.988,35,1/1/2015
27013,0.972,35,1/1/2015
27015,0.976,35,1/1/2015
27017,0.964,35,1/1/2015
27019,0.956,35,1/1/2015
27021,0.972,35,1/1/2015
27023,0.988,35,1/1/2015
27025,0.968,35,1/1/2015
27027,0.968,35,1/1/2015
27029,0.992,35,1/1/2015
27031,0.992,35,1/1/2015
27033,0.984,35,1/1/2015
27035,0.98,35,1/1/2015
27037,0.916,35,1/1/2015
27039,0.98,35,1/1/2015
27041,0.976,35,1/1/2015
27043,0.988,35,1/1/2015
27045,0.98,35,1/1/2015
27047,0.988,35,1/1/2015
27049,0.964,35,1/1/2015
27051,0.992,35,1/1/2015
27053,0.812,35,1/1/2015
27055,0.988,35,1/1/2015
27057,0.984,35,1/1/2015
27059,0.976,35,1/1/2015
27061,0.976,35,1/1/2015
27063,0.992,35,1/1/2015
27065,0.992,35,1/1/2015
27067,0.984,35,1/1/2015
27069,0.988,35,1/1/2015
27071,0.988,35,1/1/2015
27073,0.996,35,1/1/2015
27075,0.996,35,1/1/2015
27077,0.996,35,1/1/2015
27079,0.984,35,1/1/2015
27081,0.992,35,1/1/2015
27083,0.976,35,1/1/2015
27085,0.972,35,1/1/2015
27087,0.992,35,1/1/2015
27089,0.984,35,1/1/2015
27091,0.976,35,1/1/2015
27093,0.984,35,1/1/2015
27095,0.984,35,1/1/2015
27097,0.976,35,1/1/2015
27099,0.972,35,1/1/2015
27101,0.988,35,1/1/2015
27103,0.976,35,1/1/2015
27105,0.98,35,1/1/2015
27107,0.988,35,1/1/2015
27109,0.968,35,1/1/2015
27111,0.948,35,1/1/2015
27113,0.988,35,1/1/2015
27115,0.984,35,1/1/2015
27117,0.992,35,1/1/2015
27119,0.96,35,1/1/2015
27121,1,35,1/1/2015
27123,0.916,35,1/1/2015
27125,0.988,35,1/1/2015
27127,0.972,35,1/1/2015
27129,0.988,35,1/1/2015
27131,0.972,35,1/1/2015
27133,0.996,35,1/1/2015
27135,0.972,35,1/1/2015
27137,0.88,35,1/1/2015
27139,0.956,35,1/1/2015
27141,0.984,35,1/1/2015
27143,0.984,35,1/1/2015
27145,0.9,35,1/1/2015
27147,0.984,35,1/1/2015
27149,0.984,35,1/1/2015
27151,0.984,35,1/1/2015
27153,0.972,35,1/1/2015
27155,0.996,35,1/1/2015
27157,0.984,35,1/1/2015
27159,0.98,35,1/1/2015
27161,0.984,35,1/1/2015
27163,0.952,35,1/1/2015
27165,0.98,35,1/1/2015
27167,0.984,35,1/1/2015
27169,0.98,35,1/1/2015
27171,0.92,35,1/1/2015
27173,0.984,35,1/1/2015
28001,0.988,35,1/1/2015
28003,0.984,35,1/1/2015
28005,1,35,1/1/2015
28007,0.988,35,1/1/2015
28009,1,35,1/1/2015
28011,0.976,35,1/1/2015
28013,0.992,35,1/1/2015
28015,0.996,35,1/1/2015
28017,0.988,35,1/1/2015
28019,0.996,35,1/1/2015
28021,0.996,35,1/1/2015
28023,0.988,35,1/1/2015
28025,0.988,35,1/1/2015
28027,0.984,35,1/1/2015
28029,0.984,35,1/1/2015
28031,0.996,35,1/1/2015
28033,0.98,35,1/1/2015
28035,0.976,35,1/1/2015
28037,0.992,35,1/1/2015
28039,0.992,35,1/1/2015
28041,0.996,35,1/1/2015
28043,0.988,35,1/1/2015
28045,0.98,35,1/1/2015
28047,0.944,35,1/1/2015
28049,0.968,35,1/1/2015
28051,0.984,35,1/1/2015
28053,0.996,35,1/1/2015
,1.004,35,1/1/2015
28057,0.992,35,1/1/2015
28059,0.964,35,1/1/2015
28061,0.992,35,1/1/2015
28063,0.996,35,1/1/2015
28065,0.996,35,1/1/2015
28067,0.976,35,1/1/2015
28069,0.996,35,1/1/2015
28071,0.988,35,1/1/2015
28073,0.988,35,1/1/2015
28075,0.98,35,1/1/2015
28077,0.996,35,1/1/2015
28079,0.996,35,1/1/2015
28081,0.98,35,1/1/2015
28083,0.984,35,1/1/2015
28085,0.992,35,1/1/2015
28087,0.972,35,1/1/2015
28089,0.964,35,1/1/2015
28091,0.992,35,1/1/2015
28093,0.988,35,1/1/2015
28095,0.976,35,1/1/2015
28097,0.988,35,1/1/2015
28099,0.992,35,1/1/2015
28101,0.972,35,1/1/2015
28103,0.992,35,1/1/2015
28105,0.98,35,1/1/2015
28107,0.984,35,1/1/2015
28109,0.972,35,1/1/2015
28111,0.988,35,1/1/2015
28113,0.968,35,1/1/2015
28115,0.988,35,1/1/2015
28117,0.98,35,1/1/2015
28119,1,35,1/1/2015
28121,0.972,35,1/1/2015
28123,0.98,35,1/1/2015
28125,0.996,35,1/1/2015
28127,0.992,35,1/1/2015
28129,0.992,35,1/1/2015
28131,0.992,35,1/1/2015
28133,0.988,35,1/1/2015
28135,0.992,35,1/1/2015
28137,0.984,35,1/1/2015
28139,0.992,35,1/1/2015
28141,0.996,35,1/1/2015
28143,0.984,35,1/1/2015
28145,0.988,35,1/1/2015
28147,0.996,35,1/1/2015
28149,0.992,35,1/1/2015
28151,0.976,35,1/1/2015
28153,0.996,35,1/1/2015
28155,0.996,35,1/1/2015
28157,0.996,35,1/1/2015
28159,0.992,35,1/1/2015
28161,0.988,35,1/1/2015
28163,0.992,35,1/1/2015
29001,0.984,35,1/1/2015
29003,0.984,35,1/1/2015
29005,0.984,35,1/1/2015
29007,0.984,35,1/1/2015
29009,0.968,35,1/1/2015
29011,0.984,35,1/1/2015
29013,0.976,35,1/1/2015
29015,0.988,35,1/1/2015
29017,0.984,35,1/1/2015
29019,0.96,35,1/1/2015
29021,0.984,35,1/1/2015
29023,0.984,35,1/1/2015
29025,0.968,35,1/1/2015
29027,0.98,35,1/1/2015
29029,0.968,35,1/1/2015
29031,0.968,35,1/1/2015
29033,0.984,35,1/1/2015
29035,0.996,35,1/1/2015
29037,0.932,35,1/1/2015
29039,0.996,35,1/1/2015
29041,0.988,35,1/1/2015
29043,0.968,35,1/1/2015
29045,0.992,35,1/1/2015
29047,0.948,35,1/1/2015
29049,0.992,35,1/1/2015
29051,0.98,35,1/1/2015
29053,0.976,35,1/1/2015
29055,0.98,35,1/1/2015
29057,0.988,35,1/1/2015
29059,0.996,35,1/1/2015
29061,0.984,35,1/1/2015
29063,0.988,35,1/1/2015
29065,0.98,35,1/1/2015
29067,0.992,35,1/1/2015
29069,0.964,35,1/1/2015
29071,0.956,35,1/1/2015
29073,0.996,35,1/1/2015
29075,0.992,35,1/1/2015
29077,0.956,35,1/1/2015
29079,0.98,35,1/1/2015
29081,0.98,35,1/1/2015
29083,0.968,35,1/1/2015
29085,0.988,35,1/1/2015
29087,0.988,35,1/1/2015
29089,0.992,35,1/1/2015
29091,0.964,35,1/1/2015
29093,0.988,35,1/1/2015
29095,0.892,35,1/1/2015
29097,0.956,35,1/1/2015
29099,0.932,35,1/1/2015
29101,0.968,35,1/1/2015
29103,1,35,1/1/2015
29105,0.98,35,1/1/2015
29107,0.98,35,1/1/2015
29109,0.976,35,1/1/2015
29111,0.992,35,1/1/2015
29113,0.988,35,1/1/2015
29115,0.976,35,1/1/2015
29117,0.988,35,1/1/2015
29119,0.992,35,1/1/2015
29121,0.976,35,1/1/2015
29123,0.988,35,1/1/2015
29125,0.992,35,1/1/2015
29127,0.976,35,1/1/2015
29129,0.996,35,1/1/2015
29131,0.984,35,1/1/2015
29133,0.996,35,1/1/2015
29135,0.98,35,1/1/2015
29137,0.976,35,1/1/2015
29139,0.988,35,1/1/2015
29141,0.988,35,1/1/2015
29143,0.98,35,1/1/2015
29145,0.976,35,1/1/2015
29147,0.972,35,1/1/2015
29149,0.988,35,1/1/2015
29151,0.988,35,1/1/2015
29153,0.984,35,1/1/2015
29155,0.972,35,1/1/2015
29157,0.992,35,1/1/2015
29159,0.968,35,1/1/2015
29161,0.976,35,1/1/2015
29163,0.984,35,1/1/2015
29165,0.972,35,1/1/2015
29167,0.976,35,1/1/2015
29169,0.964,35,1/1/2015
29171,0.996,35,1/1/2015
29173,1,35,1/1/2015
29175,0.976,35,1/1/2015
29177,0.988,35,1/1/2015
29179,0.988,35,1/1/2015
29181,0.988,35,1/1/2015
29183,0.932,35,1/1/2015
29185,0.988,35,1/1/2015
29186,1,35,1/1/2015
29187,0.976,35,1/1/2015
29189,0.768,35,1/1/2015
29195,0.968,35,1/1/2015
29197,1,35,1/1/2015
29199,0.996,35,1/1/2015
29201,0.972,35,1/1/2015
29203,0.996,35,1/1/2015
29205,0.996,35,1/1/2015
29207,0.972,35,1/1/2015
29209,0.984,35,1/1/2015
29211,0.98,35,1/1/2015
29213,0.964,35,1/1/2015
29215,0.976,35,1/1/2015
29217,0.988,35,1/1/2015
29219,0.996,35,1/1/2015
29221,0.98,35,1/1/2015
29223,0.992,35,1/1/2015
29225,0.988,35,1/1/2015
29227,1,35,1/1/2015
29229,0.984,35,1/1/2015
29510,0.968,35,1/1/2015
30001,0.944,35,1/1/2015
30003,0.968,35,1/1/2015
30005,0.96,35,1/1/2015
30007,0.996,35,1/1/2015
30009,0.968,35,1/1/2015
30011,0.984,35,1/1/2015
30013,0.936,35,1/1/2015
30015,0.964,35,1/1/2015
30017,0.956,35,1/1/2015
30019,0.992,35,1/1/2015
30021,0.964,35,1/1/2015
30023,0.992,35,1/1/2015
30025,0.988,35,1/1/2015
30027,0.952,35,1/1/2015
30029,0.864,35,1/1/2015
30031,0.9,35,1/1/2015
30033,0.972,35,1/1/2015
30035,0.98,35,1/1/2015
30037,0.992,35,1/1/2015
30039,0.988,35,1/1/2015
30041,0.96,35,1/1/2015
30043,0.972,35,1/1/2015
30045,0.988,35,1/1/2015
30047,0.944,35,1/1/2015
30049,0.94,35,1/1/2015
30051,0.984,35,1/1/2015
30053,0.96,35,1/1/2015
30055,0.992,35,1/1/2015
30057,0.96,35,1/1/2015
30059,0.988,35,1/1/2015
30061,0.984,35,1/1/2015
30063,0.912,35,1/1/2015
30065,0.984,35,1/1/2015
30067,0.952,35,1/1/2015
30069,0.996,35,1/1/2015
30071,0.98,35,1/1/2015
30073,0.964,35,1/1/2015
30075,0.984,35,1/1/2015
30077,0.956,35,1/1/2015
30079,0.992,35,1/1/2015
30081,0.956,35,1/1/2015
30083,0.956,35,1/1/2015
30085,0.948,35,1/1/2015
30087,0.956,35,1/1/2015
30089,0.956,35,1/1/2015
30091,0.984,35,1/1/2015
30093,0.972,35,1/1/2015
30095,0.96,35,1/1/2015
30097,0.98,35,1/1/2015
30099,0.956,35,1/1/2015
30101,0.98,35,1/1/2015
30103,0.996,35,1/1/2015
30105,0.968,35,1/1/2015
30107,0.988,35,1/1/2015
30109,0.996,35,1/1/2015
30111,0.884,35,1/1/2015
31001,0.968,35,1/1/2015
31003,0.984,35,1/1/2015
31005,0.996,35,1/1/2015
31007,1,35,1/1/2015
31009,1,35,1/1/2015
31011,0.984,35,1/1/2015
31013,0.988,35,1/1/2015
31015,0.992,35,1/1/2015
31017,0.992,35,1/1/2015
31019,0.964,35,1/1/2015
31021,0.98,35,1/1/2015
31023,0.984,35,1/1/2015
31025,0.972,35,1/1/2015
31027,0.976,35,1/1/2015
31029,0.988,35,1/1/2015
31031,0.988,35,1/1/2015
31033,0.98,35,1/1/2015
31035,0.992,35,1/1/2015
31037,0.98,35,1/1/2015
31039,0.984,35,1/1/2015
31041,0.972,35,1/1/2015
31043,0.988,35,1/1/2015
31045,0.992,35,1/1/2015
31047,0.956,35,1/1/2015
31049,0.996,35,1/1/2015
31051,0.984,35,1/1/2015
31053,0.976,35,1/1/2015
31055,0.88,35,1/1/2015
31057,1,35,1/1/2015
31059,0.988,35,1/1/2015
31061,1,35,1/1/2015
31063,0.992,35,1/1/2015
31065,0.976,35,1/1/2015
31067,0.964,35,1/1/2015
31069,1,35,1/1/2015
31071,1,35,1/1/2015
31073,0.992,35,1/1/2015
31075,1,35,1/1/2015
31077,0.992,35,1/1/2015
31079,0.972,35,1/1/2015
31081,0.988,35,1/1/2015
31083,0.996,35,1/1/2015
31085,1,35,1/1/2015
31087,0.984,35,1/1/2015
31089,0.976,35,1/1/2015
31091,1,35,1/1/2015
31093,0.984,35,1/1/2015
31095,0.988,35,1/1/2015
31097,0.988,35,1/1/2015
31099,0.984,35,1/1/2015
31101,0.988,35,1/1/2015
31103,1,35,1/1/2015
31105,0.992,35,1/1/2015
31107,0.98,35,1/1/2015
31109,0.94,35,1/1/2015
31111,0.964,35,1/1/2015
31113,1,35,1/1/2015
31115,1,35,1/1/2015
31117,1,35,1/1/2015
31119,0.956,35,1/1/2015
31121,0.988,35,1/1/2015
31123,0.988,35,1/1/2015
31125,0.988,35,1/1/2015
31127,0.98,35,1/1/2015
31129,0.992,35,1/1/2015
31131,0.976,35,1/1/2015
31133,0.996,35,1/1/2015
31135,0.992,35,1/1/2015
31137,0.98,35,1/1/2015
31139,0.98,35,1/1/2015
31141,0.964,35,1/1/2015
31143,0.98,35,1/1/2015
31145,0.98,35,1/1/2015
31147,0.992,35,1/1/2015
31149,0.996,35,1/1/2015
31151,0.976,35,1/1/2015
31153,0.952,35,1/1/2015
31155,0.968,35,1/1/2015
31157,0.952,35,1/1/2015
31159,0.976,35,1/1/2015
31161,0.98,35,1/1/2015
31163,0.992,35,1/1/2015
31165,1,35,1/1/2015
31167,0.988,35,1/1/2015
31169,0.988,35,1/1/2015
31171,0.996,35,1/1/2015
31173,0.976,35,1/1/2015
31175,0.98,35,1/1/2015
31177,0.98,35,1/1/2015
31179,0.988,35,1/1/2015
31181,0.992,35,1/1/2015
31183,1,35,1/1/2015
31185,0.976,35,1/1/2015
32001,0.988,35,1/1/2015
32003,0.94,35,1/1/2015
32005,0.948,35,1/1/2015
32007,0.972,35,1/1/2015
32009,0.996,35,1/1/2015
32011,0.992,35,1/1/2015
32013,0.988,35,1/1/2015
32015,0.996,35,1/1/2015
32017,0.984,35,1/1/2015
32019,0.972,35,1/1/2015
32021,0.992,35,1/1/2015
32023,0.988,35,1/1/2015
32027,0.98,35,1/1/2015
32029,0.992,35,1/1/2015
32031,0.944,35,1/1/2015
32033,0.988,35,1/1/2015
32510,0.996,35,1/1/2015
33001,0.908,35,1/1/2015
33003,0.872,35,1/1/2015
33005,0.9,35,1/1/2015
33007,0.92,35,1/1/2015
33009,0.812,35,1/1/2015
33011,0.816,35,1/1/2015
33013,0.852,35,1/1/2015
33015,0.716,35,1/1/2015
33017,0.912,35,1/1/2015
33019,0.912,35,1/1/2015
34001,0.908,35,1/1/2015
34003,0.644,35,1/1/2015
34005,0.816,35,1/1/2015
34007,0.824,35,1/1/2015
34009,0.924,35,1/1/2015
34011,0.932,35,1/1/2015
34013,0.884,35,1/1/2015
34015,0.864,35,1/1/2015
34017,0.928,35,1/1/2015
34019,0.888,35,1/1/2015
34021,0.932,35,1/1/2015
34023,0.848,35,1/1/2015
34025,0.724,35,1/1/2015
34027,0.796,35,1/1/2015
34029,0.844,35,1/1/2015
34031,0.896,35,1/1/2015
34033,0.948,35,1/1/2015
34035,0.896,35,1/1/2015
34037,0.892,35,1/1/2015
34039,0.88,35,1/1/2015
34041,0.908,35,1/1/2015
35001,0.964,35,1/1/2015
35003,0.984,35,1/1/2015
35005,0.968,35,1/1/2015
35006,0.984,35,1/1/2015
35007,0.96,35,1/1/2015
35009,0.972,35,1/1/2015
35011,0.996,35,1/1/2015
35013,0.952,35,1/1/2015
35015,0.968,35,1/1/2015
35017,0.976,35,1/1/2015
35019,0.988,35,1/1/2015
35021,0.988,35,1/1/2015
35023,0.988,35,1/1/2015
35025,0.944,35,1/1/2015
35027,0.948,35,1/1/2015
35028,0.996,35,1/1/2015
35029,0.988,35,1/1/2015
35031,0.984,35,1/1/2015
35033,0.972,35,1/1/2015
35035,0.98,35,1/1/2015
35037,0.964,35,1/1/2015
35039,0.94,35,1/1/2015
35041,0.98,35,1/1/2015
35043,0.96,35,1/1/2015
35045,0.952,35,1/1/2015
35047,0.976,35,1/1/2015
35049,0.968,35,1/1/2015
35051,0.988,35,1/1/2015
35053,0.988,35,1/1/2015
35055,0.944,35,1/1/2015
35057,0.968,35,1/1/2015
35059,0.988,35,1/1/2015
35061,0.98,35,1/1/2015
36001,0.924,35,1/1/2015
36003,0.944,35,1/1/2015
,1.004,35,1/1/2015
36007,0.928,35,1/1/2015
36009,0.944,35,1/1/2015
36011,0.968,35,1/1/2015
36013,0.92,35,1/1/2015
36015,0.98,35,1/1/2015
36017,0.968,35,1/1/2015
36019,0.96,35,1/1/2015
36021,0.972,35,1/1/2015
36023,0.976,35,1/1/2015
36025,0.948,35,1/1/2015
36027,0.928,35,1/1/2015
36029,0.84,35,1/1/2015
36031,0.956,35,1/1/2015
36033,0.976,35,1/1/2015
36035,0.972,35,1/1/2015
36037,0.96,35,1/1/2015
36039,0.976,35,1/1/2015
36041,0.968,35,1/1/2015
36043,0.956,35,1/1/2015
36045,0.932,35,1/1/2015
,1.004,35,1/1/2015
36049,0.98,35,1/1/2015
36051,0.96,35,1/1/2015
36053,0.956,35,1/1/2015
36055,0.888,35,1/1/2015
36057,0.984,35,1/1/2015
36059,0.696,35,1/1/2015
36061,0.992,35,1/1/2015
36063,0.932,35,1/1/2015
36065,0.908,35,1/1/2015
36067,0.908,35,1/1/2015
36069,0.952,35,1/1/2015
36071,0.908,35,1/1/2015
36073,0.98,35,1/1/2015
36075,0.948,35,1/1/2015
36077,0.952,35,1/1/2015
36079,0.956,35,1/1/2015
,1.004,35,1/1/2015
36083,0.932,35,1/1/2015
,1.004,35,1/1/2015
36087,0.932,35,1/1/2015
36089,0.92,35,1/1/2015
36091,0.94,35,1/1/2015
36093,0.968,35,1/1/2015
36095,0.98,35,1/1/2015
36097,0.996,35,1/1/2015
36099,0.988,35,1/1/2015
36101,0.932,35,1/1/2015
36103,0.628,35,1/1/2015
36105,0.964,35,1/1/2015
36107,0.976,35,1/1/2015
36109,0.972,35,1/1/2015
36111,0.956,35,1/1/2015
36113,0.948,35,1/1/2015
36115,0.948,35,1/1/2015
36117,0.948,35,1/1/2015
36119,0.732,35,1/1/2015
36121,0.98,35,1/1/2015
36123,0.996,35,1/1/2015
37001,0.988,35,1/1/2015
,1.004,35,1/1/2015
,1.004,35,1/1/2015
37007,1,35,1/1/2015
,1.004,35,1/1/2015
37011,1,35,1/1/2015
37013,0.992,35,1/1/2015
,1.004,35,1/1/2015
,1.004,35,1/1/2015
37019,0.996,35,1/1/2015
37021,0.988,35,1/1/2015
37023,0.996,35,1/1/2015
37025,0.988,35,1/1/2015
37027,0.996,35,1/1/2015
,1.004,35,1/1/2015
37031,0.996,35,1/1/2015
,1.004,35,1/1/2015
37035,0.98,35,1/1/2015
37037,1,35,1/1/2015
37039,1,35,1/1/2015
,1.004,35,1/1/2015
,1.004,35,1/1/2015
37045,0.988,35,1/1/2015
37047,1,35,1/1/2015
37049,0.98,35,1/1/2015
37051,0.984,35,1/1/2015
37053,1,35,1/1/2015
37055,0.996,35,1/1/2015
37057,0.984,35,1/1/2015
,1.004,35,1/1/2015
,1.004,35,1/1/2015
37063,0.992,35,1/1/2015
37065,0.992,35,1/1/2015
37067,0.988,35,1/1/2015
37069,1,35,1/1/2015
37071,0.988,35,1/1/2015
37073,0.996,35,1/1/2015
37075,1,35,1/1/2015
37077,0.996,35,1/1/2015
37079,1,35,1/1/2015
37081,0.976,35,1/1/2015
37083,1,35,1/1/2015
37085,0.996,35,1/1/2015
37087,0.992,35,1/1/2015
37089,1,35,1/1/2015
,1.004,35,1/1/2015
,1.004,35,1/1/2015
,1.004,35,1/1/2015
37097,0.984,35,1/1/2015
37099,0.996,35,1/1/2015
37101,0.988,35,1/1/2015
,1.004,35,1/1/2015
37105,0.996,35,1/1/2015
37107,0.988,35,1/1/2015
37109,0.996,35,1/1/2015
37111,1,35,1/1/2015
37113,0.996,35,1/1/2015
37115,1,35,1/1/2015
37117,1,35,1/1/2015
37119,0.98,35,1/1/2015
37121,1,35,1/1/2015
,1.004,35,1/1/2015
37125,0.996,35,1/1/2015
37127,0.992,35,1/1/2015
37129,0.984,35,1/1/2015
37131,1,35,1/1/2015
37133,0.988,35,1/1/2015
37135,0.992,35,1/1/2015
37137,0.996,35,1/1/2015
37139,0.996,35,1/1/2015
37141,0.996,35,1/1/2015
37143,1,35,1/1/2015
37145,1,35,1/1/2015
37147,0.988,35,1/1/2015
37149,1,35,1/1/2015
37151,0.988,35,1/1/2015
37153,1,35,1/1/2015
37155,0.988,35,1/1/2015
37157,0.992,35,1/1/2015
37159,0.992,35,1/1/2015
37161,0.992,35,1/1/2015
,1.004,35,1/1/2015
37165,0.996,35,1/1/2015
37167,0.996,35,1/1/2015
37169,1,35,1/1/2015
37171,1,35,1/1/2015
,1.004,35,1/1/2015
37175,1,35,1/1/2015
,1.004,35,1/1/2015
37179,0.988,35,1/1/2015
37181,1,35,1/1/2015
37183,0.948,35,1/1/2015
,1.004,35,1/1/2015
,1.004,35,1/1/2015
37189,0.992,35,1/1/2015
37191,0.992,35,1/1/2015
37193,1,35,1/1/2015
37195,0.992,35,1/1/2015
37197,1,35,1/1/2015
,1.004,35,1/1/2015
38001,0.992,35,1/1/2015
38003,0.972,35,1/1/2015
38005,0.968,35,1/1/2015
38007,0.992,35,1/1/2015
38009,0.968,35,1/1/2015
38011,0.98,35,1/1/2015
38013,0.976,35,1/1/2015
38015,0.948,35,1/1/2015
38017,0.888,35,1/1/2015
38019,0.984,35,1/1/2015
38021,0.972,35,1/1/2015
38023,0.992,35,1/1/2015
38025,0.984,35,1/1/2015
38027,0.98,35,1/1/2015
38029,0.976,35,1/1/2015
38031,0.992,35,1/1/2015
38033,0.984,35,1/1/2015
38035,0.928,35,1/1/2015
38037,0.984,35,1/1/2015
38039,0.98,35,1/1/2015
38041,0.972,35,1/1/2015
38043,0.984,35,1/1/2015
38045,0.972,35,1/1/2015
38047,0.984,35,1/1/2015
38049,0.968,35,1/1/2015
38051,0.98,35,1/1/2015
38053,0.968,35,1/1/2015
38055,0.936,35,1/1/2015
38057,0.972,35,1/1/2015
38059,0.948,35,1/1/2015
38061,0.96,35,1/1/2015
38063,0.98,35,1/1/2015
38065,0.988,35,1/1/2015
38067,0.94,35,1/1/2015
38069,0.984,35,1/1/2015
38071,0.96,35,1/1/2015
38073,0.976,35,1/1/2015
38075,0.98,35,1/1/2015
38077,0.932,35,1/1/2015
38079,0.968,35,1/1/2015
38081,0.976,35,1/1/2015
38083,0.984,35,1/1/2015
38085,0.984,35,1/1/2015
38087,0.988,35,1/1/2015
38089,0.96,35,1/1/2015
38091,0.988,35,1/1/2015
38093,0.956,35,1/1/2015
38095,0.992,35,1/1/2015
38097,0.964,35,1/1/2015
38099,0.944,35,1/1/2015
38101,0.912,35,1/1/2015
38103,0.976,35,1/1/2015
38105,0.932,35,1/1/2015
39001,0.996,35,1/1/2015
39003,0.956,35,1/1/2015
39005,0.98,35,1/1/2015
39007,0.952,35,1/1/2015
39009,0.964,35,1/1/2015
39011,0.964,35,1/1/2015
39013,0.968,35,1/1/2015
39015,0.972,35,1/1/2015
39017,0.908,35,1/1/2015
39019,0.996,35,1/1/2015
39021,0.976,35,1/1/2015
39023,0.96,35,1/1/2015
39025,0.948,35,1/1/2015
39027,0.98,35,1/1/2015
39029,0.944,35,1/1/2015
39031,0.988,35,1/1/2015
39033,0.976,35,1/1/2015
39035,0.704,35,1/1/2015
39037,0.96,35,1/1/2015
39039,0.976,35,1/1/2015
39041,0.972,35,1/1/2015
39043,0.96,35,1/1/2015
39045,0.956,35,1/1/2015
39047,0.996,35,1/1/2015
39049,0.812,35,1/1/2015
39051,0.964,35,1/1/2015
39053,0.988,35,1/1/2015
39055,0.96,35,1/1/2015
39057,0.944,35,1/1/2015
39059,0.984,35,1/1/2015
39061,0.816,35,1/1/2015
39063,0.96,35,1/1/2015
39065,0.968,35,1/1/2015
39067,0.996,35,1/1/2015
39069,0.98,35,1/1/2015
39071,0.976,35,1/1/2015
39073,0.992,35,1/1/2015
39075,0.992,35,1/1/2015
39077,0.968,35,1/1/2015
39079,0.98,35,1/1/2015
39081,0.96,35,1/1/2015
39083,0.964,35,1/1/2015
39085,0.916,35,1/1/2015
39087,0.96,35,1/1/2015
39089,0.932,35,1/1/2015
39091,0.972,35,1/1/2015
39093,0.888,35,1/1/2015
39095,0.924,35,1/1/2015
39097,0.972,35,1/1/2015
39099,0.912,35,1/1/2015
39101,0.972,35,1/1/2015
39103,0.936,35,1/1/2015
39105,0.992,35,1/1/2015
39107,0.968,35,1/1/2015
39109,0.944,35,1/1/2015
39111,1,35,1/1/2015
39113,0.852,35,1/1/2015
39115,1,35,1/1/2015
39117,0.988,35,1/1/2015
39119,0.956,35,1/1/2015
39121,0.992,35,1/1/2015
39123,0.968,35,1/1/2015
39125,0.984,35,1/1/2015
39127,0.984,35,1/1/2015
39129,0.976,35,1/1/2015
39131,0.976,35,1/1/2015
39133,0.936,35,1/1/2015
39135,0.972,35,1/1/2015
39137,0.96,35,1/1/2015
39139,0.94,35,1/1/2015
39141,0.948,35,1/1/2015
39143,0.972,35,1/1/2015
39145,0.948,35,1/1/2015
39147,0.968,35,1/1/2015
39149,0.96,35,1/1/2015
39151,0.896,35,1/1/2015
39153,0.864,35,1/1/2015
39155,0.896,35,1/1/2015
39157,0.948,35,1/1/2015
39159,0.98,35,1/1/2015
39161,0.988,35,1/1/2015
39163,1,35,1/1/2015
39165,0.944,35,1/1/2015
39167,0.976,35,1/1/2015
39169,0.94,35,1/1/2015
39171,0.972,35,1/1/2015
39173,0.94,35,1/1/2015
39175,0.984,35,1/1/2015
40001,0.956,35,1/1/2015
40003,0.988,35,1/1/2015
40005,0.952,35,1/1/2015
40007,0.984,35,1/1/2015
40009,0.972,35,1/1/2015
40011,0.98,35,1/1/2015
40013,0.96,35,1/1/2015
40015,0.94,35,1/1/2015
40017,0.948,35,1/1/2015
40019,0.956,35,1/1/2015
40021,0.948,35,1/1/2015
40023,0.968,35,1/1/2015
40025,0.988,35,1/1/2015
40027,0.948,35,1/1/2015
40029,0.988,35,1/1/2015
40031,0.952,35,1/1/2015
40033,0.988,35,1/1/2015
40035,0.98,35,1/1/2015
40037,0.932,35,1/1/2015
40039,0.972,35,1/1/2015
40041,0.952,35,1/1/2015
40043,0.984,35,1/1/2015
40045,0.98,35,1/1/2015
40047,0.956,35,1/1/2015
40049,0.956,35,1/1/2015
40051,0.948,35,1/1/2015
40053,0.984,35,1/1/2015
40055,0.992,35,1/1/2015
40057,0.996,35,1/1/2015
40059,0.992,35,1/1/2015
40061,0.98,35,1/1/2015
40063,0.976,35,1/1/2015
40065,0.972,35,1/1/2015
40067,0.98,35,1/1/2015
40069,0.972,35,1/1/2015
40071,0.956,35,1/1/2015
40073,0.972,35,1/1/2015
40075,0.98,35,1/1/2015
40077,0.984,35,1/1/2015
40079,0.92,35,1/1/2015
40081,0.964,35,1/1/2015
40083,0.984,35,1/1/2015
40085,0.984,35,1/1/2015
40087,0.964,35,1/1/2015
40089,0.944,35,1/1/2015
40091,0.972,35,1/1/2015
40093,0.988,35,1/1/2015
40095,0.992,35,1/1/2015
40097,0.96,35,1/1/2015
40099,0.988,35,1/1/2015
40101,0.944,35,1/1/2015
40103,0.98,35,1/1/2015
40105,0.976,35,1/1/2015
40107,0.972,35,1/1/2015
40109,0.916,35,1/1/2015
40111,0.956,35,1/1/2015
40113,0.948,35,1/1/2015
40115,0.964,35,1/1/2015
40117,0.988,35,1/1/2015
40119,0.956,35,1/1/2015
40121,0.92,35,1/1/2015
40123,0.968,35,1/1/2015
40125,0.936,35,1/1/2015
40127,0.968,35,1/1/2015
40129,0.992,35,1/1/2015
40131,0.94,35,1/1/2015
40133,0.94,35,1/1/2015
40135,0.948,35,1/1/2015
40137,0.96,35,1/1/2015
40139,0.96,35,1/1/2015
40141,0.984,35,1/1/2015
40143,0.908,35,1/1/2015
40145,0.964,35,1/1/2015
40147,0.976,35,1/1/2015
40149,0.98,35,1/1/2015
40151,0.988,35,1/1/2015
40153,0.98,35,1/1/2015
41001,0.984,35,1/1/2015
41003,0.976,35,1/1/2015
41005,0.92,35,1/1/2015
41007,0.968,35,1/1/2015
41009,0.964,35,1/1/2015
41011,0.956,35,1/1/2015
41013,0.996,35,1/1/2015
41015,0.984,35,1/1/2015
41017,0.968,35,1/1/2015
41019,0.912,35,1/1/2015
41021,0.988,35,1/1/2015
41023,0.972,35,1/1/2015
41025,0.952,35,1/1/2015
41027,0.984,35,1/1/2015
41029,0.94,35,1/1/2015
41031,0.968,35,1/1/2015
41033,0.976,35,1/1/2015
41035,0.988,35,1/1/2015
41037,0.972,35,1/1/2015
41039,0.9,35,1/1/2015
41041,0.968,35,1/1/2015
41043,0.952,35,1/1/2015
41045,0.952,35,1/1/2015
41047,0.936,35,1/1/2015
41049,0.988,35,1/1/2015
41051,0.928,35,1/1/2015
41053,0.976,35,1/1/2015
41055,0.996,35,1/1/2015
41057,0.976,35,1/1/2015
41059,0.94,35,1/1/2015
41061,0.968,35,1/1/2015
41063,0.976,35,1/1/2015
41065,0.972,35,1/1/2015
41067,0.932,35,1/1/2015
41069,0.988,35,1/1/2015
41071,0.964,35,1/1/2015
42001,0.968,35,1/1/2015
42003,0.64,35,1/1/2015
42005,0.968,35,1/1/2015
42007,0.904,35,1/1/2015
42009,0.972,35,1/1/2015
42011,0.864,35,1/1/2015
42013,0.96,35,1/1/2015
42015,0.96,35,1/1/2015
42017,0.852,35,1/1/2015
42019,0.932,35,1/1/2015
42021,0.916,35,1/1/2015
42023,0.996,35,1/1/2015
42025,0.976,35,1/1/2015
42027,0.96,35,1/1/2015
42029,0.908,35,1/1/2015
42031,0.964,35,1/1/2015
42033,0.964,35,1/1/2015
42035,0.992,35,1/1/2015
42037,0.964,35,1/1/2015
42039,0.972,35,1/1/2015
42041,0.916,35,1/1/2015
42043,0.912,35,1/1/2015
42045,0.852,35,1/1/2015
42047,0.972,35,1/1/2015
42049,0.888,35,1/1/2015
42051,0.948,35,1/1/2015
42053,0.996,35,1/1/2015
42055,0.96,35,1/1/2015
42057,0.98,35,1/1/2015
42059,0.972,35,1/1/2015
42061,0.964,35,1/1/2015
42063,0.952,35,1/1/2015
42065,0.976,35,1/1/2015
42067,0.996,35,1/1/2015
42069,0.908,35,1/1/2015
42071,0.868,35,1/1/2015
42073,0.948,35,1/1/2015
42075,0.936,35,1/1/2015
42077,0.904,35,1/1/2015
42079,0.888,35,1/1/2015
42081,0.94,35,1/1/2015
42083,0.96,35,1/1/2015
42085,0.928,35,1/1/2015
42087,0.988,35,1/1/2015
42089,0.968,35,1/1/2015
42091,0.772,35,1/1/2015
42093,0.988,35,1/1/2015
42095,0.92,35,1/1/2015
42097,0.972,35,1/1/2015
42099,0.98,35,1/1/2015
42101,0.968,35,1/1/2015
42103,0.988,35,1/1/2015
42105,0.98,35,1/1/2015
42107,0.92,35,1/1/2015
42109,0.984,35,1/1/2015
42111,0.948,35,1/1/2015
42113,0.996,35,1/1/2015
42115,0.968,35,1/1/2015
42117,0.988,35,1/1/2015
42119,0.976,35,1/1/2015
42121,0.968,35,1/1/2015
42123,0.992,35,1/1/2015
42125,0.912,35,1/1/2015
42127,0.98,35,1/1/2015
42129,0.868,35,1/1/2015
42131,0.992,35,1/1/2015
42133,0.856,35,1/1/2015
44001,0.976,35,1/1/2015
44003,0.948,35,1/1/2015
44005,0.96,35,1/1/2015
44007,0.852,35,1/1/2015
44009,0.92,35,1/1/2015
45001,0.992,35,1/1/2015
45003,0.984,35,1/1/2015
45005,0.996,35,1/1/2015
45007,0.952,35,1/1/2015
45009,0.992,35,1/1/2015
45011,0.98,35,1/1/2015
45013,0.96,35,1/1/2015
45015,0.984,35,1/1/2015
45017,0.996,35,1/1/2015
45019,0.96,35,1/1/2015
45021,0.984,35,1/1/2015
45023,0.988,35,1/1/2015
45025,0.988,35,1/1/2015
45027,0.976,35,1/1/2015
45029,0.992,35,1/1/2015
45031,0.988,35,1/1/2015
45033,0.988,35,1/1/2015
45035,0.984,35,1/1/2015
45037,0.996,35,1/1/2015
45039,0.988,35,1/1/2015
45041,0.956,35,1/1/2015
45043,0.988,35,1/1/2015
45045,0.944,35,1/1/2015
45047,0.976,35,1/1/2015
45049,0.992,35,1/1/2015
45051,0.972,35,1/1/2015
45053,0.996,35,1/1/2015
45055,0.988,35,1/1/2015
45057,0.992,35,1/1/2015
45059,0.976,35,1/1/2015
45061,0.996,35,1/1/2015
45063,0.952,35,1/1/2015
45065,0.996,35,1/1/2015
45067,0.996,35,1/1/2015
45069,0.992,35,1/1/2015
45071,0.988,35,1/1/2015
45073,0.98,35,1/1/2015
45075,0.984,35,1/1/2015
45077,0.988,35,1/1/2015
45079,0.96,35,1/1/2015
45081,0.992,35,1/1/2015
45083,0.932,35,1/1/2015
45085,0.992,35,1/1/2015
45087,0.98,35,1/1/2015
45089,0.992,35,1/1/2015
45091,0.968,35,1/1/2015
46003,0.984,35,1/1/2015
46005,0.976,35,1/1/2015
46007,0.988,35,1/1/2015
46009,0.972,35,1/1/2015
46011,0.968,35,1/1/2015
46013,0.956,35,1/1/2015
46015,0.984,35,1/1/2015
46017,1,35,1/1/2015
46019,0.984,35,1/1/2015
46021,0.992,35,1/1/2015
46023,0.964,35,1/1/2015
46025,0.988,35,1/1/2015
46027,0.992,35,1/1/2015
46029,0.98,35,1/1/2015
46031,0.98,35,1/1/2015
46033,0.98,35,1/1/2015
46035,0.98,35,1/1/2015
46037,0.98,35,1/1/2015
46039,0.988,35,1/1/2015
46041,0.992,35,1/1/2015
46043,0.972,35,1/1/2015
46045,0.972,35,1/1/2015
46047,0.972,35,1/1/2015
46049,0.98,35,1/1/2015
46051,0.98,35,1/1/2015
46053,0.972,35,1/1/2015
46055,0.992,35,1/1/2015
46057,0.976,35,1/1/2015
46059,0.988,35,1/1/2015
46061,0.988,35,1/1/2015
46063,0.996,35,1/1/2015
46065,0.992,35,1/1/2015
46067,0.968,35,1/1/2015
46069,0.996,35,1/1/2015
46071,0.988,35,1/1/2015
46073,0.984,35,1/1/2015
46075,0.992,35,1/1/2015
46077,0.972,35,1/1/2015
46079,0.96,35,1/1/2015
46081,0.964,35,1/1/2015
46083,0.964,35,1/1/2015
46085,0.988,35,1/1/2015
46087,0.984,35,1/1/2015
46089,0.988,35,1/1/2015
46091,0.984,35,1/1/2015
46093,0.968,35,1/1/2015
46095,0.996,35,1/1/2015
46097,0.992,35,1/1/2015
46099,0.928,35,1/1/2015
46101,0.984,35,1/1/2015
46102,0.996,35,1/1/2015
46103,0.904,35,1/1/2015
46105,0.98,35,1/1/2015
46107,0.988,35,1/1/2015
46109,0.972,35,1/1/2015
46111,0.992,35,1/1/2015
46115,0.976,35,1/1/2015
46117,0.992,35,1/1/2015
46119,0.992,35,1/1/2015
46121,0.996,35,1/1/2015
46123,0.984,35,1/1/2015
46125,0.96,35,1/1/2015
46127,0.96,35,1/1/2015
46129,0.984,35,1/1/2015
46135,0.976,35,1/1/2015
46137,0.996,35,1/1/2015
47001,0.984,35,1/1/2015
47003,0.996,35,1/1/2015
47005,1,35,1/1/2015
,1.004,35,1/1/2015
47009,0.984,35,1/1/2015
47011,0.996,35,1/1/2015
47013,0.988,35,1/1/2015
,1.004,35,1/1/2015
47017,0.98,35,1/1/2015
47019,1,35,1/1/2015
47021,1,35,1/1/2015
,1.004,35,1/1/2015
47025,1,35,1/1/2015
,1.004,35,1/1/2015
47029,1,35,1/1/2015
47031,0.988,35,1/1/2015
,1.004,35,1/1/2015
47035,0.996,35,1/1/2015
47037,0.984,35,1/1/2015
,1.004,35,1/1/2015
47041,1,35,1/1/2015
47043,0.992,35,1/1/2015
47045,0.992,35,1/1/2015
,1.004,35,1/1/2015
,1.004,35,1/1/2015
47051,0.996,35,1/1/2015
47053,0.984,35,1/1/2015
47055,1,35,1/1/2015
,1.004,35,1/1/2015
47059,0.996,35,1/1/2015
47061,1,35,1/1/2015
47063,0.996,35,1/1/2015
47065,0.964,35,1/1/2015
,1.004,35,1/1/2015
47069,0.996,35,1/1/2015
,1.004,35,1/1/2015
47073,0.992,35,1/1/2015
47075,0.996,35,1/1/2015
47077,1,35,1/1/2015
47079,0.992,35,1/1/2015
47081,1,35,1/1/2015
,1.004,35,1/1/2015
47085,1,35,1/1/2015
47087,1,35,1/1/2015
47089,0.996,35,1/1/2015
,1.004,35,1/1/2015
47093,0.972,35,1/1/2015
,1.004,35,1/1/2015
47097,1,35,1/1/2015
47099,0.996,35,1/1/2015
47101,1,35,1/1/2015
47103,1,35,1/1/2015
47105,0.988,35,1/1/2015
47107,1,35,1/1/2015
47109,0.996,35,1/1/2015
,1.004,35,1/1/2015
47113,0.984,35,1/1/2015
47115,0.996,35,1/1/2015
47117,1,35,1/1/2015
47119,0.996,35,1/1/2015
,1.004,35,1/1/2015
47123,0.996,35,1/1/2015
47125,0.992,35,1/1/2015
,1.004,35,1/1/2015
,1.004,35,1/1/2015
47131,0.996,35,1/1/2015
47133,1,35,1/1/2015
,1.004,35,1/1/2015
,1.004,35,1/1/2015
47139,1,35,1/1/2015
47141,0.996,35,1/1/2015
47143,1,35,1/1/2015
47145,1,35,1/1/2015
47147,0.996,35,1/1/2015
47149,0.976,35,1/1/2015
47151,0.992,35,1/1/2015
,1.004,35,1/1/2015
47155,0.988,35,1/1/2015
47157,0.98,35,1/1/2015
,1.004,35,1/1/2015
,1.004,35,1/1/2015
47163,0.988,35,1/1/2015
47165,0.98,35,1/1/2015
47167,1,35,1/1/2015
,1.004,35,1/1/2015
47171,0.996,35,1/1/2015
,1.004,35,1/1/2015
,1.004,35,1/1/2015
,1.004,35,1/1/2015
47179,0.996,35,1/1/2015
,1.004,35,1/1/2015
47183,1,35,1/1/2015
47185,1,35,1/1/2015
47187,0.984,35,1/1/2015
47189,0.988,35,1/1/2015
48001,0.976,35,1/1/2015
48003,0.996,35,1/1/2015
48005,0.968,35,1/1/2015
48007,1,35,1/1/2015
48009,0.992,35,1/1/2015
48011,1,35,1/1/2015
48013,0.976,35,1/1/2015
48015,0.992,35,1/1/2015
48017,0.996,35,1/1/2015
48019,0.996,35,1/1/2015
48021,0.98,35,1/1/2015
48023,0.996,35,1/1/2015
48025,0.98,35,1/1/2015
48027,0.932,35,1/1/2015
48029,0.904,35,1/1/2015
48031,0.992,35,1/1/2015
48033,1,35,1/1/2015
48035,0.972,35,1/1/2015
48037,0.944,35,1/1/2015
48039,0.92,35,1/1/2015
48041,0.98,35,1/1/2015
48043,0.988,35,1/1/2015
48045,1,35,1/1/2015
48047,1,35,1/1/2015
48049,0.972,35,1/1/2015
48051,0.992,35,1/1/2015
48053,0.992,35,1/1/2015
48055,0.992,35,1/1/2015
48057,1,35,1/1/2015
48059,0.988,35,1/1/2015
48061,0.944,35,1/1/2015
48063,1,35,1/1/2015
48065,0.992,35,1/1/2015
48067,0.972,35,1/1/2015
48069,0.992,35,1/1/2015
48071,0.988,35,1/1/2015
48073,0.984,35,1/1/2015
48075,0.996,35,1/1/2015
48077,0.984,35,1/1/2015
48079,0.996,35,1/1/2015
48081,0.996,35,1/1/2015
48083,0.992,35,1/1/2015
48085,0.916,35,1/1/2015
48087,1,35,1/1/2015
48089,0.988,35,1/1/2015
48091,0.988,35,1/1/2015
48093,0.988,35,1/1/2015
48095,0.996,35,1/1/2015
48097,0.964,35,1/1/2015
48099,0.976,35,1/1/2015
48101,1,35,1/1/2015
48103,1,35,1/1/2015
48105,1,35,1/1/2015
48107,0.992,35,1/1/2015
48109,1,35,1/1/2015
48111,0.996,35,1/1/2015
48113,0.864,35,1/1/2015
48115,0.984,35,1/1/2015
48117,0.992,35,1/1/2015
48119,0.996,35,1/1/2015
48121,0.896,35,1/1/2015
48123,0.968,35,1/1/2015
48125,0.996,35,1/1/2015
48127,1,35,1/1/2015
48129,0.992,35,1/1/2015
48131,0.984,35,1/1/2015
48133,0.972,35,1/1/2015
48135,0.98,35,1/1/2015
48137,0.996,35,1/1/2015
48139,0.952,35,1/1/2015
48141,0.932,35,1/1/2015
48143,0.976,35,1/1/2015
48145,0.988,35,1/1/2015
48147,0.972,35,1/1/2015
48149,0.98,35,1/1/2015
48151,0.996,35,1/1/2015
48153,0.996,35,1/1/2015
48155,1,35,1/1/2015
48157,0.916,35,1/1/2015
48159,1,35,1/1/2015
48161,0.988,35,1/1/2015
48163,0.996,35,1/1/2015
48165,0.988,35,1/1/2015
48167,0.932,35,1/1/2015
48169,0.996,35,1/1/2015
48171,0.992,35,1/1/2015
48173,1,35,1/1/2015
48175,1,35,1/1/2015
48177,0.988,35,1/1/2015
48179,0.98,35,1/1/2015
48181,0.94,35,1/1/2015
48183,0.956,35,1/1/2015
48185,0.988,35,1/1/2015
48187,0.976,35,1/1/2015
48189,0.976,35,1/1/2015
48191,0.996,35,1/1/2015
48193,0.992,35,1/1/2015
48195,0.992,35,1/1/2015
48197,0.996,35,1/1/2015
48199,0.984,35,1/1/2015
48201,0.7,35,1/1/2015
48203,0.98,35,1/1/2015
48205,0.996,35,1/1/2015
48207,0.992,35,1/1/2015
48209,0.968,35,1/1/2015
48211,1,35,1/1/2015
48213,0.964,35,1/1/2015
48215,0.912,35,1/1/2015
48217,0.948,35,1/1/2015
48219,0.976,35,1/1/2015
48221,0.988,35,1/1/2015
48223,0.972,35,1/1/2015
48225,0.98,35,1/1/2015
48227,0.98,35,1/1/2015
48229,0.992,35,1/1/2015
48231,0.956,35,1/1/2015
48233,0.98,35,1/1/2015
48235,1,35,1/1/2015
48237,0.992,35,1/1/2015
48239,0.984,35,1/1/2015
48241,0.98,35,1/1/2015
48243,0.996,35,1/1/2015
48245,0.944,35,1/1/2015
48247,1,35,1/1/2015
48249,0.98,35,1/1/2015
48251,0.96,35,1/1/2015
48253,0.984,35,1/1/2015
48255,0.988,35,1/1/2015
48257,0.968,35,1/1/2015
48259,0.996,35,1/1/2015
48261,1,35,1/1/2015
48263,1,35,1/1/2015
48265,0.98,35,1/1/2015
48267,1,35,1/1/2015
48269,0.996,35,1/1/2015
48271,1,35,1/1/2015
48273,0.988,35,1/1/2015
48275,0.992,35,1/1/2015
48277,0.98,35,1/1/2015
48279,0.984,35,1/1/2015
48281,0.996,35,1/1/2015
48283,1,35,1/1/2015
48285,0.976,35,1/1/2015
48287,0.992,35,1/1/2015
48289,0.984,35,1/1/2015
48291,0.976,35,1/1/2015
48293,0.988,35,1/1/2015
48295,0.988,35,1/1/2015
48297,0.996,35,1/1/2015
48299,1,35,1/1/2015
,1.004,35,1/1/2015
48303,0.952,35,1/1/2015
48305,0.988,35,1/1/2015
48307,0.992,35,1/1/2015
48309,0.908,35,1/1/2015
48311,1,35,1/1/2015
48313,0.992,35,1/1/2015
48315,1,35,1/1/2015
48317,0.992,35,1/1/2015
48319,1,35,1/1/2015
48321,0.972,35,1/1/2015
48323,0.992,35,1/1/2015
48325,0.984,35,1/1/2015
48327,1,35,1/1/2015
48329,0.976,35,1/1/2015
48331,0.98,35,1/1/2015
48333,0.992,35,1/1/2015
48335,0.988,35,1/1/2015
48337,0.972,35,1/1/2015
48339,0.952,35,1/1/2015
48341,0.988,35,1/1/2015
48343,0.996,35,1/1/2015
48345,0.996,35,1/1/2015
48347,0.96,35,1/1/2015
48349,0.972,35,1/1/2015
48351,0.992,35,1/1/2015
48353,0.984,35,1/1/2015
48355,0.924,35,1/1/2015
48357,1,35,1/1/2015
48359,0.988,35,1/1/2015
48361,0.98,35,1/1/2015
48363,0.976,35,1/1/2015
48365,0.984,35,1/1/2015
48367,0.956,35,1/1/2015
48369,0.988,35,1/1/2015
48371,0.988,35,1/1/2015
48373,0.972,35,1/1/2015
48375,0.972,35,1/1/2015
48377,0.996,35,1/1/2015
48379,1,35,1/1/2015
48381,1,35,1/1/2015
48383,0.996,35,1/1/2015
48385,1,35,1/1/2015
48387,0.988,35,1/1/2015
48389,0.996,35,1/1/2015
48391,0.992,35,1/1/2015
48393,1,35,1/1/2015
48395,0.984,35,1/1/2015
48397,0.992,35,1/1/2015
48399,0.988,35,1/1/2015
48401,0.968,35,1/1/2015
48403,0.996,35,1/1/2015
48405,0.996,35,1/1/2015
48407,0.992,35,1/1/2015
48409,0.964,35,1/1/2015
48411,0.984,35,1/1/2015
48413,0.996,35,1/1/2015
48415,0.988,35,1/1/2015
48417,0.996,35,1/1/2015
48419,0.98,35,1/1/2015
48421,0.996,35,1/1/2015
48423,0.952,35,1/1/2015
48425,0.992,35,1/1/2015
48427,0.988,35,1/1/2015
48429,1,35,1/1/2015
48431,1,35,1/1/2015
48433,0.996,35,1/1/2015
48435,1,35,1/1/2015
48437,0.992,35,1/1/2015
48439,0.884,35,1/1/2015
48441,0.972,35,1/1/2015
48443,1,35,1/1/2015
48445,0.992,35,1/1/2015
48447,0.996,35,1/1/2015
48449,0.98,35,1/1/2015
48451,0.972,35,1/1/2015
48453,0.912,35,1/1/2015
48455,0.988,35,1/1/2015
48457,0.984,35,1/1/2015
48459,0.976,35,1/1/2015
48461,0.996,35,1/1/2015
48463,0.98,35,1/1/2015
48465,0.992,35,1/1/2015
48467,0.972,35,1/1/2015
48469,0.968,35,1/1/2015
48471,0.98,35,1/1/2015
48473,0.992,35,1/1/2015
48475,0.996,35,1/1/2015
48477,0.988,35,1/1/2015
48479,0.98,35,1/1/2015
48481,0.98,35,1/1/2015
48483,0.988,35,1/1/2015
48485,0.976,35,1/1/2015
48487,0.988,35,1/1/2015
48489,0.988,35,1/1/2015
48491,0.916,35,1/1/2015
48493,0.984,35,1/1/2015
48495,0.996,35,1/1/2015
48497,0.968,35,1/1/2015
48499,0.98,35,1/1/2015
48501,0.996,35,1/1/2015
48503,0.984,35,1/1/2015
48505,0.996,35,1/1/2015
48507,0.996,35,1/1/2015
49001,0.992,35,1/1/2015
49003,0.976,35,1/1/2015
49005,0.968,35,1/1/2015
49007,0.988,35,1/1/2015
49009,0.996,35,1/1/2015
49011,0.94,35,1/1/2015
49013,0.992,35,1/1/2015
49015,0.996,35,1/1/2015
49017,0.996,35,1/1/2015
49019,0.992,35,1/1/2015
49021,0.984,35,1/1/2015
49023,0.984,35,1/1/2015
49025,0.988,35,1/1/2015
49027,0.992,35,1/1/2015
49029,0.996,35,1/1/2015
49031,0.992,35,1/1/2015
49033,0.996,35,1/1/2015
49035,0.836,35,1/1/2015
49037,0.996,35,1/1/2015
49039,0.984,35,1/1/2015
49041,0.988,35,1/1/2015
49043,0.98,35,1/1/2015
49045,0.984,35,1/1/2015
49047,0.98,35,1/1/2015
49049,0.92,35,1/1/2015
49051,0.992,35,1/1/2015
49053,0.976,35,1/1/2015
49055,0.996,35,1/1/2015
49057,0.968,35,1/1/2015
50001,0.852,35,1/1/2015
50003,0.888,35,1/1/2015
50005,0.916,35,1/1/2015
50007,0.788,35,1/1/2015
50009,0.912,35,1/1/2015
50011,0.88,35,1/1/2015
50013,0.96,35,1/1/2015
50015,0.912,35,1/1/2015
50017,0.888,35,1/1/2015
50019,0.844,35,1/1/2015
50021,0.764,35,1/1/2015
50023,0.82,35,1/1/2015
50025,0.804,35,1/1/2015
50027,0.78,35,1/1/2015
,1.004,35,1/1/2015
51003,0.992,35,1/1/2015
,1.004,35,1/1/2015
,1.004,35,1/1/2015
,1.004,35,1/1/2015
51011,1,35,1/1/2015
51013,0.992,35,1/1/2015
51015,1,35,1/1/2015
,1.004,35,1/1/2015
51019,0.992,35,1/1/2015
,1.004,35,1/1/2015
,1.004,35,1/1/2015
,1.004,35,1/1/2015
51027,0.996,35,1/1/2015
,1.004,35,1/1/2015
51031,1,35,1/1/2015
51033,1,35,1/1/2015
51035,0.996,35,1/1/2015
,1.004,35,1/1/2015
51037,1,35,1/1/2015
51041,1,35,1/1/2015
51043,1,35,1/1/2015
,1.004,35,1/1/2015
51047,1,35,1/1/2015
,1.004,35,1/1/2015
51051,0.996,35,1/1/2015
51053,1,35,1/1/2015
,1.004,35,1/1/2015
51059,0.988,35,1/1/2015
51061,1,35,1/1/2015
,1.004,35,1/1/2015
,1.004,35,1/1/2015
,1.004,35,1/1/2015
51069,0.996,35,1/1/2015
51071,0.992,35,1/1/2015
51073,1,35,1/1/2015
51075,1,35,1/1/2015
,1.004,35,1/1/2015
,1.004,35,1/1/2015
51081,1,35,1/1/2015
51083,0.992,35,1/1/2015
51085,0.996,35,1/1/2015
51087,0.996,35,1/1/2015
,1.004,35,1/1/2015
,1.004,35,1/1/2015
51093,1,35,1/1/2015
51095,0.996,35,1/1/2015
,1.004,35,1/1/2015
51099,1,35,1/1/2015
,1.004,35,1/1/2015
51103,1,35,1/1/2015
51105,1,35,1/1/2015
51107,0.992,35,1/1/2015
51109,1,35,1/1/2015
,1.004,35,1/1/2015
,1.004,35,1/1/2015
,1.004,35,1/1/2015
51117,0.996,35,1/1/2015
,1.004,35,1/1/2015
51121,0.984,35,1/1/2015
,1.004,35,1/1/2015
51127,1,35,1/1/2015
51131,1,35,1/1/2015
,1.004,35,1/1/2015
,1.004,35,1/1/2015
51137,0.996,35,1/1/2015
,1.004,35,1/1/2015
,1.004,35,1/1/2015
51143,1,35,1/1/2015
,1.004,35,1/1/2015
,1.004,35,1/1/2015
51149,1,35,1/1/2015
51153,0.992,35,1/1/2015
51155,0.996,35,1/1/2015
51157,1,35,1/1/2015
,1.004,35,1/1/2015
51161,0.996,35,1/1/2015
,1.004,35,1/1/2015
51165,0.996,35,1/1/2015
,1.004,35,1/1/2015
,1.004,35,1/1/2015
51171,1,35,1/1/2015
51173,1,35,1/1/2015
,1.004,35,1/1/2015
51177,1,35,1/1/2015
51179,1,35,1/1/2015
,1.004,35,1/1/2015
,1.004,35,1/1/2015
51185,1,35,1/1/2015
,1.004,35,1/1/2015
51191,0.996,35,1/1/2015
51193,1,35,1/1/2015
51195,0.996,35,1/1/2015
51197,1,35,1/1/2015
51199,1,35,1/1/2015
51510,1,35,1/1/2015
51520,0.996,35,1/1/2015
,1.004,35,1/1/2015
51540,1,35,1/1/2015
51550,0.996,35,1/1/2015
51570,1,35,1/1/2015
,1.004,35,1/1/2015
51590,0.996,35,1/1/2015
51595,1,35,1/1/2015
51600,1,35,1/1/2015
51610,1,35,1/1/2015
51620,1,35,1/1/2015
51630,0.992,35,1/1/2015
51640,1,35,1/1/2015
51650,1,35,1/1/2015
51660,1,35,1/1/2015
51670,1,35,1/1/2015
51678,1,35,1/1/2015
51680,1,35,1/1/2015
51683,0.996,35,1/1/2015
51685,1,35,1/1/2015
51690,1,35,1/1/2015
51700,0.996,35,1/1/2015
51710,0.988,35,1/1/2015
,1.004,35,1/1/2015
51730,0.996,35,1/1/2015
51735,1,35,1/1/2015
51740,0.996,35,1/1/2015
51750,1,35,1/1/2015
51760,0.992,35,1/1/2015
51770,0.996,35,1/1/2015
51775,0.996,35,1/1/2015
51790,0.996,35,1/1/2015
51800,1,35,1/1/2015
51810,0.996,35,1/1/2015
51820,1,35,1/1/2015
51830,1,35,1/1/2015
51840,0.992,35,1/1/2015
53001,0.976,35,1/1/2015
53003,0.992,35,1/1/2015
53005,0.92,35,1/1/2015
53007,0.944,35,1/1/2015
53009,0.968,35,1/1/2015
53011,0.916,35,1/1/2015
53013,0.988,35,1/1/2015
53015,0.964,35,1/1/2015
53017,0.964,35,1/1/2015
53019,0.98,35,1/1/2015
53021,0.976,35,1/1/2015
53023,0.996,35,1/1/2015
53025,0.94,35,1/1/2015
53027,0.94,35,1/1/2015
53029,0.972,35,1/1/2015
53031,0.972,35,1/1/2015
53033,0.776,35,1/1/2015
53035,0.952,35,1/1/2015
53037,0.968,35,1/1/2015
53039,0.948,35,1/1/2015
53041,0.932,35,1/1/2015
53043,0.968,35,1/1/2015
53045,0.96,35,1/1/2015
53047,0.952,35,1/1/2015
53049,0.972,35,1/1/2015
53051,0.98,35,1/1/2015
53053,0.896,35,1/1/2015
53055,0.98,35,1/1/2015
53057,0.944,35,1/1/2015
53059,0.976,35,1/1/2015
53061,0.86,35,1/1/2015
53063,0.904,35,1/1/2015
53065,0.952,35,1/1/2015
53067,0.936,35,1/1/2015
53069,0.996,35,1/1/2015
53071,0.96,35,1/1/2015
53073,0.944,35,1/1/2015
53075,0.936,35,1/1/2015
53077,0.912,35,1/1/2015
54001,0.988,35,1/1/2015
54003,0.98,35,1/1/2015
54005,0.984,35,1/1/2015
54007,0.992,35,1/1/2015
54009,0.984,35,1/1/2015
54011,0.952,35,1/1/2015
54013,0.992,35,1/1/2015
54015,0.992,35,1/1/2015
54017,0.996,35,1/1/2015
54019,0.98,35,1/1/2015
54021,0.992,35,1/1/2015
54023,0.984,35,1/1/2015
54025,0.972,35,1/1/2015
54027,0.988,35,1/1/2015
54029,0.98,35,1/1/2015
54031,0.988,35,1/1/2015
54033,0.956,35,1/1/2015
54035,0.988,35,1/1/2015
54037,0.98,35,1/1/2015
54039,0.928,35,1/1/2015
54041,0.996,35,1/1/2015
54043,0.98,35,1/1/2015
54045,0.992,35,1/1/2015
54047,0.992,35,1/1/2015
54049,0.972,35,1/1/2015
54051,0.968,35,1/1/2015
54053,0.984,35,1/1/2015
54055,0.972,35,1/1/2015
54057,0.984,35,1/1/2015
54059,0.968,35,1/1/2015
54061,0.984,35,1/1/2015
54063,0.992,35,1/1/2015
54065,0.992,35,1/1/2015
54067,0.984,35,1/1/2015
54069,0.972,35,1/1/2015
54071,0.996,35,1/1/2015
54073,0.992,35,1/1/2015
54075,0.996,35,1/1/2015
54077,0.984,35,1/1/2015
54079,0.988,35,1/1/2015
54081,0.952,35,1/1/2015
54083,0.976,35,1/1/2015
54085,0.996,35,1/1/2015
54087,0.992,35,1/1/2015
54089,0.992,35,1/1/2015
54091,0.988,35,1/1/2015
54093,0.992,35,1/1/2015
54095,0.988,35,1/1/2015
54097,0.988,35,1/1/2015
54099,0.976,35,1/1/2015
54101,0.996,35,1/1/2015
54103,0.988,35,1/1/2015
54105,0.996,35,1/1/2015
54107,0.956,35,1/1/2015
54109,0.992,35,1/1/2015
55001,0.996,35,1/1/2015
55003,0.984,35,1/1/2015
55005,0.96,35,1/1/2015
55007,0.988,35,1/1/2015
55009,0.904,35,1/1/2015
55011,0.988,35,1/1/2015
55013,0.992,35,1/1/2015
55015,0.968,35,1/1/2015
55017,0.968,35,1/1/2015
55019,0.964,35,1/1/2015
55021,0.94,35,1/1/2015
55023,0.988,35,1/1/2015
55025,0.86,35,1/1/2015
55027,0.944,35,1/1/2015
55029,0.972,35,1/1/2015
55031,0.968,35,1/1/2015
55033,0.976,35,1/1/2015
55035,0.968,35,1/1/2015
55037,1,35,1/1/2015
55039,0.944,35,1/1/2015
55041,0.992,35,1/1/2015
55043,0.956,35,1/1/2015
55045,0.972,35,1/1/2015
55047,0.984,35,1/1/2015
55049,0.976,35,1/1/2015
55051,0.996,35,1/1/2015
55053,0.988,35,1/1/2015
55055,0.956,35,1/1/2015
55057,0.968,35,1/1/2015
55059,0.932,35,1/1/2015
55061,0.988,35,1/1/2015
55063,0.956,35,1/1/2015
55065,0.968,35,1/1/2015
55067,0.992,35,1/1/2015
55069,0.988,35,1/1/2015
55071,0.968,35,1/1/2015
55073,0.94,35,1/1/2015
55075,0.968,35,1/1/2015
55077,0.996,35,1/1/2015
55078,1,35,1/1/2015
55079,0.856,35,1/1/2015
55081,0.976,35,1/1/2015
55083,0.98,35,1/1/2015
55085,0.968,35,1/1/2015
55087,0.92,35,1/1/2015
55089,0.968,35,1/1/2015
55091,0.996,35,1/1/2015
55093,0.972,35,1/1/2015
55095,0.96,35,1/1/2015
55097,0.972,35,1/1/2015
55099,0.988,35,1/1/2015
55101,0.924,35,1/1/2015
55103,0.988,35,1/1/2015
55105,0.94,35,1/1/2015
55107,0.984,35,1/1/2015
55109,0.972,35,1/1/2015
55111,0.96,35,1/1/2015
55113,0.996,35,1/1/2015
55115,0.96,35,1/1/2015
55117,0.94,35,1/1/2015
55119,0.984,35,1/1/2015
55121,0.968,35,1/1/2015
55123,0.968,35,1/1/2015
55125,0.98,35,1/1/2015
55127,0.892,35,1/1/2015
55129,0.98,35,1/1/2015
55131,0.944,35,1/1/2015
55133,0.868,35,1/1/2015
55135,0.96,35,1/1/2015
55137,0.984,35,1/1/2015
55139,0.944,35,1/1/2015
55141,0.956,35,1/1/2015
56001,0.988,35,1/1/2015
56003,0.948,35,1/1/2015
56005,0.964,35,1/1/2015
56007,0.956,35,1/1/2015
56009,0.984,35,1/1/2015
56011,0.992,35,1/1/2015
56013,0.944,35,1/1/2015
56015,0.988,35,1/1/2015
56017,0.992,35,1/1/2015
56019,0.976,35,1/1/2015
56021,0.964,35,1/1/2015
56023,0.972,35,1/1/2015
56025,0.964,35,1/1/2015
56027,0.98,35,1/1/2015
56029,0.964,35,1/1/2015
56031,0.98,35,1/1/2015
56033,0.976,35,1/1/2015
56035,0.976,35,1/1/2015
56037,0.956,35,1/1/2015
56039,0.98,35,1/1/2015
56041,0.972,35,1/1/2015
56043,0.984,35,1/1/2015
56045,0.98,35,1/1/2015
