01001,measure,source,date
01003,0.01621124,43,1/1/2016
01005,0.019560616,43,1/1/2016
01007,0.03012145,43,1/1/2016
01009,0.013069427,43,1/1/2016
01011,0.007326331,43,1/1/2016
01013,0.05507857,43,1/1/2016
01015,0.049679106,43,1/1/2016
01017,0.054407427,43,1/1/2016
01019,0.035913809,43,1/1/2016
01021,0.024650648,43,1/1/2016
01023,0,43,1/1/2016
01025,0.020335884,43,1/1/2016
01027,0.036830193,43,1/1/2016
01029,0.035250774,43,1/1/2016
01031,0,43,1/1/2016
01033,0.027027964,43,1/1/2016
01035,0.058482545,43,1/1/2016
01037,0.037517909,43,1/1/2016
01039,0,43,1/1/2016
01041,0.052763003,43,1/1/2016
01043,0.055454214,43,1/1/2016
01045,0.019863827,43,1/1/2016
01047,0.019108559,43,1/1/2016
01049,0.043059922,43,1/1/2016
01051,0.019975196,43,1/1/2016
01053,0.017830502,43,1/1/2016
01055,0.027453314,43,1/1/2016
01057,0.069247931,43,1/1/2016
01059,0.038964517,43,1/1/2016
01061,0.041770605,43,1/1/2016
01063,0.032961003,43,1/1/2016
01065,0.02509847,43,1/1/2016
01067,0.027567526,43,1/1/2016
01069,0,43,1/1/2016
01071,0.079427722,43,1/1/2016
01073,0.034460933,43,1/1/2016
01075,0.070382742,43,1/1/2016
01077,0,43,1/1/2016
01079,0.037550864,43,1/1/2016
01081,0.031156257,43,1/1/2016
01083,0.020873227,43,1/1/2016
01085,0.011622637,43,1/1/2016
01087,0,43,1/1/2016
01089,0,43,1/1/2016
01091,0.032805312,43,1/1/2016
01093,0.05318597,43,1/1/2016
01095,0.045097259,43,1/1/2016
01097,0.026656491,43,1/1/2016
01099,0.049171488,43,1/1/2016
01101,0.046144113,43,1/1/2016
01103,0.048374184,43,1/1/2016
01105,0.035699964,43,1/1/2016
01107,0,43,1/1/2016
01109,0.029121338,43,1/1/2016
01111,0.030799425,43,1/1/2016
01113,0.011664495,43,1/1/2016
01115,0.021438801,43,1/1/2016
01117,0.004803038,43,1/1/2016
01119,0.017512743,43,1/1/2016
01121,0.026746615,43,1/1/2016
01123,0.035096623,43,1/1/2016
01125,0.026210266,43,1/1/2016
01127,0.059946632,43,1/1/2016
01129,0.043436111,43,1/1/2016
01131,0.009461356,43,1/1/2016
01133,0.028861184,43,1/1/2016
02013,0.026194874,43,1/1/2016
02016,0,43,1/1/2016
02020,0,43,1/1/2016
02050,0.035018169,43,1/1/2016
02060,0.021763787,43,1/1/2016
02068,0,43,1/1/2016
02070,0,43,1/1/2016
02090,0.029867888,43,1/1/2016
02100,0.022796735,43,1/1/2016
02105,0,43,1/1/2016
02110,0,43,1/1/2016
02122,0,43,1/1/2016
02130,0.0368521,43,1/1/2016
02150,0.041519288,43,1/1/2016
02158,0.01924149,43,1/1/2016
02164,0,43,1/1/2016
02170,0,43,1/1/2016
02180,0.007493925,43,1/1/2016
02185,0.03836672,43,1/1/2016
02188,0,43,1/1/2016
02195,0.023416188,43,1/1/2016
02198,0,43,1/1/2016
02220,0,43,1/1/2016
02230,0.06463467,43,1/1/2016
02240,0,43,1/1/2016
02261,0,43,1/1/2016
02275,0.049709726,43,1/1/2016
02282,0,43,1/1/2016
02290,0,43,1/1/2016
04001,0,43,1/1/2016
04003,0.002891171,43,1/1/2016
04005,0.01546227,43,1/1/2016
04007,0.023101892,43,1/1/2016
04009,0.013616749,43,1/1/2016
04011,0.013773752,43,1/1/2016
04012,0,43,1/1/2016
04013,0.013005076,43,1/1/2016
04015,0.024174377,43,1/1/2016
04017,0.03027811,43,1/1/2016
04019,0.012487644,43,1/1/2016
04021,0.032834114,43,1/1/2016
04023,0.006287744,43,1/1/2016
04025,0.012870764,43,1/1/2016
04027,0.01555624,43,1/1/2016
05001,0.021073067,43,1/1/2016
05003,0.014506651,43,1/1/2016
05005,0.017020099,43,1/1/2016
05007,0.068980633,43,1/1/2016
05009,0.006956201,43,1/1/2016
05011,0.049297662,43,1/1/2016
05013,0.03364076,43,1/1/2016
05015,0,43,1/1/2016
05017,0.01796793,43,1/1/2016
05019,0.038625731,43,1/1/2016
05021,0.011661921,43,1/1/2016
05023,0.017709393,43,1/1/2016
05025,0.010458524,43,1/1/2016
05027,0,43,1/1/2016
05029,0.030953834,43,1/1/2016
05031,0.017667946,43,1/1/2016
05033,0.061814992,43,1/1/2016
05035,0.017482831,43,1/1/2016
05037,0.011591838,43,1/1/2016
05039,0.015508842,43,1/1/2016
05041,0.035376106,43,1/1/2016
05043,0.04449716,43,1/1/2016
05045,0.027766839,43,1/1/2016
05047,0.014872836,43,1/1/2016
05049,0,43,1/1/2016
05051,0.021795277,43,1/1/2016
05053,0.064079307,43,1/1/2016
05055,0,43,1/1/2016
05057,0.0305708,43,1/1/2016
05059,0.0379971,43,1/1/2016
05061,0.031668261,43,1/1/2016
05063,0,43,1/1/2016
05065,0.05658696,43,1/1/2016
05067,0.019669779,43,1/1/2016
05069,0.081625481,43,1/1/2016
05071,0.075173458,43,1/1/2016
05073,0.032301239,43,1/1/2016
05075,0,43,1/1/2016
05077,0.015788715,43,1/1/2016
05079,0,43,1/1/2016
05081,0,43,1/1/2016
05083,0.021221118,43,1/1/2016
05085,0.019884709,43,1/1/2016
05087,0,43,1/1/2016
05089,0,43,1/1/2016
05091,0,43,1/1/2016
05093,0.014965078,43,1/1/2016
05095,0.047620178,43,1/1/2016
05097,0,43,1/1/2016
05099,0,43,1/1/2016
05101,0,43,1/1/2016
05103,0,43,1/1/2016
05105,0.043858268,43,1/1/2016
05107,0,43,1/1/2016
05109,0.086334106,43,1/1/2016
05111,0,43,1/1/2016
05113,0,43,1/1/2016
05115,0.034054566,43,1/1/2016
05117,0.028171093,43,1/1/2016
05119,0,43,1/1/2016
05121,0.082536028,43,1/1/2016
05123,0.03028704,43,1/1/2016
05125,0.047607953,43,1/1/2016
05127,0.021725041,43,1/1/2016
05129,0,43,1/1/2016
05131,0,43,1/1/2016
05133,0.08683898,43,1/1/2016
05135,0.021875446,43,1/1/2016
05137,0,43,1/1/2016
05139,0.021072186,43,1/1/2016
05141,0.043985466,43,1/1/2016
05143,0.015890314,43,1/1/2016
05145,0.039439724,43,1/1/2016
05147,0.067470277,43,1/1/2016
05149,0,43,1/1/2016
06001,0.037269923,43,1/1/2016
06003,0.024586239,43,1/1/2016
06005,0,43,1/1/2016
06007,0.014701501,43,1/1/2016
06009,0.027579641,43,1/1/2016
06011,0.011230886,43,1/1/2016
06013,0.023499645,43,1/1/2016
06015,0.016796723,43,1/1/2016
06017,0.018804623,43,1/1/2016
06019,0.013664925,43,1/1/2016
06021,0.038299645,43,1/1/2016
06023,0.017687071,43,1/1/2016
06025,0.023126331,43,1/1/2016
06027,0.015659198,43,1/1/2016
06029,0.036115292,43,1/1/2016
06031,0.021895543,43,1/1/2016
06033,0.013477133,43,1/1/2016
06035,0.010220161,43,1/1/2016
06037,0.013010064,43,1/1/2016
06039,0.030479075,43,1/1/2016
06041,0.031564039,43,1/1/2016
06043,0.01857114,43,1/1/2016
06045,0.020640139,43,1/1/2016
06047,0.017006255,43,1/1/2016
06049,0.009677099,43,1/1/2016
06051,0.13579228,43,1/1/2016
06053,0.012851185,43,1/1/2016
06055,0.019256832,43,1/1/2016
06057,0.132329521,43,1/1/2016
06059,0.018768986,43,1/1/2016
06061,0.026258076,43,1/1/2016
06063,0.020775144,43,1/1/2016
06065,0.049363827,43,1/1/2016
06067,0.017461931,43,1/1/2016
06069,0.024425458,43,1/1/2016
06071,0.032197508,43,1/1/2016
06073,0.029167061,43,1/1/2016
06075,0.024283701,43,1/1/2016
06077,0.057863796,43,1/1/2016
06079,0.018092487,43,1/1/2016
06081,0.06777301,43,1/1/2016
06083,0.024612188,43,1/1/2016
06085,0.024967366,43,1/1/2016
06087,0.020654448,43,1/1/2016
06089,0.014429384,43,1/1/2016
06091,0.044010144,43,1/1/2016
06093,0.139867545,43,1/1/2016
06095,0.014785838,43,1/1/2016
06097,0.017982802,43,1/1/2016
06099,0.04088339,43,1/1/2016
06101,0.029937206,43,1/1/2016
06103,0.01006037,43,1/1/2016
06105,0.01269425,43,1/1/2016
06107,0.042170024,43,1/1/2016
06109,0.047882473,43,1/1/2016
06111,0.029858054,43,1/1/2016
06113,0.021020069,43,1/1/2016
06115,0.007640145,43,1/1/2016
08001,0.024290017,43,1/1/2016
08003,0.017778049,43,1/1/2016
08005,0.027923291,43,1/1/2016
08007,0.016755912,43,1/1/2016
08009,0.009044548,43,1/1/2016
08011,0.234010167,43,1/1/2016
08013,0,43,1/1/2016
08014,0.017121523,43,1/1/2016
08015,0.014615353,43,1/1/2016
08017,0.013864211,43,1/1/2016
08019,0.062910509,43,1/1/2016
08021,0,43,1/1/2016
08023,0.022102647,43,1/1/2016
08025,0,43,1/1/2016
08027,0,43,1/1/2016
08029,0,43,1/1/2016
08031,0.017012,43,1/1/2016
08033,0.018337779,43,1/1/2016
08035,0,43,1/1/2016
08037,0.014150615,43,1/1/2016
08039,0.011354165,43,1/1/2016
08041,0,43,1/1/2016
08043,0.021451675,43,1/1/2016
08045,0.005568944,43,1/1/2016
08047,0.021357972,43,1/1/2016
08049,0,43,1/1/2016
08051,0.030985773,43,1/1/2016
08053,0.015459238,43,1/1/2016
08055,0,43,1/1/2016
08057,0.031657827,43,1/1/2016
08059,0,43,1/1/2016
08061,0.014120614,43,1/1/2016
08063,0.323304116,43,1/1/2016
08065,0.024504008,43,1/1/2016
08067,0.034684187,43,1/1/2016
08069,0.017861006,43,1/1/2016
08071,0.018433899,43,1/1/2016
08073,0.018735314,43,1/1/2016
08075,0.093646691,43,1/1/2016
08077,0.012054571,43,1/1/2016
08079,0.03239357,43,1/1/2016
08081,0,43,1/1/2016
08083,0,43,1/1/2016
08085,0.009786442,43,1/1/2016
08087,0.017584785,43,1/1/2016
08089,0.025792552,43,1/1/2016
08091,0.045060361,43,1/1/2016
08093,0,43,1/1/2016
08095,0,43,1/1/2016
08097,0.098591096,43,1/1/2016
08099,0.01488419,43,1/1/2016
08101,0.022162736,43,1/1/2016
08103,0.082696556,43,1/1/2016
08105,0.074281499,43,1/1/2016
08107,0.015652271,43,1/1/2016
08109,0.042022015,43,1/1/2016
08111,0,43,1/1/2016
08113,0,43,1/1/2016
08115,0,43,1/1/2016
08117,0.28101944,43,1/1/2016
08119,0.011830672,43,1/1/2016
08121,0.00659379,43,1/1/2016
08123,0,43,1/1/2016
08125,0.010750579,43,1/1/2016
09001,0.029291402,43,1/1/2016
09003,0.023126472,43,1/1/2016
09005,0.035293484,43,1/1/2016
09007,0.015745976,43,1/1/2016
09009,0.013912579,43,1/1/2016
09011,0.037557987,43,1/1/2016
09013,0.018215533,43,1/1/2016
09015,0.012169298,43,1/1/2016
10001,0.021284924,43,1/1/2016
10003,0.017410709,43,1/1/2016
10005,0.039392611,43,1/1/2016
11001,0.022841338,43,1/1/2016
12001,0.07129556,43,1/1/2016
12003,0.06746592,43,1/1/2016
12005,0.265198297,43,1/1/2016
12007,0.036422126,43,1/1/2016
12009,0.009812974,43,1/1/2016
12011,0.032758263,43,1/1/2016
12013,0.034441543,43,1/1/2016
12015,0.018319638,43,1/1/2016
12017,0.045719,43,1/1/2016
12019,0.023990104,43,1/1/2016
12021,0.018975441,43,1/1/2016
12023,0.028771613,43,1/1/2016
12027,0.065122848,43,1/1/2016
12029,0.014465903,43,1/1/2016
12031,0,43,1/1/2016
12033,0.041419852,43,1/1/2016
12035,0.040171773,43,1/1/2016
12037,0.009660489,43,1/1/2016
12039,0.022201843,43,1/1/2016
12041,0.226743663,43,1/1/2016
12043,0,43,1/1/2016
12045,0,43,1/1/2016
12047,0.012558496,43,1/1/2016
12049,0,43,1/1/2016
12051,0.009657315,43,1/1/2016
12053,0.006724972,43,1/1/2016
12055,0.034914842,43,1/1/2016
12057,0.035607958,43,1/1/2016
12059,0.030464997,43,1/1/2016
12061,0.010847196,43,1/1/2016
12063,0.029636589,43,1/1/2016
12065,0.019065293,43,1/1/2016
12067,0,43,1/1/2016
12069,0,43,1/1/2016
12071,0.02470533,43,1/1/2016
12073,0.030243615,43,1/1/2016
12075,0.02908263,43,1/1/2016
12077,0.00528964,43,1/1/2016
12079,0,43,1/1/2016
12081,0.014498691,43,1/1/2016
12083,0.023056207,43,1/1/2016
12085,0.025921249,43,1/1/2016
12086,0.025839526,43,1/1/2016
12087,0.036760332,43,1/1/2016
12089,0.025260626,43,1/1/2016
12091,0.007079012,43,1/1/2016
12093,0.024587542,43,1/1/2016
12095,0.026216613,43,1/1/2016
12097,0.022386442,43,1/1/2016
12099,0.012424271,43,1/1/2016
12101,0.030459316,43,1/1/2016
12103,0.025433935,43,1/1/2016
12105,0.043354838,43,1/1/2016
12107,0.028637711,43,1/1/2016
12109,0.014476633,43,1/1/2016
12111,0.01510578,43,1/1/2016
12113,0.025826996,43,1/1/2016
12115,0.014691431,43,1/1/2016
12117,0.031816872,43,1/1/2016
12119,0.019096948,43,1/1/2016
12121,0.022417158,43,1/1/2016
12123,0.003620005,43,1/1/2016
12125,0.02287758,43,1/1/2016
12127,0.11028243,43,1/1/2016
12129,0.031245855,43,1/1/2016
12131,0,43,1/1/2016
12133,0.017323806,43,1/1/2016
13001,0.025380315,43,1/1/2016
13003,0.028102849,43,1/1/2016
13005,0,43,1/1/2016
13007,0.043681092,43,1/1/2016
13009,0,43,1/1/2016
13011,0.079599687,43,1/1/2016
13013,0,43,1/1/2016
13015,0.007673963,43,1/1/2016
13017,0.008145089,43,1/1/2016
13019,0.045970679,43,1/1/2016
13021,0,43,1/1/2016
13023,0.087175285,43,1/1/2016
13025,0.020371946,43,1/1/2016
13027,0,43,1/1/2016
13029,0.01684351,43,1/1/2016
13031,0,43,1/1/2016
13033,0.026874327,43,1/1/2016
13035,0.018633578,43,1/1/2016
13037,0,43,1/1/2016
13039,0,43,1/1/2016
13043,0.007975374,43,1/1/2016
13045,0.024218528,43,1/1/2016
13047,0.027544891,43,1/1/2016
13049,0.029447553,43,1/1/2016
13051,0,43,1/1/2016
13053,0.052025508,43,1/1/2016
13055,0.055157575,43,1/1/2016
13057,0,43,1/1/2016
13059,0.003454639,43,1/1/2016
13061,0.048646718,43,1/1/2016
13063,0,43,1/1/2016
13065,0.018266563,43,1/1/2016
13067,0.038691483,43,1/1/2016
13069,0.016938033,43,1/1/2016
13071,0.021623476,43,1/1/2016
13073,0.03653401,43,1/1/2016
13075,0,43,1/1/2016
13077,0.036939356,43,1/1/2016
13079,0.015869318,43,1/1/2016
13081,0,43,1/1/2016
13083,0.033956889,43,1/1/2016
13085,0.008451532,43,1/1/2016
13087,0,43,1/1/2016
13089,0.031523273,43,1/1/2016
13091,0.034776806,43,1/1/2016
13093,0.048314096,43,1/1/2016
13095,0,43,1/1/2016
13097,0.110248715,43,1/1/2016
13099,0.014267925,43,1/1/2016
13101,0,43,1/1/2016
13103,0,43,1/1/2016
13105,0.004500343,43,1/1/2016
13107,0.028709513,43,1/1/2016
13109,0.033618976,43,1/1/2016
13111,0.048536018,43,1/1/2016
13113,0.021222822,43,1/1/2016
13115,0.01486493,43,1/1/2016
13117,0.061185291,43,1/1/2016
13119,0.008942607,43,1/1/2016
13121,0.026517118,43,1/1/2016
13123,0.042768051,43,1/1/2016
13125,0,43,1/1/2016
13127,0,43,1/1/2016
13129,0.012632429,43,1/1/2016
13131,0.014858661,43,1/1/2016
13133,0.025561832,43,1/1/2016
13135,0.030458114,43,1/1/2016
13137,0.009868337,43,1/1/2016
13139,0.012660018,43,1/1/2016
13141,0,43,1/1/2016
13143,0,43,1/1/2016
13145,0.009098001,43,1/1/2016
13147,0,43,1/1/2016
13149,0,43,1/1/2016
13151,0,43,1/1/2016
13153,0.012629306,43,1/1/2016
13155,0.019175625,43,1/1/2016
13157,0.038138912,43,1/1/2016
13159,0.042037052,43,1/1/2016
13161,0.013158958,43,1/1/2016
13163,0.017760579,43,1/1/2016
13165,0.024569724,43,1/1/2016
13167,0.029859209,43,1/1/2016
13169,0,43,1/1/2016
13171,0,43,1/1/2016
13173,0,43,1/1/2016
13175,0.040653776,43,1/1/2016
13177,0.081854098,43,1/1/2016
13179,0,43,1/1/2016
13181,0.004222857,43,1/1/2016
13183,0,43,1/1/2016
13185,0,43,1/1/2016
13187,0.03964699,43,1/1/2016
13189,0.016469369,43,1/1/2016
13191,0.023115001,43,1/1/2016
13193,0,43,1/1/2016
13195,0.038504038,43,1/1/2016
13197,0,43,1/1/2016
13199,0,43,1/1/2016
13201,0.094285163,43,1/1/2016
13205,0.044587266,43,1/1/2016
13207,0.010823554,43,1/1/2016
13209,0.009676413,43,1/1/2016
13211,0,43,1/1/2016
13213,0.023848519,43,1/1/2016
13215,0.011290768,43,1/1/2016
13217,0.067164857,43,1/1/2016
13219,0.009581301,43,1/1/2016
13221,0,43,1/1/2016
13223,0,43,1/1/2016
13225,0.005629547,43,1/1/2016
13227,0.009912742,43,1/1/2016
13229,0.01645402,43,1/1/2016
13231,0,43,1/1/2016
13233,0,43,1/1/2016
13235,0.01340854,43,1/1/2016
13237,0.046029625,43,1/1/2016
13239,0.012302656,43,1/1/2016
13241,0,43,1/1/2016
13243,0.015956527,43,1/1/2016
13245,0.036815402,43,1/1/2016
13247,0.164891942,43,1/1/2016
13249,0.017268972,43,1/1/2016
13251,0,43,1/1/2016
13253,0.018814023,43,1/1/2016
13255,0.08112692,43,1/1/2016
13257,0.026093795,43,1/1/2016
13259,0.039401215,43,1/1/2016
13261,0,43,1/1/2016
13263,0.026431978,43,1/1/2016
13265,0,43,1/1/2016
13267,0,43,1/1/2016
13269,0.010530214,43,1/1/2016
13271,0,43,1/1/2016
13273,0,43,1/1/2016
13275,0,43,1/1/2016
13277,0.061664756,43,1/1/2016
13279,0.049443333,43,1/1/2016
13281,0.022151457,43,1/1/2016
13283,0.023195868,43,1/1/2016
13285,0,43,1/1/2016
13287,0.041668945,43,1/1/2016
13289,0,43,1/1/2016
13291,0,43,1/1/2016
13293,0.020743346,43,1/1/2016
13295,0.046152688,43,1/1/2016
13297,0,43,1/1/2016
13299,0.009023888,43,1/1/2016
13301,0.068314708,43,1/1/2016
13303,0,43,1/1/2016
13305,0.059930586,43,1/1/2016
13307,0,43,1/1/2016
13309,0,43,1/1/2016
13311,0.033119095,43,1/1/2016
13313,0,43,1/1/2016
13315,0.028496766,43,1/1/2016
13317,0,43,1/1/2016
13319,0.026947898,43,1/1/2016
13321,0,43,1/1/2016
15001,0.012734921,43,1/1/2016
15003,0.026841952,43,1/1/2016
15005,0.023627258,43,1/1/2016
15007,0,43,1/1/2016
15009,0.027732365,43,1/1/2016
16001,0.016487448,43,1/1/2016
16003,0.032228552,43,1/1/2016
16005,0,43,1/1/2016
16007,0.023548663,43,1/1/2016
16009,0.037333604,43,1/1/2016
16011,0.022086488,43,1/1/2016
16013,0.025720365,43,1/1/2016
16015,0,43,1/1/2016
16017,0,43,1/1/2016
16019,0.006211777,43,1/1/2016
16021,0.031264671,43,1/1/2016
16023,0.018095994,43,1/1/2016
16025,0.181713521,43,1/1/2016
16027,0,43,1/1/2016
16029,0.011782236,43,1/1/2016
16031,0.038365636,43,1/1/2016
16033,0.011241667,43,1/1/2016
16035,0,43,1/1/2016
16037,0.103239277,43,1/1/2016
16039,0,43,1/1/2016
16041,0.010155436,43,1/1/2016
16043,0.051244425,43,1/1/2016
16045,0,43,1/1/2016
16047,0.00984075,43,1/1/2016
16049,0.010440203,43,1/1/2016
16051,0.026167283,43,1/1/2016
16053,0,43,1/1/2016
16055,0.011491004,43,1/1/2016
16057,0.023971965,43,1/1/2016
16059,0.0067411,43,1/1/2016
16061,0.024633093,43,1/1/2016
16063,0,43,1/1/2016
16065,0,43,1/1/2016
16067,0.018675953,43,1/1/2016
16069,0.045113939,43,1/1/2016
16071,0.035606017,43,1/1/2016
16073,0,43,1/1/2016
16075,0,43,1/1/2016
16077,0,43,1/1/2016
16079,0.049710316,43,1/1/2016
16081,0.021219414,43,1/1/2016
16083,0.012536182,43,1/1/2016
16085,0.028601027,43,1/1/2016
16087,0.025173794,43,1/1/2016
17001,0.019741481,43,1/1/2016
17003,0.053179781,43,1/1/2016
17005,0,43,1/1/2016
17007,0.094231148,43,1/1/2016
17009,0,43,1/1/2016
17011,0,43,1/1/2016
17013,0.007920625,43,1/1/2016
17015,0,43,1/1/2016
17017,0,43,1/1/2016
17019,0,43,1/1/2016
17021,0.02783989,43,1/1/2016
17023,0.02125914,43,1/1/2016
17025,0,43,1/1/2016
17027,0.014303863,43,1/1/2016
17029,0,43,1/1/2016
17031,0.02382626,43,1/1/2016
17033,0.036544031,43,1/1/2016
17035,0.034485438,43,1/1/2016
17037,0,43,1/1/2016
17039,0.019312265,43,1/1/2016
17041,0.016283997,43,1/1/2016
17043,0,43,1/1/2016
17045,0.02137975,43,1/1/2016
17047,0.015041793,43,1/1/2016
17049,0,43,1/1/2016
17051,0.044874919,43,1/1/2016
17053,0.053356566,43,1/1/2016
17055,0.052163587,43,1/1/2016
17057,0.006747986,43,1/1/2016
17059,0.027659663,43,1/1/2016
17061,0,43,1/1/2016
17063,0.230865664,43,1/1/2016
17065,0.01864976,43,1/1/2016
17067,0.032778084,43,1/1/2016
17069,0.010278873,43,1/1/2016
17071,0.065662062,43,1/1/2016
17073,0,43,1/1/2016
17075,0.018444217,43,1/1/2016
17077,0.031333137,43,1/1/2016
17079,0.033033628,43,1/1/2016
17081,0,43,1/1/2016
17083,0.011266968,43,1/1/2016
17085,0.023513249,43,1/1/2016
17087,0.012137076,43,1/1/2016
17089,0,43,1/1/2016
17091,0.021884715,43,1/1/2016
17093,0.044962874,43,1/1/2016
17095,0,43,1/1/2016
17097,0.043364753,43,1/1/2016
17099,0.014552027,43,1/1/2016
17101,0.023307854,43,1/1/2016
17103,0.016133855,43,1/1/2016
17105,0.024685914,43,1/1/2016
17107,0.012152893,43,1/1/2016
17109,0.00894856,43,1/1/2016
17111,0.032392945,43,1/1/2016
17113,0.011808169,43,1/1/2016
17115,0.012259701,43,1/1/2016
17117,0.018648198,43,1/1/2016
17119,0.011511028,43,1/1/2016
17121,0.037502152,43,1/1/2016
17123,0.037409815,43,1/1/2016
17125,0,43,1/1/2016
17127,0.015649612,43,1/1/2016
17129,0.018025934,43,1/1/2016
17131,0,43,1/1/2016
17133,0.01478177,43,1/1/2016
17135,0,43,1/1/2016
17137,0.018252565,43,1/1/2016
17139,0.033300705,43,1/1/2016
17141,0,43,1/1/2016
17143,0.003298099,43,1/1/2016
17145,0.064097269,43,1/1/2016
17147,0.024743563,43,1/1/2016
17149,0.010211561,43,1/1/2016
17151,0.013915252,43,1/1/2016
17153,0,43,1/1/2016
17155,0,43,1/1/2016
17157,0,43,1/1/2016
17159,0.053458794,43,1/1/2016
17161,0.05971167,43,1/1/2016
17163,0.032411183,43,1/1/2016
17165,0.02912148,43,1/1/2016
17167,0.042611537,43,1/1/2016
17169,0.055922151,43,1/1/2016
17171,0.070225684,43,1/1/2016
17173,0,43,1/1/2016
17175,0.014600035,43,1/1/2016
17177,0,43,1/1/2016
17179,0.023165364,43,1/1/2016
17181,0.011797037,43,1/1/2016
17183,0.028860178,43,1/1/2016
17185,0.060482232,43,1/1/2016
17187,0.022992006,43,1/1/2016
17189,0.013988158,43,1/1/2016
17191,0,43,1/1/2016
17193,0.035453349,43,1/1/2016
17195,0,43,1/1/2016
17197,0.0252372,43,1/1/2016
17199,0.014055596,43,1/1/2016
17201,0.067424869,43,1/1/2016
17203,0.033532554,43,1/1/2016
18001,0.004860536,43,1/1/2016
18003,0.069895804,43,1/1/2016
18005,0.041116941,43,1/1/2016
18007,0.025707663,43,1/1/2016
18009,0,43,1/1/2016
18011,0.01304918,43,1/1/2016
18013,0.008500552,43,1/1/2016
18015,0,43,1/1/2016
18017,0,43,1/1/2016
18019,0.023117697,43,1/1/2016
18021,0.027144054,43,1/1/2016
18023,0.010043108,43,1/1/2016
18025,0.008140744,43,1/1/2016
18027,0,43,1/1/2016
18029,0.025645826,43,1/1/2016
18031,0.019710625,43,1/1/2016
18033,0.009933985,43,1/1/2016
18035,0.016565777,43,1/1/2016
18037,0.041141099,43,1/1/2016
18039,0.033034227,43,1/1/2016
18041,0.021160648,43,1/1/2016
18043,0.03306907,43,1/1/2016
18045,0.055048125,43,1/1/2016
18047,0,43,1/1/2016
18049,0,43,1/1/2016
18051,0.013120023,43,1/1/2016
18053,0.021951387,43,1/1/2016
18055,0.018157835,43,1/1/2016
18057,0.008202916,43,1/1/2016
18059,0.017939377,43,1/1/2016
18061,0.013190239,43,1/1/2016
18063,0.006634463,43,1/1/2016
18065,0.016714509,43,1/1/2016
18067,0.019604025,43,1/1/2016
18069,0.042881061,43,1/1/2016
18071,0.010452823,43,1/1/2016
18073,0.022332352,43,1/1/2016
18075,0.014541693,43,1/1/2016
18077,0.017576442,43,1/1/2016
18079,0.072376777,43,1/1/2016
18081,0.009518846,43,1/1/2016
18083,0.034075042,43,1/1/2016
18085,0.053483267,43,1/1/2016
18087,0.01175933,43,1/1/2016
18089,0.006755923,43,1/1/2016
18091,0.049098182,43,1/1/2016
18093,0.036025652,43,1/1/2016
18095,0.011609655,43,1/1/2016
18097,0.044958321,43,1/1/2016
18099,0.045140175,43,1/1/2016
18101,0.037230654,43,1/1/2016
18103,0,43,1/1/2016
18105,0.007363491,43,1/1/2016
18107,0.028475247,43,1/1/2016
18109,0.021096848,43,1/1/2016
18111,0.017590175,43,1/1/2016
18113,0,43,1/1/2016
18115,0.006877659,43,1/1/2016
18117,0,43,1/1/2016
18119,0.013118964,43,1/1/2016
18121,0,43,1/1/2016
18123,0,43,1/1/2016
18125,0.013931464,43,1/1/2016
18127,0,43,1/1/2016
18129,0.01839275,43,1/1/2016
18131,0,43,1/1/2016
18133,0.020870785,43,1/1/2016
18135,0.007058023,43,1/1/2016
18137,0.006742024,43,1/1/2016
18139,0.009159819,43,1/1/2016
18141,0.015870271,43,1/1/2016
18143,0.031376132,43,1/1/2016
18145,0.011134603,43,1/1/2016
18147,0.01716825,43,1/1/2016
18149,0,43,1/1/2016
18151,0.024345046,43,1/1/2016
18153,0.007744874,43,1/1/2016
18155,0.012701862,43,1/1/2016
18157,0,43,1/1/2016
18159,0.030685344,43,1/1/2016
18161,0.017403777,43,1/1/2016
18163,0,43,1/1/2016
18165,0.075143233,43,1/1/2016
18167,0.016888727,43,1/1/2016
18169,0.055816312,43,1/1/2016
18171,0.016637752,43,1/1/2016
18173,0.020708235,43,1/1/2016
18175,0.026550091,43,1/1/2016
18177,0.00954912,43,1/1/2016
18179,0.070017333,43,1/1/2016
18181,0.029873995,43,1/1/2016
18183,0.011009798,43,1/1/2016
19001,0.030649336,43,1/1/2016
19003,0.037256647,43,1/1/2016
19005,0.062961614,43,1/1/2016
19007,0.019030837,43,1/1/2016
19009,0.038164295,43,1/1/2016
19011,0.04653472,43,1/1/2016
19013,0.010281495,43,1/1/2016
19015,0.053678232,43,1/1/2016
19017,0.01673061,43,1/1/2016
19019,0.021310117,43,1/1/2016
19021,0.060417105,43,1/1/2016
19023,0.018193675,43,1/1/2016
19025,0,43,1/1/2016
19027,0.026835683,43,1/1/2016
19029,0.059989235,43,1/1/2016
19031,0.026508768,43,1/1/2016
19033,0,43,1/1/2016
19035,0.143798788,43,1/1/2016
19037,0.076227332,43,1/1/2016
19039,0.015823121,43,1/1/2016
19041,0.02838373,43,1/1/2016
19043,0.06406218,43,1/1/2016
19045,0.03004254,43,1/1/2016
19047,0.059201756,43,1/1/2016
19049,0.015597647,43,1/1/2016
19051,0.003126321,43,1/1/2016
19053,0.029822137,43,1/1/2016
19055,0.032455981,43,1/1/2016
19057,0.015249272,43,1/1/2016
19059,0.056649379,43,1/1/2016
19061,0.030034177,43,1/1/2016
19063,0.051208868,43,1/1/2016
19065,0.027358059,43,1/1/2016
19067,0.026351265,43,1/1/2016
19069,0.016646137,43,1/1/2016
19071,0.025980741,43,1/1/2016
19073,0.038017862,43,1/1/2016
19075,0.029322399,43,1/1/2016
19077,0.068668663,43,1/1/2016
19079,0.02586288,43,1/1/2016
19081,0.017526143,43,1/1/2016
19083,0.024386169,43,1/1/2016
19085,0.021474155,43,1/1/2016
19087,0.018674404,43,1/1/2016
19089,0.081246283,43,1/1/2016
19091,0.028313774,43,1/1/2016
19093,0.054588311,43,1/1/2016
19095,0.037827364,43,1/1/2016
19097,0.016199138,43,1/1/2016
19099,0.01356944,43,1/1/2016
19101,0.019578557,43,1/1/2016
19103,0.014606088,43,1/1/2016
19105,0.099741921,43,1/1/2016
19107,0.011376155,43,1/1/2016
19109,0.026111685,43,1/1/2016
19111,0.017482079,43,1/1/2016
19113,0.022136357,43,1/1/2016
19115,0.047394678,43,1/1/2016
19117,0,43,1/1/2016
19119,0.030556741,43,1/1/2016
19121,0.022479508,43,1/1/2016
19123,0.016672396,43,1/1/2016
19125,0.015724082,43,1/1/2016
19127,0.035984606,43,1/1/2016
19129,0.032772393,43,1/1/2016
19131,0.600734014,43,1/1/2016
19133,0.024549302,43,1/1/2016
19135,0.029694778,43,1/1/2016
19137,0.033573588,43,1/1/2016
19139,0.025840991,43,1/1/2016
19141,0.0118144,43,1/1/2016
19143,0.028646269,43,1/1/2016
19145,0.043572582,43,1/1/2016
19147,0.034334889,43,1/1/2016
19149,0.054906751,43,1/1/2016
19151,0.010485085,43,1/1/2016
19153,0.038371208,43,1/1/2016
19155,0.041647581,43,1/1/2016
19157,0.058050141,43,1/1/2016
19159,0.027943631,43,1/1/2016
19161,0.0333669,43,1/1/2016
19163,0.026754165,43,1/1/2016
19165,0.026104684,43,1/1/2016
19167,0.022391876,43,1/1/2016
19169,0.029679598,43,1/1/2016
19171,0.043760677,43,1/1/2016
19173,0,43,1/1/2016
19175,0,43,1/1/2016
19177,0.021274085,43,1/1/2016
19179,0.03633945,43,1/1/2016
19181,0.035046595,43,1/1/2016
19183,0,43,1/1/2016
19185,0.01185872,43,1/1/2016
19187,0.045866558,43,1/1/2016
19189,0.057488458,43,1/1/2016
19191,0,43,1/1/2016
19193,0.012850744,43,1/1/2016
19195,0.085350523,43,1/1/2016
19197,0,43,1/1/2016
20001,0.038871694,43,1/1/2016
20003,0,43,1/1/2016
20005,0.055363177,43,1/1/2016
20007,0.0161309,43,1/1/2016
20009,0.078906526,43,1/1/2016
20011,0.031973341,43,1/1/2016
20013,0.04410665,43,1/1/2016
20015,0.054569215,43,1/1/2016
20017,0.019868551,43,1/1/2016
20019,0,43,1/1/2016
20021,0.078311837,43,1/1/2016
20023,0.031843668,43,1/1/2016
20025,0.063548834,43,1/1/2016
20027,0.504984356,43,1/1/2016
20029,0.032448009,43,1/1/2016
20031,0.028876955,43,1/1/2016
20033,0.097756351,43,1/1/2016
20035,0.068113634,43,1/1/2016
20037,0.018327857,43,1/1/2016
20039,0.039400188,43,1/1/2016
20041,0.22765074,43,1/1/2016
20043,0.075951966,43,1/1/2016
20045,0,43,1/1/2016
20047,0.013450124,43,1/1/2016
20049,0.079141335,43,1/1/2016
20051,0,43,1/1/2016
20053,0.062917041,43,1/1/2016
20055,0.041754763,43,1/1/2016
20057,0.037990944,43,1/1/2016
20059,0.030800612,43,1/1/2016
20061,0.018193837,43,1/1/2016
20063,0.027323802,43,1/1/2016
20065,0.285758048,43,1/1/2016
20067,0.103051536,43,1/1/2016
20069,0.035939459,43,1/1/2016
20071,0,43,1/1/2016
20073,0.407753299,43,1/1/2016
20075,0.04295629,43,1/1/2016
20077,0.287562548,43,1/1/2016
20079,0.092954842,43,1/1/2016
20081,0.042683933,43,1/1/2016
20083,0.034297691,43,1/1/2016
20085,0.214770422,43,1/1/2016
20087,0.009542366,43,1/1/2016
20089,0.041387704,43,1/1/2016
20091,0.149371798,43,1/1/2016
20093,0.026962615,43,1/1/2016
20095,0.067455741,43,1/1/2016
20097,0.035385582,43,1/1/2016
20099,0.063847959,43,1/1/2016
20101,0.034637091,43,1/1/2016
20103,0.109824214,43,1/1/2016
20105,0.017130885,43,1/1/2016
20107,0.048150185,43,1/1/2016
20109,0,43,1/1/2016
20111,0.26506413,43,1/1/2016
20113,0.018608444,43,1/1/2016
20115,0.03192265,43,1/1/2016
20117,0.045375347,43,1/1/2016
20119,0.026862966,43,1/1/2016
20121,0.050137408,43,1/1/2016
20123,0.062200562,43,1/1/2016
20125,0.126969792,43,1/1/2016
20127,0.028402521,43,1/1/2016
20129,0.047411473,43,1/1/2016
20131,0.445321581,43,1/1/2016
20133,0.050569213,43,1/1/2016
20135,0.016364681,43,1/1/2016
20137,0.388932222,43,1/1/2016
20139,0.048101973,43,1/1/2016
20141,0,43,1/1/2016
20143,0.072549187,43,1/1/2016
20145,0.074982526,43,1/1/2016
20147,1,43,1/1/2016
20149,0.048677992,43,1/1/2016
20151,0.079062884,43,1/1/2016
20153,0.093735608,43,1/1/2016
20155,0.099511641,43,1/1/2016
20157,0.037280596,43,1/1/2016
20159,0.141699261,43,1/1/2016
20161,0.026876629,43,1/1/2016
20163,0.015707256,43,1/1/2016
20165,0.04164289,43,1/1/2016
20167,0.124422092,43,1/1/2016
20169,0.069572469,43,1/1/2016
20171,0.041016986,43,1/1/2016
20173,0.052508771,43,1/1/2016
20175,0.023532692,43,1/1/2016
20177,0.047006276,43,1/1/2016
20179,0.044139696,43,1/1/2016
20181,0.223258339,43,1/1/2016
20183,0.044295748,43,1/1/2016
20185,0.154227746,43,1/1/2016
20187,0.062790907,43,1/1/2016
20189,0.174270042,43,1/1/2016
20191,0.189272305,43,1/1/2016
20193,0.034515357,43,1/1/2016
20195,0.11784959,43,1/1/2016
20197,0.228160119,43,1/1/2016
20199,0,43,1/1/2016
20201,0,43,1/1/2016
20203,0.095284579,43,1/1/2016
20205,0.185157066,43,1/1/2016
20207,0.059369404,43,1/1/2016
20209,0,43,1/1/2016
21001,0.077155622,43,1/1/2016
21003,0.04221008,43,1/1/2016
21005,0.012807142,43,1/1/2016
21007,0,43,1/1/2016
21009,0,43,1/1/2016
21011,0.043243557,43,1/1/2016
21013,0,43,1/1/2016
21015,0.084186914,43,1/1/2016
21017,0.01652737,43,1/1/2016
21019,0.030604094,43,1/1/2016
21021,0.099910232,43,1/1/2016
21023,0.078163447,43,1/1/2016
21025,0,43,1/1/2016
21027,0.043758891,43,1/1/2016
21029,0.013237019,43,1/1/2016
21031,0,43,1/1/2016
21033,0,43,1/1/2016
21035,0.021023563,43,1/1/2016
21037,0.041795217,43,1/1/2016
21039,0.032551281,43,1/1/2016
21041,0,43,1/1/2016
21043,0.024742405,43,1/1/2016
21045,0,43,1/1/2016
21047,0.010024311,43,1/1/2016
21049,0.114818135,43,1/1/2016
21051,0.015933559,43,1/1/2016
21053,0.032064183,43,1/1/2016
21055,0.043617623,43,1/1/2016
21057,0.055214448,43,1/1/2016
21059,0.039214031,43,1/1/2016
21061,0.055880619,43,1/1/2016
21063,0,43,1/1/2016
21065,0,43,1/1/2016
21067,0.018468172,43,1/1/2016
21069,0.077396467,43,1/1/2016
21071,0.037884208,43,1/1/2016
21073,0.071485054,43,1/1/2016
21075,0.036163588,43,1/1/2016
21077,0,43,1/1/2016
21079,0,43,1/1/2016
21081,0,43,1/1/2016
21083,0.010601619,43,1/1/2016
21085,0.030414698,43,1/1/2016
21087,0.03027316,43,1/1/2016
21089,0.033446093,43,1/1/2016
21091,0.055946938,43,1/1/2016
21093,0,43,1/1/2016
21095,0.045795305,43,1/1/2016
21097,0.058353387,43,1/1/2016
21099,0.03457615,43,1/1/2016
21101,0.014185008,43,1/1/2016
21103,0.043872643,43,1/1/2016
21105,0,43,1/1/2016
21107,0,43,1/1/2016
21109,0.089793843,43,1/1/2016
21111,0,43,1/1/2016
21113,0.065759825,43,1/1/2016
21115,0,43,1/1/2016
21117,0.033117135,43,1/1/2016
21119,0.046647106,43,1/1/2016
21121,0,43,1/1/2016
21123,0.008338566,43,1/1/2016
21125,0,43,1/1/2016
21127,0.026312777,43,1/1/2016
21129,0.059963872,43,1/1/2016
21131,0,43,1/1/2016
21133,0.025073462,43,1/1/2016
21135,0.041769064,43,1/1/2016
21137,0,43,1/1/2016
21139,0.010841299,43,1/1/2016
21141,0.028506218,43,1/1/2016
21143,0.029807559,43,1/1/2016
21145,0,43,1/1/2016
21147,0.114834222,43,1/1/2016
21149,0,43,1/1/2016
21151,0,43,1/1/2016
21153,0.015343513,43,1/1/2016
21155,0,43,1/1/2016
21157,0.041274273,43,1/1/2016
21159,0.008424171,43,1/1/2016
21161,0,43,1/1/2016
21163,0.06148322,43,1/1/2016
21165,0,43,1/1/2016
21167,0,43,1/1/2016
21169,0.012302656,43,1/1/2016
21171,0,43,1/1/2016
21173,0.048911911,43,1/1/2016
21175,0.015984176,43,1/1/2016
21177,0.019869464,43,1/1/2016
21179,0.030656404,43,1/1/2016
21181,0.009279366,43,1/1/2016
21183,0,43,1/1/2016
21185,0.010838631,43,1/1/2016
21187,0.030146378,43,1/1/2016
21189,0.024828429,43,1/1/2016
21191,0,43,1/1/2016
21193,0,43,1/1/2016
21195,0.138378731,43,1/1/2016
21197,0.065276081,43,1/1/2016
21199,0,43,1/1/2016
21201,0.048749841,43,1/1/2016
21203,0,43,1/1/2016
21205,0.016308196,43,1/1/2016
21207,0.064405377,43,1/1/2016
21209,0.014909386,43,1/1/2016
21211,0.014686734,43,1/1/2016
21213,0.015941811,43,1/1/2016
21215,0.014611742,43,1/1/2016
21217,0,43,1/1/2016
21219,0.037453514,43,1/1/2016
21221,0,43,1/1/2016
21223,0.018523846,43,1/1/2016
21225,0,43,1/1/2016
21227,0.017756999,43,1/1/2016
21229,0.06171376,43,1/1/2016
21231,0,43,1/1/2016
21233,0.012918601,43,1/1/2016
21235,0,43,1/1/2016
21237,0.079934829,43,1/1/2016
21239,0,43,1/1/2016
22001,0.01011423,43,1/1/2016
22003,0.00995401,43,1/1/2016
22005,0.031273999,43,1/1/2016
22007,0.007214786,43,1/1/2016
22009,0.002794175,43,1/1/2016
22011,0.014137537,43,1/1/2016
22013,0.022896992,43,1/1/2016
22015,0.016007809,43,1/1/2016
22017,0.017439292,43,1/1/2016
22019,0.091100422,43,1/1/2016
22021,0.036353688,43,1/1/2016
22023,0.068105756,43,1/1/2016
22025,0.07525128,43,1/1/2016
22027,0,43,1/1/2016
22029,0,43,1/1/2016
22031,0.034487086,43,1/1/2016
22033,0,43,1/1/2016
22035,0.048206571,43,1/1/2016
22037,0.015989358,43,1/1/2016
22039,0.263109948,43,1/1/2016
22041,0.078383855,43,1/1/2016
22043,0.022354428,43,1/1/2016
22045,0,43,1/1/2016
22047,0.030434836,43,1/1/2016
22049,0,43,1/1/2016
22051,0.016714584,43,1/1/2016
22053,0.038545032,43,1/1/2016
22055,0.032299388,43,1/1/2016
22057,0.050437238,43,1/1/2016
22059,0.021824933,43,1/1/2016
22061,0.058981737,43,1/1/2016
22063,0.032318965,43,1/1/2016
22065,0.004449678,43,1/1/2016
22067,0.022920206,43,1/1/2016
22069,0.033242115,43,1/1/2016
22071,0.056134641,43,1/1/2016
22073,0.045111027,43,1/1/2016
22075,0.045714043,43,1/1/2016
22077,0,43,1/1/2016
22079,0.01192401,43,1/1/2016
22081,0.083722322,43,1/1/2016
22083,0.045737044,43,1/1/2016
22085,0.028970243,43,1/1/2016
22087,0.019395024,43,1/1/2016
22089,0,43,1/1/2016
22091,0.01178257,43,1/1/2016
22093,0.025135477,43,1/1/2016
22095,0.0098056,43,1/1/2016
22097,0.015018585,43,1/1/2016
22099,0.07622789,43,1/1/2016
22101,0.004892405,43,1/1/2016
22103,0.037939772,43,1/1/2016
22105,0.038424721,43,1/1/2016
22107,0.034283845,43,1/1/2016
22109,0,43,1/1/2016
22111,0.034259056,43,1/1/2016
22113,0.025380181,43,1/1/2016
22115,0.016677215,43,1/1/2016
22117,0.029469124,43,1/1/2016
22119,0.005705553,43,1/1/2016
22121,0.052166136,43,1/1/2016
22123,0,43,1/1/2016
22125,0.019970153,43,1/1/2016
22127,0.015153626,43,1/1/2016
23001,0.058814499,43,1/1/2016
23003,0.047566697,43,1/1/2016
23005,0.037324736,43,1/1/2016
23007,0.042848967,43,1/1/2016
23009,0.022898662,43,1/1/2016
23011,0.022140467,43,1/1/2016
23013,0.053121392,43,1/1/2016
23015,0.028985941,43,1/1/2016
23017,0.009884466,43,1/1/2016
23019,0.013853792,43,1/1/2016
23021,0.05381744,43,1/1/2016
23023,0.03137495,43,1/1/2016
23025,0,43,1/1/2016
23027,0.010379029,43,1/1/2016
23029,0.006712329,43,1/1/2016
23031,0.016802807,43,1/1/2016
24001,0.012797065,43,1/1/2016
24003,0.066083508,43,1/1/2016
24005,0.012515112,43,1/1/2016
24009,0.024151429,43,1/1/2016
24011,0.008802549,43,1/1/2016
24013,0,43,1/1/2016
24015,0.025783192,43,1/1/2016
24017,0.012567018,43,1/1/2016
24019,0.008310147,43,1/1/2016
24021,0.131383073,43,1/1/2016
24023,0.013147656,43,1/1/2016
24025,0.019755076,43,1/1/2016
24027,0.010736027,43,1/1/2016
24029,0.019356653,43,1/1/2016
24031,0.013927679,43,1/1/2016
24033,0.015106289,43,1/1/2016
24035,0.009730373,43,1/1/2016
24037,0,43,1/1/2016
24039,0.008918008,43,1/1/2016
24041,0.036278846,43,1/1/2016
24043,0.037424311,43,1/1/2016
24045,0.026160109,43,1/1/2016
24047,0.042862334,43,1/1/2016
24510,0.009245071,43,1/1/2016
25001,0.037518844,43,1/1/2016
25003,0.020420167,43,1/1/2016
25005,0.030232024,43,1/1/2016
25007,0.034054723,43,1/1/2016
25009,0.015320894,43,1/1/2016
25011,0.019862141,43,1/1/2016
25013,0.013965414,43,1/1/2016
25015,0.038488635,43,1/1/2016
25017,0.007249933,43,1/1/2016
25019,0.028952445,43,1/1/2016
25021,0.018242219,43,1/1/2016
25023,0.024528187,43,1/1/2016
25025,0.016422526,43,1/1/2016
25027,0.090766717,43,1/1/2016
26001,0.027815477,43,1/1/2016
26003,0,43,1/1/2016
26005,0.012610763,43,1/1/2016
26007,0.006219836,43,1/1/2016
26009,0.04565746,43,1/1/2016
26011,0,43,1/1/2016
26013,0.01747283,43,1/1/2016
26015,0.018644535,43,1/1/2016
26017,0.008674405,43,1/1/2016
26019,0.039250075,43,1/1/2016
26021,0.00481173,43,1/1/2016
26023,0.035136097,43,1/1/2016
26025,0.023363822,43,1/1/2016
26027,0.024930886,43,1/1/2016
26029,0.005120722,43,1/1/2016
26031,0.010094909,43,1/1/2016
26033,0,43,1/1/2016
26035,0.022973576,43,1/1/2016
26037,0.017059072,43,1/1/2016
26039,0.00339236,43,1/1/2016
26041,0.054598119,43,1/1/2016
26043,0.007298606,43,1/1/2016
26045,0.039734509,43,1/1/2016
26047,0.004356939,43,1/1/2016
26049,0.056695674,43,1/1/2016
26051,0.030236581,43,1/1/2016
26053,0.010517639,43,1/1/2016
26055,0.01733413,43,1/1/2016
26057,0.043270275,43,1/1/2016
26059,0.017186561,43,1/1/2016
26061,0.015008143,43,1/1/2016
26063,0.017636627,43,1/1/2016
26065,0.025515116,43,1/1/2016
26067,0.04010359,43,1/1/2016
26069,0.00361996,43,1/1/2016
26071,0.020447716,43,1/1/2016
26073,0.023601977,43,1/1/2016
26075,0.017495832,43,1/1/2016
26077,0.025945523,43,1/1/2016
26079,0.033162576,43,1/1/2016
26081,0.004897858,43,1/1/2016
26083,0.030019626,43,1/1/2016
26085,0,43,1/1/2016
26087,0,43,1/1/2016
26089,0.021894054,43,1/1/2016
26091,0,43,1/1/2016
26093,0.012124311,43,1/1/2016
26095,0.00991765,43,1/1/2016
26097,0.041557744,43,1/1/2016
26099,0.014651985,43,1/1/2016
26101,0.013629438,43,1/1/2016
26103,0.019513537,43,1/1/2016
26105,0.045976233,43,1/1/2016
26107,0.017934593,43,1/1/2016
26109,0.016872785,43,1/1/2016
26111,0,43,1/1/2016
26113,0.039002676,43,1/1/2016
26115,0,43,1/1/2016
26117,0.015370929,43,1/1/2016
26119,0.024838932,43,1/1/2016
26121,0,43,1/1/2016
26123,0.02517175,43,1/1/2016
26125,0.005511789,43,1/1/2016
26127,0.035726344,43,1/1/2016
26129,0.009745847,43,1/1/2016
26131,0.044492392,43,1/1/2016
26133,0.044700412,43,1/1/2016
26135,0.011433325,43,1/1/2016
26137,0,43,1/1/2016
26139,0.0198681,43,1/1/2016
26141,0.011645521,43,1/1/2016
26143,0,43,1/1/2016
26145,0,43,1/1/2016
26147,0.053194881,43,1/1/2016
26149,0.026358339,43,1/1/2016
26151,0.025009959,43,1/1/2016
26153,0.01659018,43,1/1/2016
26155,0.015851467,43,1/1/2016
26157,0.016496183,43,1/1/2016
26159,0.009907538,43,1/1/2016
26161,0.01180215,43,1/1/2016
26163,0.0498152,43,1/1/2016
26165,0.036473125,43,1/1/2016
27001,0.030913658,43,1/1/2016
27003,0.016955922,43,1/1/2016
27005,0.016680267,43,1/1/2016
27007,0.027257366,43,1/1/2016
27009,0.027049363,43,1/1/2016
27011,0,43,1/1/2016
27013,0.083714578,43,1/1/2016
27015,0.043267841,43,1/1/2016
27017,0.042557913,43,1/1/2016
27019,0.018039815,43,1/1/2016
27021,0.011490068,43,1/1/2016
27023,0,43,1/1/2016
27025,0.026132776,43,1/1/2016
27027,0.011775899,43,1/1/2016
27029,0,43,1/1/2016
27031,0.029933628,43,1/1/2016
27033,0.031990815,43,1/1/2016
27035,0.02395755,43,1/1/2016
27037,0.035042551,43,1/1/2016
27039,0.006556776,43,1/1/2016
27041,0,43,1/1/2016
27043,0.03583561,43,1/1/2016
27045,0.032613241,43,1/1/2016
27047,0,43,1/1/2016
27049,0.055194952,43,1/1/2016
27051,0.018793901,43,1/1/2016
27053,0.017745073,43,1/1/2016
27055,0.040029705,43,1/1/2016
27057,0,43,1/1/2016
27059,0.025506722,43,1/1/2016
27061,0.023290994,43,1/1/2016
27063,0.024762618,43,1/1/2016
27065,0.02125697,43,1/1/2016
27067,0.032715054,43,1/1/2016
27069,0.033824669,43,1/1/2016
27071,0.036587695,43,1/1/2016
27073,0.041010398,43,1/1/2016
27075,0.050365882,43,1/1/2016
27077,0.024868154,43,1/1/2016
27079,0.041566461,43,1/1/2016
27081,0.005745877,43,1/1/2016
27083,0.080414055,43,1/1/2016
27085,0.030433225,43,1/1/2016
27087,0.033910804,43,1/1/2016
27089,0.034810865,43,1/1/2016
27091,0.013602272,43,1/1/2016
27093,0.030381312,43,1/1/2016
27095,0.016006655,43,1/1/2016
27097,0.011440928,43,1/1/2016
27099,0.015778901,43,1/1/2016
27101,0.022129438,43,1/1/2016
27103,0.031723393,43,1/1/2016
27105,0.005351375,43,1/1/2016
27107,0.02321999,43,1/1/2016
27109,0.022490579,43,1/1/2016
27111,0.146348231,43,1/1/2016
27113,0.024200265,43,1/1/2016
27115,0.022645132,43,1/1/2016
27117,0.010981124,43,1/1/2016
27119,0.05053624,43,1/1/2016
27121,0.030712092,43,1/1/2016
27123,0.032522837,43,1/1/2016
27125,0.037279302,43,1/1/2016
27127,0,43,1/1/2016
27129,0.017311416,43,1/1/2016
27131,0.029558498,43,1/1/2016
27133,0.007891855,43,1/1/2016
27135,0.030942183,43,1/1/2016
27137,0.016909263,43,1/1/2016
27139,0.059456377,43,1/1/2016
27141,0.010445386,43,1/1/2016
27143,0.006102174,43,1/1/2016
27145,0.014256378,43,1/1/2016
27147,0.038771614,43,1/1/2016
27149,0.012347929,43,1/1/2016
27151,0.058880031,43,1/1/2016
27153,0.051616139,43,1/1/2016
27155,0.030965896,43,1/1/2016
27157,0.078731865,43,1/1/2016
27159,0.012420634,43,1/1/2016
27161,0.037633843,43,1/1/2016
27163,0.019560774,43,1/1/2016
27165,0.007641212,43,1/1/2016
27167,0.048445937,43,1/1/2016
27169,0.041557744,43,1/1/2016
27171,0.020537167,43,1/1/2016
27173,0.008292512,43,1/1/2016
28001,0.058509623,43,1/1/2016
28003,0.060542909,43,1/1/2016
28005,0.05666398,43,1/1/2016
28007,0,43,1/1/2016
28009,0.013955009,43,1/1/2016
28011,0,43,1/1/2016
28013,0.053269368,43,1/1/2016
28015,0.018085157,43,1/1/2016
28017,0,43,1/1/2016
28019,0.051478204,43,1/1/2016
28021,0.032058255,43,1/1/2016
28023,0.037006992,43,1/1/2016
28025,0.016630422,43,1/1/2016
28027,0.031946495,43,1/1/2016
28029,0.080347043,43,1/1/2016
28031,0.009276881,43,1/1/2016
28033,0.01890305,43,1/1/2016
28035,0.030934556,43,1/1/2016
28037,0.075811556,43,1/1/2016
28039,0.033953243,43,1/1/2016
28041,0.021410017,43,1/1/2016
28043,0.005517807,43,1/1/2016
28045,0.077497467,43,1/1/2016
28047,0.023039355,43,1/1/2016
28049,0.043371273,43,1/1/2016
28051,0.106115079,43,1/1/2016
28053,0.014679934,43,1/1/2016
28055,0,43,1/1/2016
28057,0,43,1/1/2016
28059,0,43,1/1/2016
28061,0.042727532,43,1/1/2016
28063,0.010200473,43,1/1/2016
28065,0.043451962,43,1/1/2016
28067,0.03249133,43,1/1/2016
28069,0.044327037,43,1/1/2016
28071,0,43,1/1/2016
28073,0.04263264,43,1/1/2016
28075,0.045285156,43,1/1/2016
28077,0.134295388,43,1/1/2016
28079,0.020725087,43,1/1/2016
28081,0.011680996,43,1/1/2016
28083,0.086650143,43,1/1/2016
28085,0.087791514,43,1/1/2016
28087,0.03030813,43,1/1/2016
28089,0.055857591,43,1/1/2016
28091,0.006736692,43,1/1/2016
28093,0.020509259,43,1/1/2016
28095,0.01180857,43,1/1/2016
28097,0.038300826,43,1/1/2016
28099,0.025937385,43,1/1/2016
28101,0.017253693,43,1/1/2016
28103,0.026964148,43,1/1/2016
28105,0.023937682,43,1/1/2016
28107,0.020360418,43,1/1/2016
28109,0.034648289,43,1/1/2016
28111,0.016051222,43,1/1/2016
28113,0.01898875,43,1/1/2016
28115,0.052489127,43,1/1/2016
28117,0.008374775,43,1/1/2016
28119,0.047705974,43,1/1/2016
28121,0.047458955,43,1/1/2016
28123,0.146404247,43,1/1/2016
28125,0.02248158,43,1/1/2016
28127,0.06733304,43,1/1/2016
28129,0.038879592,43,1/1/2016
28131,0.019265824,43,1/1/2016
28133,0.014669339,43,1/1/2016
28135,0.056032687,43,1/1/2016
28137,0.013216714,43,1/1/2016
28139,0.028482727,43,1/1/2016
28141,0.011907352,43,1/1/2016
28143,0.026027928,43,1/1/2016
28145,0,43,1/1/2016
28147,0.057117436,43,1/1/2016
28149,0.018098783,43,1/1/2016
28151,0.088784691,43,1/1/2016
28153,0.081229161,43,1/1/2016
28155,0.041285022,43,1/1/2016
28157,0.041120169,43,1/1/2016
28159,0.029205719,43,1/1/2016
28161,0.038411439,43,1/1/2016
28163,0.022034568,43,1/1/2016
29001,0.00969132,43,1/1/2016
29003,0.038759959,43,1/1/2016
29005,0,43,1/1/2016
29007,0.035942071,43,1/1/2016
29009,0.036149185,43,1/1/2016
29011,0.012718726,43,1/1/2016
29013,0.022188792,43,1/1/2016
29015,0.038626907,43,1/1/2016
29017,0,43,1/1/2016
29019,0,43,1/1/2016
29021,0.070621761,43,1/1/2016
29023,0.059536438,43,1/1/2016
29025,0.125623774,43,1/1/2016
29027,0,43,1/1/2016
29029,0.09448718,43,1/1/2016
29031,0.030877711,43,1/1/2016
29033,0.077948347,43,1/1/2016
29035,0.029644804,43,1/1/2016
29037,0,43,1/1/2016
29039,0.010893192,43,1/1/2016
29041,0.018851608,43,1/1/2016
29043,0,43,1/1/2016
29045,0,43,1/1/2016
29047,0,43,1/1/2016
29049,0.040006332,43,1/1/2016
29051,0.029742843,43,1/1/2016
29053,0.036962623,43,1/1/2016
29055,0.04176985,43,1/1/2016
29057,0.015221537,43,1/1/2016
29059,0,43,1/1/2016
29061,0,43,1/1/2016
29063,0,43,1/1/2016
29065,0,43,1/1/2016
29067,0.037778196,43,1/1/2016
29069,0,43,1/1/2016
29071,0.040150647,43,1/1/2016
29073,0.015415944,43,1/1/2016
29075,0.017129604,43,1/1/2016
29077,0.055534273,43,1/1/2016
29079,0.077723211,43,1/1/2016
29081,0.025993521,43,1/1/2016
29083,0.02347012,43,1/1/2016
29085,0.047475672,43,1/1/2016
29087,0,43,1/1/2016
29089,0,43,1/1/2016
29091,0,43,1/1/2016
29093,0.036535345,43,1/1/2016
29095,0.015818647,43,1/1/2016
29097,0.060116825,43,1/1/2016
29099,0.002218302,43,1/1/2016
29101,0.011830967,43,1/1/2016
29103,0.01645829,43,1/1/2016
29105,0,43,1/1/2016
29107,0.017272471,43,1/1/2016
29109,0.01036872,43,1/1/2016
29111,0.014594596,43,1/1/2016
29113,0,43,1/1/2016
29115,0.004780866,43,1/1/2016
29117,0.046919117,43,1/1/2016
29119,0.017343232,43,1/1/2016
29121,0,43,1/1/2016
29123,0.017417544,43,1/1/2016
29125,0.122312227,43,1/1/2016
29127,0,43,1/1/2016
29129,0.036212625,43,1/1/2016
29131,0,43,1/1/2016
29133,0,43,1/1/2016
29135,0,43,1/1/2016
29137,0,43,1/1/2016
29139,0,43,1/1/2016
29141,0,43,1/1/2016
29143,0,43,1/1/2016
29145,0,43,1/1/2016
29147,0.131450316,43,1/1/2016
29149,0.037762956,43,1/1/2016
29151,0,43,1/1/2016
29153,0,43,1/1/2016
29155,0,43,1/1/2016
29157,0.103380615,43,1/1/2016
29159,0.013701018,43,1/1/2016
29161,0.036303982,43,1/1/2016
29163,0.057337017,43,1/1/2016
29165,0.014330412,43,1/1/2016
29167,0.010213223,43,1/1/2016
29169,0.029053253,43,1/1/2016
29171,0,43,1/1/2016
29173,0.032667316,43,1/1/2016
29175,0,43,1/1/2016
29177,0.042717416,43,1/1/2016
29179,0.017186065,43,1/1/2016
29181,0,43,1/1/2016
29183,0.01606342,43,1/1/2016
29185,0.023224158,43,1/1/2016
29186,0.013678558,43,1/1/2016
29187,0.027550825,43,1/1/2016
29189,0.068369042,43,1/1/2016
29195,0.056910083,43,1/1/2016
29197,0.034494013,43,1/1/2016
29199,0,43,1/1/2016
29201,0.053573426,43,1/1/2016
29203,0.039280708,43,1/1/2016
29205,0,43,1/1/2016
29207,0,43,1/1/2016
29209,0.017145814,43,1/1/2016
29211,0,43,1/1/2016
29213,0.048946024,43,1/1/2016
29215,0.030315659,43,1/1/2016
29217,0.02460283,43,1/1/2016
29219,0.071401591,43,1/1/2016
29221,0,43,1/1/2016
29223,0.010637471,43,1/1/2016
29225,0,43,1/1/2016
29227,0,43,1/1/2016
29229,0,43,1/1/2016
29510,0,43,1/1/2016
30001,0.114308987,43,1/1/2016
30003,0.028105961,43,1/1/2016
30005,0.048317987,43,1/1/2016
30007,0,43,1/1/2016
30009,0.08091778,43,1/1/2016
30011,0.010104174,43,1/1/2016
30013,0.272350732,43,1/1/2016
30015,0.056493645,43,1/1/2016
30017,0.150487094,43,1/1/2016
30019,0.079772467,43,1/1/2016
30021,0.325198939,43,1/1/2016
30023,0.108783177,43,1/1/2016
30025,0.294325622,43,1/1/2016
30027,0.135499558,43,1/1/2016
30029,0.08334416,43,1/1/2016
30031,0.0234909,43,1/1/2016
30033,0.009102284,43,1/1/2016
30035,0.193629903,43,1/1/2016
30037,0.01003334,43,1/1/2016
30039,0,43,1/1/2016
30041,0.028242485,43,1/1/2016
30043,0.031306934,43,1/1/2016
30045,0,43,1/1/2016
30047,0,43,1/1/2016
30049,0.037292203,43,1/1/2016
30051,0.022620181,43,1/1/2016
30053,0.109682083,43,1/1/2016
30055,0.013719515,43,1/1/2016
30057,0.155425963,43,1/1/2016
30059,0.026675834,43,1/1/2016
30061,0.14462186,43,1/1/2016
30063,0.063151085,43,1/1/2016
30065,0.03676795,43,1/1/2016
30067,0.057577716,43,1/1/2016
30069,0.016397179,43,1/1/2016
30071,0,43,1/1/2016
30073,0.015343284,43,1/1/2016
30075,0.137236732,43,1/1/2016
30077,0,43,1/1/2016
30079,0.024657837,43,1/1/2016
30081,0.196715094,43,1/1/2016
30083,0.009291288,43,1/1/2016
30085,0.108616785,43,1/1/2016
30087,0.042070186,43,1/1/2016
30089,0.062592129,43,1/1/2016
30091,0.040318578,43,1/1/2016
30093,0.281027866,43,1/1/2016
30095,0.029975939,43,1/1/2016
30097,0.025843739,43,1/1/2016
30099,0.145859309,43,1/1/2016
30101,0.069808227,43,1/1/2016
30103,0.053089037,43,1/1/2016
30105,0,43,1/1/2016
30107,0.035047637,43,1/1/2016
30109,0.124810646,43,1/1/2016
30111,0,43,1/1/2016
31001,0.042025842,43,1/1/2016
31003,0.053705449,43,1/1/2016
31005,0.041748165,43,1/1/2016
31007,0,43,1/1/2016
31009,0,43,1/1/2016
31011,0,43,1/1/2016
31013,0.049554414,43,1/1/2016
31015,0.023604086,43,1/1/2016
31017,0.106649501,43,1/1/2016
31019,0.082123719,43,1/1/2016
31021,0.059283629,43,1/1/2016
31023,0.029062233,43,1/1/2016
31025,0.026251777,43,1/1/2016
31027,0,43,1/1/2016
31029,0,43,1/1/2016
31031,0.059059497,43,1/1/2016
31033,0.045305922,43,1/1/2016
31035,0.118823311,43,1/1/2016
31037,0,43,1/1/2016
31039,0.025372012,43,1/1/2016
31041,0.029306138,43,1/1/2016
31043,0.034229092,43,1/1/2016
31045,0,43,1/1/2016
31047,0.0294269,43,1/1/2016
31049,0.025930626,43,1/1/2016
31051,0,43,1/1/2016
31053,0,43,1/1/2016
31055,0.023290427,43,1/1/2016
31057,0.053568951,43,1/1/2016
31059,0.080811315,43,1/1/2016
31061,0.036954425,43,1/1/2016
31063,0.04909274,43,1/1/2016
31065,0,43,1/1/2016
31067,0.044156948,43,1/1/2016
31069,0.012120929,43,1/1/2016
31071,0.054761479,43,1/1/2016
31073,0,43,1/1/2016
31075,0,43,1/1/2016
31077,0,43,1/1/2016
31079,0,43,1/1/2016
31081,0.027233863,43,1/1/2016
31083,0.01610772,43,1/1/2016
31085,0.057820428,43,1/1/2016
31087,0,43,1/1/2016
31089,0,43,1/1/2016
31091,0.044338099,43,1/1/2016
31093,0,43,1/1/2016
31095,0.041098793,43,1/1/2016
31097,0.025034473,43,1/1/2016
31099,0.036790056,43,1/1/2016
31101,0.0161309,43,1/1/2016
31103,0.023726787,43,1/1/2016
31105,0,43,1/1/2016
31107,0.034473386,43,1/1/2016
31109,0.028361476,43,1/1/2016
31111,0.035635276,43,1/1/2016
31113,0.034486639,43,1/1/2016
31115,0,43,1/1/2016
31117,0,43,1/1/2016
31119,0,43,1/1/2016
31121,0.084817344,43,1/1/2016
31123,0.027002978,43,1/1/2016
31125,0.044156948,43,1/1/2016
31127,0.056155018,43,1/1/2016
31129,0.024258133,43,1/1/2016
31131,0.061951732,43,1/1/2016
31133,0.023660392,43,1/1/2016
31135,0.043838092,43,1/1/2016
31137,0.072939721,43,1/1/2016
31139,0.028515448,43,1/1/2016
31141,0.059052748,43,1/1/2016
31143,0.016402947,43,1/1/2016
31145,0.032501143,43,1/1/2016
31147,0.024643176,43,1/1/2016
31149,0.031470865,43,1/1/2016
31151,0.182485736,43,1/1/2016
31153,0.031712059,43,1/1/2016
31155,0.012279678,43,1/1/2016
31157,0.008038,43,1/1/2016
31159,0.048170015,43,1/1/2016
31161,0.014675722,43,1/1/2016
31163,0.050482258,43,1/1/2016
31165,0,43,1/1/2016
31167,0,43,1/1/2016
31169,0,43,1/1/2016
31171,0.039366858,43,1/1/2016
31173,0,43,1/1/2016
31175,0.031141894,43,1/1/2016
31177,0.040416694,43,1/1/2016
31179,0.012824547,43,1/1/2016
31181,0.028214003,43,1/1/2016
31183,0.046934068,43,1/1/2016
31185,0,43,1/1/2016
32001,0.029115607,43,1/1/2016
32003,0.017470808,43,1/1/2016
32005,0.026804054,43,1/1/2016
32007,0.005062187,43,1/1/2016
32009,0.01012974,43,1/1/2016
32011,0,43,1/1/2016
32013,0,43,1/1/2016
32015,0.032631885,43,1/1/2016
32017,0.012974879,43,1/1/2016
32019,0.041815887,43,1/1/2016
32021,0.012520823,43,1/1/2016
32023,0.026131405,43,1/1/2016
32027,0.006084889,43,1/1/2016
32029,0.061222666,43,1/1/2016
32031,0,43,1/1/2016
32033,0.03937593,43,1/1/2016
32510,0.013099317,43,1/1/2016
33001,0.044212727,43,1/1/2016
33003,0.023823167,43,1/1/2016
33005,0.011174867,43,1/1/2016
33007,0.023572138,43,1/1/2016
33009,0.021771957,43,1/1/2016
33011,0.058975417,43,1/1/2016
33013,0.02965192,43,1/1/2016
33015,0.028097222,43,1/1/2016
33017,0.021120435,43,1/1/2016
33019,0.024052798,43,1/1/2016
34001,0.006144176,43,1/1/2016
34003,0.056278685,43,1/1/2016
34005,0.033975055,43,1/1/2016
34007,0.024535552,43,1/1/2016
34009,0.052166334,43,1/1/2016
34011,0.027085562,43,1/1/2016
34013,0.035116039,43,1/1/2016
34015,0.053142302,43,1/1/2016
34017,0.022017925,43,1/1/2016
34019,0.029275833,43,1/1/2016
34021,0.015597947,43,1/1/2016
34023,0.04814136,43,1/1/2016
34025,0.033547542,43,1/1/2016
34027,0.036324982,43,1/1/2016
34029,0.042515646,43,1/1/2016
34031,0.027149446,43,1/1/2016
34033,0.019101104,43,1/1/2016
34035,0.036987047,43,1/1/2016
34037,0.024035418,43,1/1/2016
34039,0.010826883,43,1/1/2016
34041,0.027790542,43,1/1/2016
35001,0.030631235,43,1/1/2016
35003,0.03025713,43,1/1/2016
35005,0,43,1/1/2016
35006,0.037074433,43,1/1/2016
35007,0.019225389,43,1/1/2016
35009,0.021564036,43,1/1/2016
35011,0.022281431,43,1/1/2016
35013,0,43,1/1/2016
35015,0.029751998,43,1/1/2016
35017,0.02953096,43,1/1/2016
35019,0.026534532,43,1/1/2016
35021,0.024152115,43,1/1/2016
35023,0,43,1/1/2016
35025,0,43,1/1/2016
35027,0.031972526,43,1/1/2016
35028,0.013599472,43,1/1/2016
35029,0.027373196,43,1/1/2016
35031,0.010806713,43,1/1/2016
35033,0.032162676,43,1/1/2016
35035,0,43,1/1/2016
35037,0.01809699,43,1/1/2016
35039,0.031586866,43,1/1/2016
35041,0.021116814,43,1/1/2016
35043,0.016616129,43,1/1/2016
35045,0.020166799,43,1/1/2016
35047,0.024521536,43,1/1/2016
35049,0.066627124,43,1/1/2016
35051,0.018343591,43,1/1/2016
35053,0.023610414,43,1/1/2016
35055,0.014897232,43,1/1/2016
35057,0.00926962,43,1/1/2016
35059,0,43,1/1/2016
35061,0.063166182,43,1/1/2016
36001,0,43,1/1/2016
36003,0.047258962,43,1/1/2016
36005,0.017062289,43,1/1/2016
36007,0.027748871,43,1/1/2016
36009,0.040147503,43,1/1/2016
36011,0.025307718,43,1/1/2016
36013,0.013438404,43,1/1/2016
36015,0.032562834,43,1/1/2016
36017,0.04787268,43,1/1/2016
36019,0.012618621,43,1/1/2016
36021,0.03910907,43,1/1/2016
36023,0.033272252,43,1/1/2016
36025,0.035618315,43,1/1/2016
36027,0.015555229,43,1/1/2016
36029,0.024262397,43,1/1/2016
36031,0.031969237,43,1/1/2016
36033,0.011095444,43,1/1/2016
36035,0.036271916,43,1/1/2016
36037,0.014529677,43,1/1/2016
36039,0.023674541,43,1/1/2016
36041,0,43,1/1/2016
36043,0,43,1/1/2016
36045,0.004219957,43,1/1/2016
36047,0.031890639,43,1/1/2016
36049,0.022752732,43,1/1/2016
36051,0.012195717,43,1/1/2016
36053,0.011020133,43,1/1/2016
36055,0.018669681,43,1/1/2016
36057,0.028241314,43,1/1/2016
36059,0.027883057,43,1/1/2016
36061,0.032456001,43,1/1/2016
36063,0.064632867,43,1/1/2016
36065,0.027550643,43,1/1/2016
36067,0.033143735,43,1/1/2016
36069,0.037905486,43,1/1/2016
36071,0.038396559,43,1/1/2016
36073,0.025139651,43,1/1/2016
36075,0.009969275,43,1/1/2016
36077,0.014034277,43,1/1/2016
36079,0.042207626,43,1/1/2016
36081,0.017525888,43,1/1/2016
36083,0.01691539,43,1/1/2016
36085,0.027929483,43,1/1/2016
36087,0.026354972,43,1/1/2016
36089,0.025583119,43,1/1/2016
36091,0.030639415,43,1/1/2016
36093,0.012056049,43,1/1/2016
36095,0.036790638,43,1/1/2016
36097,0.013499333,43,1/1/2016
36099,0.014598825,43,1/1/2016
36101,0,43,1/1/2016
36103,0.012537972,43,1/1/2016
36105,0.025371188,43,1/1/2016
36107,0.023878761,43,1/1/2016
36109,0,43,1/1/2016
36111,0.021365494,43,1/1/2016
36113,0.019165372,43,1/1/2016
36115,0.067112857,43,1/1/2016
36117,0,43,1/1/2016
36119,0.013968104,43,1/1/2016
36121,0.038337284,43,1/1/2016
36123,0.016064226,43,1/1/2016
37001,0.010601619,43,1/1/2016
37003,0.015752053,43,1/1/2016
37005,0.007059531,43,1/1/2016
37007,0.03994539,43,1/1/2016
37009,0.006229742,43,1/1/2016
37011,0.029833657,43,1/1/2016
37013,0.030169461,43,1/1/2016
37015,0.031578359,43,1/1/2016
37017,0.003194006,43,1/1/2016
37019,0.018167808,43,1/1/2016
37021,0.014485676,43,1/1/2016
37023,0.036194522,43,1/1/2016
37025,0.037469743,43,1/1/2016
37027,0.026056728,43,1/1/2016
37029,0.014273794,43,1/1/2016
37031,0,43,1/1/2016
37033,0.020711429,43,1/1/2016
37035,0,43,1/1/2016
37037,0.041408777,43,1/1/2016
37039,0.003657436,43,1/1/2016
37041,0.072340886,43,1/1/2016
37043,0.065399286,43,1/1/2016
37045,0,43,1/1/2016
37047,0.040363648,43,1/1/2016
37049,0.028804897,43,1/1/2016
37051,0.035759466,43,1/1/2016
37053,0.021517426,43,1/1/2016
37055,0,43,1/1/2016
37057,0.006171401,43,1/1/2016
37059,0.015572188,43,1/1/2016
37061,0.020376698,43,1/1/2016
37063,0.018102147,43,1/1/2016
37065,0.046940659,43,1/1/2016
37067,0.023192336,43,1/1/2016
37069,0.052772141,43,1/1/2016
37071,0,43,1/1/2016
37073,0.023138564,43,1/1/2016
37075,0,43,1/1/2016
37077,0,43,1/1/2016
37079,0.025423813,43,1/1/2016
37081,0,43,1/1/2016
37083,0.032822119,43,1/1/2016
37085,0.062475437,43,1/1/2016
37087,0.012193625,43,1/1/2016
37089,0.033092242,43,1/1/2016
37091,0.030075684,43,1/1/2016
37093,0.049919708,43,1/1/2016
37095,0.009723242,43,1/1/2016
37097,0,43,1/1/2016
37099,0.030622104,43,1/1/2016
37101,0.021517744,43,1/1/2016
37103,0.010985762,43,1/1/2016
37105,0,43,1/1/2016
37107,0.022515073,43,1/1/2016
37109,0.048135481,43,1/1/2016
37111,0.01315131,43,1/1/2016
37113,0.015240882,43,1/1/2016
37115,0.025518505,43,1/1/2016
37117,0,43,1/1/2016
37119,0.022349357,43,1/1/2016
37121,0.028716013,43,1/1/2016
37123,0.032141506,43,1/1/2016
37125,0.014262591,43,1/1/2016
37127,0.041050526,43,1/1/2016
37129,0.045309219,43,1/1/2016
37131,0.036367574,43,1/1/2016
37133,0,43,1/1/2016
37135,0.009149348,43,1/1/2016
37137,0.066784628,43,1/1/2016
37139,0,43,1/1/2016
37141,0.048252853,43,1/1/2016
37143,0.015382146,43,1/1/2016
37145,0,43,1/1/2016
37147,0.029594395,43,1/1/2016
37149,0.054210527,43,1/1/2016
37151,0.018191885,43,1/1/2016
37153,0.010685698,43,1/1/2016
37155,0.038335107,43,1/1/2016
37157,0.035855236,43,1/1/2016
37159,0.040706355,43,1/1/2016
37161,0.020241707,43,1/1/2016
37163,0.022754281,43,1/1/2016
37165,0.024445044,43,1/1/2016
37167,0.031187505,43,1/1/2016
37169,0.018950457,43,1/1/2016
37171,0.021322728,43,1/1/2016
37173,0.033122824,43,1/1/2016
37175,0.055990616,43,1/1/2016
37177,0.029672145,43,1/1/2016
37179,0,43,1/1/2016
37181,0.010587342,43,1/1/2016
37183,0.024365665,43,1/1/2016
37185,0.017981935,43,1/1/2016
37187,0,43,1/1/2016
37189,0.042466528,43,1/1/2016
37191,0.02293255,43,1/1/2016
37193,0.026901273,43,1/1/2016
37195,0.01998786,43,1/1/2016
37197,0.041027688,43,1/1/2016
37199,0.006195173,43,1/1/2016
38001,0,43,1/1/2016
38003,0.114630862,43,1/1/2016
38005,0.018379127,43,1/1/2016
38007,0,43,1/1/2016
38009,0,43,1/1/2016
38011,0.040161748,43,1/1/2016
38013,0.075003458,43,1/1/2016
38015,0,43,1/1/2016
38017,0.056599284,43,1/1/2016
38019,0.049694022,43,1/1/2016
38021,0.055233684,43,1/1/2016
38023,0.04174157,43,1/1/2016
38025,0.065700159,43,1/1/2016
38027,0,43,1/1/2016
38029,0,43,1/1/2016
38031,0.044221613,43,1/1/2016
38033,0.079995198,43,1/1/2016
38035,0,43,1/1/2016
38037,0.062001584,43,1/1/2016
38039,0.093373275,43,1/1/2016
38041,0.083549135,43,1/1/2016
38043,0,43,1/1/2016
38045,0,43,1/1/2016
38047,0,43,1/1/2016
38049,0,43,1/1/2016
38051,0,43,1/1/2016
38053,0.175088284,43,1/1/2016
38055,0.020097866,43,1/1/2016
38057,0.051057804,43,1/1/2016
38059,0.03039155,43,1/1/2016
38061,0.014064968,43,1/1/2016
38063,0.011351164,43,1/1/2016
38065,0.067841333,43,1/1/2016
38067,0,43,1/1/2016
38069,0.029902293,43,1/1/2016
38071,0.049538156,43,1/1/2016
38073,0.022882492,43,1/1/2016
38075,0.048894178,43,1/1/2016
38077,0,43,1/1/2016
38079,0,43,1/1/2016
38081,0.037491385,43,1/1/2016
38083,0,43,1/1/2016
38085,0,43,1/1/2016
38087,0.028379411,43,1/1/2016
38089,0,43,1/1/2016
38091,0.008468994,43,1/1/2016
38093,0,43,1/1/2016
38095,0.082538778,43,1/1/2016
38097,0.093406677,43,1/1/2016
38099,0.053963585,43,1/1/2016
38101,0.027139677,43,1/1/2016
38103,0.066385327,43,1/1/2016
38105,0.064476364,43,1/1/2016
39001,0.015390054,43,1/1/2016
39003,0.009468024,43,1/1/2016
39005,0.084558244,43,1/1/2016
39007,0.024229903,43,1/1/2016
39009,0.046157386,43,1/1/2016
39011,0.03513088,43,1/1/2016
39013,0.032240711,43,1/1/2016
39015,0.046170834,43,1/1/2016
39017,0,43,1/1/2016
39019,0.024607179,43,1/1/2016
39021,0,43,1/1/2016
39023,0.002182149,43,1/1/2016
39025,0.003136517,43,1/1/2016
39027,0.007704618,43,1/1/2016
39029,0.041618045,43,1/1/2016
39031,0.035778627,43,1/1/2016
39033,0.016170211,43,1/1/2016
39035,0.018835929,43,1/1/2016
39037,0.07078958,43,1/1/2016
39039,0.021228561,43,1/1/2016
39041,0.028805818,43,1/1/2016
39043,0.008177024,43,1/1/2016
39045,0.059664763,43,1/1/2016
39047,0.017661463,43,1/1/2016
39049,0.009214121,43,1/1/2016
39051,0.055079867,43,1/1/2016
39053,0.029086159,43,1/1/2016
39055,0.10105924,43,1/1/2016
39057,0.031574307,43,1/1/2016
39059,0.011289642,43,1/1/2016
39061,0.068993324,43,1/1/2016
39063,0.064803736,43,1/1/2016
39065,0.027999289,43,1/1/2016
39067,0.008394997,43,1/1/2016
39069,0.017261654,43,1/1/2016
39071,0.01185848,43,1/1/2016
39073,0.017193697,43,1/1/2016
39075,0.011188037,43,1/1/2016
39077,0.016598202,43,1/1/2016
39079,0.025138798,43,1/1/2016
39081,0.007803574,43,1/1/2016
39083,0.088729622,43,1/1/2016
39085,0.019290873,43,1/1/2016
39087,0.025935374,43,1/1/2016
39089,0.001389008,43,1/1/2016
39091,0.016080727,43,1/1/2016
39093,0.026910905,43,1/1/2016
39095,0.028978281,43,1/1/2016
39097,0.082036998,43,1/1/2016
39099,0.022881291,43,1/1/2016
39101,0.04962646,43,1/1/2016
39103,0.043837113,43,1/1/2016
39105,0.011390707,43,1/1/2016
39107,0,43,1/1/2016
39109,0.02273507,43,1/1/2016
39111,0.019486338,43,1/1/2016
39113,0,43,1/1/2016
39115,0.068796686,43,1/1/2016
39117,0,43,1/1/2016
39119,0.006636524,43,1/1/2016
39121,0.03941811,43,1/1/2016
39123,0,43,1/1/2016
39125,0.006502218,43,1/1/2016
39127,0.01400605,43,1/1/2016
39129,0,43,1/1/2016
39131,0.015055245,43,1/1/2016
39133,0.009382959,43,1/1/2016
39135,0.019712252,43,1/1/2016
39137,0,43,1/1/2016
39139,0,43,1/1/2016
39141,0.037613219,43,1/1/2016
39143,0.035824675,43,1/1/2016
39145,0.059676444,43,1/1/2016
39147,0.061951407,43,1/1/2016
39149,0.022912505,43,1/1/2016
39151,0.0195629,43,1/1/2016
39153,0.049222188,43,1/1/2016
39155,0.054263021,43,1/1/2016
39157,0.029770628,43,1/1/2016
39159,0.022642882,43,1/1/2016
39161,0.018486208,43,1/1/2016
39163,0.07266583,43,1/1/2016
39165,0,43,1/1/2016
39167,0.01759454,43,1/1/2016
39169,0.041850383,43,1/1/2016
39171,0.016696915,43,1/1/2016
39173,0.035118534,43,1/1/2016
39175,0.015907949,43,1/1/2016
40001,0.014813181,43,1/1/2016
40003,0.03204456,43,1/1/2016
40005,0,43,1/1/2016
40007,0.019132812,43,1/1/2016
40009,0.047130281,43,1/1/2016
40011,0.043648199,43,1/1/2016
40013,0.046033035,43,1/1/2016
40015,0.034323106,43,1/1/2016
40017,0.015018322,43,1/1/2016
40019,0.009521451,43,1/1/2016
40021,0.046145084,43,1/1/2016
40023,0.021702188,43,1/1/2016
40025,0.045442646,43,1/1/2016
40027,0.12221283,43,1/1/2016
40029,0.032504723,43,1/1/2016
40031,0.037405647,43,1/1/2016
40033,0.046555507,43,1/1/2016
40035,0,43,1/1/2016
40037,0.03685588,43,1/1/2016
40039,0.014079702,43,1/1/2016
40041,0.029224941,43,1/1/2016
40043,0.014736285,43,1/1/2016
40045,0.039477356,43,1/1/2016
40047,0.204644185,43,1/1/2016
40049,0.073607798,43,1/1/2016
40051,0.034169369,43,1/1/2016
40053,0.019144224,43,1/1/2016
40055,0,43,1/1/2016
40057,0.04405204,43,1/1/2016
40059,0.097716027,43,1/1/2016
40061,0.071085321,43,1/1/2016
40063,0.020728339,43,1/1/2016
40065,0.019476938,43,1/1/2016
40067,0.020311382,43,1/1/2016
40069,0.042411579,43,1/1/2016
40071,0.023831888,43,1/1/2016
40073,0.045386608,43,1/1/2016
40075,0.016896287,43,1/1/2016
40077,0.044245972,43,1/1/2016
40079,0.033491056,43,1/1/2016
40081,0.009112456,43,1/1/2016
40083,0.015043078,43,1/1/2016
40085,0.005671506,43,1/1/2016
40087,0.026430343,43,1/1/2016
40089,0.010655852,43,1/1/2016
40091,0.029302781,43,1/1/2016
40093,0.005333821,43,1/1/2016
40095,0.03399693,43,1/1/2016
40097,0.016319198,43,1/1/2016
40099,0.013430748,43,1/1/2016
40101,0.018984347,43,1/1/2016
40103,0.065260247,43,1/1/2016
40105,0.024138537,43,1/1/2016
40107,0.025359837,43,1/1/2016
40109,0.021716457,43,1/1/2016
40111,0.061445433,43,1/1/2016
40113,0.03692521,43,1/1/2016
40115,0.008843213,43,1/1/2016
40117,0.05569459,43,1/1/2016
40119,0.008975767,43,1/1/2016
40121,0.0281384,43,1/1/2016
40123,0.044263659,43,1/1/2016
40125,0.059559002,43,1/1/2016
40127,0.019883515,43,1/1/2016
40129,0.023896549,43,1/1/2016
40131,0.043553429,43,1/1/2016
40133,0.009329013,43,1/1/2016
40135,0.013417182,43,1/1/2016
40137,0.010493718,43,1/1/2016
40139,0.033080455,43,1/1/2016
40141,0.023544477,43,1/1/2016
40143,0.052384692,43,1/1/2016
40145,0.060707359,43,1/1/2016
40147,0.01360595,43,1/1/2016
40149,0.028407379,43,1/1/2016
40151,0.012926139,43,1/1/2016
40153,0.028716894,43,1/1/2016
41001,0.05839488,43,1/1/2016
41003,0.042778676,43,1/1/2016
41005,0.019391513,43,1/1/2016
41007,0.014271116,43,1/1/2016
41009,0.079064792,43,1/1/2016
41011,0,43,1/1/2016
41013,0.035803964,43,1/1/2016
41015,0,43,1/1/2016
41017,0.011167841,43,1/1/2016
41019,0.017954306,43,1/1/2016
41021,0.01374023,43,1/1/2016
41023,0,43,1/1/2016
41025,0.036913123,43,1/1/2016
41027,0.031886621,43,1/1/2016
41029,0.011373284,43,1/1/2016
41031,0.041391987,43,1/1/2016
41033,0,43,1/1/2016
41035,0.015379036,43,1/1/2016
41037,0.015588679,43,1/1/2016
41039,0.095750485,43,1/1/2016
41041,0.015187638,43,1/1/2016
41043,0.011054016,43,1/1/2016
41045,0.008431152,43,1/1/2016
41047,0.017013677,43,1/1/2016
41049,0.015587147,43,1/1/2016
41051,0.019686737,43,1/1/2016
41053,0.026139413,43,1/1/2016
41055,0.00193753,43,1/1/2016
41057,0,43,1/1/2016
41059,0.010106879,43,1/1/2016
41061,0.062897344,43,1/1/2016
41063,0.010128575,43,1/1/2016
41065,0.086730641,43,1/1/2016
41067,0.019830722,43,1/1/2016
41069,0.015759715,43,1/1/2016
41071,0,43,1/1/2016
42001,0.012879779,43,1/1/2016
42003,0.007861043,43,1/1/2016
42005,0.066439584,43,1/1/2016
42007,0.024639618,43,1/1/2016
42009,0.024997523,43,1/1/2016
42011,0.010716592,43,1/1/2016
42013,0.031772225,43,1/1/2016
42015,0.050703902,43,1/1/2016
42017,0.059131945,43,1/1/2016
42019,0.021917478,43,1/1/2016
42021,0.016743184,43,1/1/2016
42023,0.04659595,43,1/1/2016
42025,0,43,1/1/2016
42027,0.025760129,43,1/1/2016
42029,0.028670211,43,1/1/2016
42031,0.026324567,43,1/1/2016
42033,0.042810444,43,1/1/2016
42035,0.040651885,43,1/1/2016
42037,0.029902255,43,1/1/2016
42039,0.02752832,43,1/1/2016
42041,0.035410819,43,1/1/2016
42043,0.027984754,43,1/1/2016
42045,0.045912235,43,1/1/2016
42047,0.021066571,43,1/1/2016
42049,0.027740067,43,1/1/2016
42051,0.04545841,43,1/1/2016
42053,0.022534089,43,1/1/2016
42055,0,43,1/1/2016
42057,0.028577583,43,1/1/2016
42059,0.015160401,43,1/1/2016
42061,0.021878387,43,1/1/2016
42063,0.023160287,43,1/1/2016
42065,0.020069825,43,1/1/2016
42067,0.020143696,43,1/1/2016
42069,0,43,1/1/2016
42071,0.053964887,43,1/1/2016
42073,0.023375372,43,1/1/2016
42075,0.038259137,43,1/1/2016
42077,0.036837598,43,1/1/2016
42079,0.055646507,43,1/1/2016
42081,0.039418614,43,1/1/2016
42083,0.027695297,43,1/1/2016
42085,0.03482361,43,1/1/2016
42087,0.048767024,43,1/1/2016
42089,0.028051935,43,1/1/2016
42091,0.014953262,43,1/1/2016
42093,0.043769132,43,1/1/2016
42095,0.377977505,43,1/1/2016
42097,0.012656439,43,1/1/2016
42099,0.019758064,43,1/1/2016
42101,0,43,1/1/2016
42103,0.05500625,43,1/1/2016
42105,0,43,1/1/2016
42107,0.03693035,43,1/1/2016
42109,0.02657461,43,1/1/2016
42111,0,43,1/1/2016
42113,0.031540324,43,1/1/2016
42115,0,43,1/1/2016
42117,0.021467969,43,1/1/2016
42119,0.021154753,43,1/1/2016
42121,0.029458106,43,1/1/2016
42123,0.032963949,43,1/1/2016
42125,0.073672489,43,1/1/2016
42127,0.03059182,43,1/1/2016
42129,0.023343012,43,1/1/2016
42131,0.030090174,43,1/1/2016
42133,0.018433572,43,1/1/2016
44001,0.02193611,43,1/1/2016
44003,0,43,1/1/2016
44005,0.019646588,43,1/1/2016
44007,0.015830978,43,1/1/2016
44009,0.053872831,43,1/1/2016
45001,0.017574772,43,1/1/2016
45003,0.010623357,43,1/1/2016
45005,0.015462961,43,1/1/2016
45007,0.029212177,43,1/1/2016
45009,0.042637393,43,1/1/2016
45011,0,43,1/1/2016
45013,0,43,1/1/2016
45015,0.016735008,43,1/1/2016
45017,0,43,1/1/2016
45019,0,43,1/1/2016
45021,0.057738469,43,1/1/2016
45023,0.0233224,43,1/1/2016
45025,0.026930648,43,1/1/2016
45027,0.013552017,43,1/1/2016
45029,0.02770575,43,1/1/2016
45031,0.036509097,43,1/1/2016
45033,0.029552987,43,1/1/2016
45035,0.027057757,43,1/1/2016
45037,0.00714802,43,1/1/2016
45039,0.010024438,43,1/1/2016
45041,0.01166398,43,1/1/2016
45043,0.078233899,43,1/1/2016
45045,0.051296466,43,1/1/2016
45047,0.035620774,43,1/1/2016
45049,0.060279558,43,1/1/2016
45051,0.016976553,43,1/1/2016
45053,0.024689401,43,1/1/2016
45055,0.015223172,43,1/1/2016
45057,0.019951711,43,1/1/2016
45059,0.024890637,43,1/1/2016
45061,0.012028713,43,1/1/2016
45063,0.011986352,43,1/1/2016
45065,0.020532589,43,1/1/2016
45067,0,43,1/1/2016
45069,0.041308445,43,1/1/2016
45071,0,43,1/1/2016
45073,0.024979829,43,1/1/2016
45075,0.023392773,43,1/1/2016
45077,0.036190558,43,1/1/2016
45079,0.014107667,43,1/1/2016
45081,0.066709419,43,1/1/2016
45083,0,43,1/1/2016
45085,0.033060556,43,1/1/2016
45087,0.02785036,43,1/1/2016
45089,0.054615042,43,1/1/2016
45091,0.008268632,43,1/1/2016
46003,0.013654466,43,1/1/2016
46005,0,43,1/1/2016
46007,0.014597212,43,1/1/2016
46009,0.0427646,43,1/1/2016
46011,0.075665561,43,1/1/2016
46013,0.015171505,43,1/1/2016
46015,0.042407677,43,1/1/2016
46017,0.050443707,43,1/1/2016
46019,0,43,1/1/2016
46021,0,43,1/1/2016
46023,0,43,1/1/2016
46025,0.041618957,43,1/1/2016
46027,0,43,1/1/2016
46029,0.018757925,43,1/1/2016
46031,0.030505869,43,1/1/2016
46033,0.030693995,43,1/1/2016
46035,0.013524735,43,1/1/2016
46037,0.035578591,43,1/1/2016
46039,0.037942795,43,1/1/2016
46041,0.024979829,43,1/1/2016
46043,0,43,1/1/2016
46045,0.039651644,43,1/1/2016
46047,0.032092001,43,1/1/2016
46049,0.038578499,43,1/1/2016
46051,0.053877479,43,1/1/2016
46053,0.036964765,43,1/1/2016
46055,0.103890574,43,1/1/2016
46057,0.100550412,43,1/1/2016
46059,0,43,1/1/2016
46061,0.035028207,43,1/1/2016
46063,0,43,1/1/2016
46065,0,43,1/1/2016
46067,0.036030564,43,1/1/2016
46069,0.071722079,43,1/1/2016
46071,0,43,1/1/2016
46073,0,43,1/1/2016
46075,0.084382958,43,1/1/2016
46077,0,43,1/1/2016
46079,0.029587186,43,1/1/2016
46081,0.018012026,43,1/1/2016
46083,0.027591936,43,1/1/2016
46085,0.022896288,43,1/1/2016
46087,0,43,1/1/2016
46089,0,43,1/1/2016
46091,0.02601058,43,1/1/2016
46093,0.039625365,43,1/1/2016
46095,0.041599583,43,1/1/2016
46097,0,43,1/1/2016
46099,0,43,1/1/2016
46101,0.063249716,43,1/1/2016
46102,0.029245408,43,1/1/2016
46103,0,43,1/1/2016
46105,0.049186295,43,1/1/2016
46107,0,43,1/1/2016
46109,0.045972012,43,1/1/2016
46111,0.025765396,43,1/1/2016
46115,0,43,1/1/2016
46117,0.037863895,43,1/1/2016
46119,0,43,1/1/2016
46121,0,43,1/1/2016
46123,0.036426764,43,1/1/2016
46125,0.048110732,43,1/1/2016
46127,0.015249199,43,1/1/2016
46129,0.028308465,43,1/1/2016
46135,0.047098777,43,1/1/2016
46137,0.133186911,43,1/1/2016
47001,0,43,1/1/2016
47003,0.041893945,43,1/1/2016
47005,0.013354771,43,1/1/2016
47007,0.016499571,43,1/1/2016
47009,0.018005052,43,1/1/2016
47011,0.038687983,43,1/1/2016
47013,0.035199541,43,1/1/2016
47015,0.031935233,43,1/1/2016
47017,0.045208379,43,1/1/2016
47019,0.043266091,43,1/1/2016
47021,0.022633621,43,1/1/2016
47023,0.00318023,43,1/1/2016
47025,0,43,1/1/2016
47027,0.028288631,43,1/1/2016
47029,0.046355112,43,1/1/2016
47031,0.022206861,43,1/1/2016
47033,0.035563616,43,1/1/2016
47035,0,43,1/1/2016
47037,0.034055656,43,1/1/2016
47039,0.069321147,43,1/1/2016
47041,0.035921371,43,1/1/2016
47043,0.03875815,43,1/1/2016
47045,0.031806164,43,1/1/2016
47047,0.063063998,43,1/1/2016
47049,0,43,1/1/2016
47051,0.049817671,43,1/1/2016
47053,0.044100719,43,1/1/2016
47055,0.014975964,43,1/1/2016
47057,0.034259792,43,1/1/2016
47059,0,43,1/1/2016
47061,0.036967889,43,1/1/2016
47063,0,43,1/1/2016
47065,0.046063689,43,1/1/2016
47067,0.053917566,43,1/1/2016
47069,0.016069584,43,1/1/2016
47071,0.02119195,43,1/1/2016
47073,0.023871646,43,1/1/2016
47075,0.009342649,43,1/1/2016
47077,0,43,1/1/2016
47079,0.01709451,43,1/1/2016
47081,0.046449802,43,1/1/2016
47083,0.010875659,43,1/1/2016
47085,0.032483912,43,1/1/2016
47087,0.01440149,43,1/1/2016
47089,0,43,1/1/2016
47091,0.010660767,43,1/1/2016
47093,0,43,1/1/2016
47095,0.049168541,43,1/1/2016
47097,0,43,1/1/2016
47099,0.009869052,43,1/1/2016
47101,0.022079499,43,1/1/2016
47103,0,43,1/1/2016
47105,0.018533778,43,1/1/2016
47107,0.010270305,43,1/1/2016
47109,0.052394872,43,1/1/2016
47111,0,43,1/1/2016
47113,0.011267554,43,1/1/2016
47115,0.090362637,43,1/1/2016
47117,0.025265052,43,1/1/2016
47119,0.008278995,43,1/1/2016
47121,0.029951725,43,1/1/2016
47123,0,43,1/1/2016
47125,0.013564694,43,1/1/2016
47127,0.014579075,43,1/1/2016
47129,0,43,1/1/2016
47131,0,43,1/1/2016
47133,0.047352615,43,1/1/2016
47135,0.039302307,43,1/1/2016
47137,0.070335908,43,1/1/2016
47139,0,43,1/1/2016
47141,0.015753884,43,1/1/2016
47143,0.034380352,43,1/1/2016
47145,0.008144508,43,1/1/2016
47147,0.010794041,43,1/1/2016
47149,0.016656072,43,1/1/2016
47151,0.013269023,43,1/1/2016
47153,0,43,1/1/2016
47155,0,43,1/1/2016
47157,0.00863683,43,1/1/2016
47159,0.055140285,43,1/1/2016
47161,0.019021638,43,1/1/2016
47163,0,43,1/1/2016
47165,0.079267073,43,1/1/2016
47167,0.025884906,43,1/1/2016
47169,0.017240536,43,1/1/2016
47171,0.031945852,43,1/1/2016
47173,0.049507542,43,1/1/2016
47175,0,43,1/1/2016
47177,0,43,1/1/2016
47179,0.032607382,43,1/1/2016
47181,0.033795146,43,1/1/2016
47183,0.049325633,43,1/1/2016
47185,0.044159584,43,1/1/2016
47187,0.023792366,43,1/1/2016
47189,0.010853223,43,1/1/2016
48001,0.019501258,43,1/1/2016
48003,0.028557845,43,1/1/2016
48005,0.02023338,43,1/1/2016
48007,0.056582267,43,1/1/2016
48009,0,43,1/1/2016
48011,0,43,1/1/2016
48013,0,43,1/1/2016
48015,0.014511562,43,1/1/2016
48017,0.011365243,43,1/1/2016
48019,0.036794895,43,1/1/2016
48021,0,43,1/1/2016
48023,0.053526363,43,1/1/2016
48025,0.14008096,43,1/1/2016
48027,0.022267439,43,1/1/2016
48029,0.033872999,43,1/1/2016
48031,0.044299478,43,1/1/2016
48033,0,43,1/1/2016
48035,0,43,1/1/2016
48037,0.014600439,43,1/1/2016
48039,0.094699553,43,1/1/2016
48041,0.010652665,43,1/1/2016
48043,0.031551012,43,1/1/2016
48045,0.028720015,43,1/1/2016
48047,0,43,1/1/2016
48049,0,43,1/1/2016
48051,0.053575274,43,1/1/2016
48053,0.014877485,43,1/1/2016
48055,0.016227246,43,1/1/2016
48057,0.01514951,43,1/1/2016
48059,0.012029326,43,1/1/2016
48061,0,43,1/1/2016
48063,0.036629032,43,1/1/2016
48065,0.020535023,43,1/1/2016
48067,0,43,1/1/2016
48069,0.014961828,43,1/1/2016
48071,0.023428402,43,1/1/2016
48073,0.010330827,43,1/1/2016
48075,0.087754243,43,1/1/2016
48077,0.058450036,43,1/1/2016
48079,0.025922117,43,1/1/2016
48081,0.066010194,43,1/1/2016
48083,0,43,1/1/2016
48085,0.020711156,43,1/1/2016
48087,0.01485933,43,1/1/2016
48089,0.056068783,43,1/1/2016
48091,0.051791401,43,1/1/2016
48093,0.027287296,43,1/1/2016
48095,0.019595383,43,1/1/2016
48097,0.039519385,43,1/1/2016
48099,0.020994736,43,1/1/2016
48101,0.0035378,43,1/1/2016
48103,0,43,1/1/2016
48105,0.05470479,43,1/1/2016
48107,0,43,1/1/2016
48109,0.044096151,43,1/1/2016
48111,0.067318252,43,1/1/2016
48113,0,43,1/1/2016
48115,0.036903363,43,1/1/2016
48117,0.017734516,43,1/1/2016
48119,0.023573901,43,1/1/2016
48121,0,43,1/1/2016
48123,0.010068428,43,1/1/2016
48125,0.02482048,43,1/1/2016
48127,0,43,1/1/2016
48129,0.046999291,43,1/1/2016
48131,0,43,1/1/2016
48133,0,43,1/1/2016
48135,0.030074762,43,1/1/2016
48137,0.034097334,43,1/1/2016
48139,0,43,1/1/2016
48141,0.010286769,43,1/1/2016
48143,0.029767541,43,1/1/2016
48145,0.024862782,43,1/1/2016
48147,0.022027601,43,1/1/2016
48149,0.007764219,43,1/1/2016
48151,0.027316504,43,1/1/2016
48153,0.038392713,43,1/1/2016
48155,0.044655085,43,1/1/2016
48157,0,43,1/1/2016
48159,0.015755699,43,1/1/2016
48161,0,43,1/1/2016
48163,0.019927218,43,1/1/2016
48165,0.012266155,43,1/1/2016
48167,0.012902829,43,1/1/2016
48169,0.022810648,43,1/1/2016
48171,0,43,1/1/2016
48173,0.034272125,43,1/1/2016
48175,0,43,1/1/2016
48177,0,43,1/1/2016
48179,0.017213299,43,1/1/2016
48181,0.053484314,43,1/1/2016
48183,0.049616074,43,1/1/2016
48185,0.072256211,43,1/1/2016
48187,0.009548774,43,1/1/2016
48189,0.008508812,43,1/1/2016
48191,0.027144995,43,1/1/2016
48193,0,43,1/1/2016
48195,0.05345575,43,1/1/2016
48197,0.047711112,43,1/1/2016
48199,0.121762276,43,1/1/2016
48201,0,43,1/1/2016
48203,0.035115306,43,1/1/2016
48205,0.023668739,43,1/1/2016
48207,0.03861985,43,1/1/2016
48209,0.046510146,43,1/1/2016
48211,0.018298106,43,1/1/2016
48213,0.066551975,43,1/1/2016
48215,0.015476264,43,1/1/2016
48217,0.030419371,43,1/1/2016
48219,0.034951678,43,1/1/2016
48221,0.021796363,43,1/1/2016
48223,0.015428604,43,1/1/2016
48225,0.027874195,43,1/1/2016
48227,0.011612206,43,1/1/2016
48229,0.100771982,43,1/1/2016
48231,0,43,1/1/2016
48233,0.028238088,43,1/1/2016
48235,0.01228321,43,1/1/2016
48237,0,43,1/1/2016
48239,0.02054808,43,1/1/2016
48241,0.017770135,43,1/1/2016
48243,0.017492397,43,1/1/2016
48245,0,43,1/1/2016
48247,0.066730655,43,1/1/2016
48249,0,43,1/1/2016
48251,0.040838551,43,1/1/2016
48253,0.008868211,43,1/1/2016
48255,0.050180005,43,1/1/2016
48257,0.01732163,43,1/1/2016
48259,0.036346168,43,1/1/2016
48261,0,43,1/1/2016
48263,0,43,1/1/2016
48265,0,43,1/1/2016
48267,0.066897382,43,1/1/2016
48269,0.035843202,43,1/1/2016
48271,0,43,1/1/2016
48273,0,43,1/1/2016
48275,0.033351106,43,1/1/2016
48277,0.077753819,43,1/1/2016
48279,0.083420768,43,1/1/2016
48281,0.05971167,43,1/1/2016
48283,0.01272756,43,1/1/2016
48285,0,43,1/1/2016
48287,0.026677181,43,1/1/2016
48289,0,43,1/1/2016
48291,0,43,1/1/2016
48293,0.003751346,43,1/1/2016
48295,0.035578161,43,1/1/2016
48297,0,43,1/1/2016
48299,0,43,1/1/2016
48301,0.015571602,43,1/1/2016
48303,0,43,1/1/2016
48305,0.05449448,43,1/1/2016
48307,0.044415194,43,1/1/2016
48309,0.032332861,43,1/1/2016
48311,0.01214902,43,1/1/2016
48313,0,43,1/1/2016
48315,0.018890694,43,1/1/2016
48317,0,43,1/1/2016
48319,0.033241548,43,1/1/2016
48321,0,43,1/1/2016
48323,0.021315847,43,1/1/2016
48325,0.01850508,43,1/1/2016
48327,0.005361365,43,1/1/2016
48329,0,43,1/1/2016
48331,0.040373559,43,1/1/2016
48333,0.014873298,43,1/1/2016
48335,0,43,1/1/2016
48337,0.030300933,43,1/1/2016
48339,0.047362728,43,1/1/2016
48341,0.016284708,43,1/1/2016
48343,0.011945033,43,1/1/2016
48345,0,43,1/1/2016
48347,0,43,1/1/2016
48349,0.062637093,43,1/1/2016
48351,0.035285791,43,1/1/2016
48353,0,43,1/1/2016
48355,0.059918767,43,1/1/2016
48357,0.05952081,43,1/1/2016
48359,0.025637894,43,1/1/2016
48361,0,43,1/1/2016
48363,0,43,1/1/2016
48365,0.027879494,43,1/1/2016
48367,0.022044922,43,1/1/2016
48369,0.010206354,43,1/1/2016
48371,0.027027837,43,1/1/2016
48373,0.02713385,43,1/1/2016
48375,0.014557804,43,1/1/2016
48377,0.100238633,43,1/1/2016
48379,0,43,1/1/2016
48381,0,43,1/1/2016
48383,0.000319061,43,1/1/2016
48385,0.020505199,43,1/1/2016
48387,0,43,1/1/2016
48389,0,43,1/1/2016
48391,0.017708206,43,1/1/2016
48393,0.028873011,43,1/1/2016
48395,0,43,1/1/2016
48397,0,43,1/1/2016
48399,0.019118561,43,1/1/2016
48401,0.050578893,43,1/1/2016
48403,0.019241081,43,1/1/2016
48405,0.025645359,43,1/1/2016
48407,0.02286555,43,1/1/2016
48409,0,43,1/1/2016
48411,0.011716391,43,1/1/2016
48413,0,43,1/1/2016
48415,0.048418036,43,1/1/2016
48417,0.015243993,43,1/1/2016
48419,0,43,1/1/2016
48421,0,43,1/1/2016
48423,0,43,1/1/2016
48425,0.062346998,43,1/1/2016
48427,0.019271048,43,1/1/2016
48429,0.007911643,43,1/1/2016
48431,0.042677026,43,1/1/2016
48433,0,43,1/1/2016
48435,0.148232335,43,1/1/2016
48437,0.032780457,43,1/1/2016
48439,0.028312257,43,1/1/2016
48441,0.035476667,43,1/1/2016
48443,0.074002498,43,1/1/2016
48445,0,43,1/1/2016
48447,0.037159422,43,1/1/2016
48449,0.096520233,43,1/1/2016
48451,0.05318208,43,1/1/2016
48453,0.054815137,43,1/1/2016
48455,0.032517914,43,1/1/2016
48457,0.032931966,43,1/1/2016
48459,0.024290774,43,1/1/2016
48461,0,43,1/1/2016
48463,0.083446774,43,1/1/2016
48465,0.009683861,43,1/1/2016
48467,0.0201083,43,1/1/2016
48469,0.010111052,43,1/1/2016
48471,0.082638802,43,1/1/2016
48473,0.018185647,43,1/1/2016
48475,0,43,1/1/2016
48477,0.022777943,43,1/1/2016
48479,0.018089284,43,1/1/2016
48481,0.022525884,43,1/1/2016
48483,0.05318037,43,1/1/2016
48485,0.078133355,43,1/1/2016
48487,0.044812965,43,1/1/2016
48489,0.563208138,43,1/1/2016
48491,0,43,1/1/2016
48493,0.020169705,43,1/1/2016
48495,0.009592295,43,1/1/2016
48497,0.025441574,43,1/1/2016
48499,0.024268201,43,1/1/2016
48501,0.011948544,43,1/1/2016
48503,0.029883974,43,1/1/2016
48505,0.039010615,43,1/1/2016
48507,0,43,1/1/2016
49001,0,43,1/1/2016
49003,0.117741841,43,1/1/2016
49005,0.010541319,43,1/1/2016
49007,0.012914917,43,1/1/2016
49009,0.025387485,43,1/1/2016
49011,0,43,1/1/2016
49013,0.017878384,43,1/1/2016
49015,0.064441743,43,1/1/2016
49017,0,43,1/1/2016
49019,0.086908862,43,1/1/2016
49021,0.020963602,43,1/1/2016
49023,0.010159007,43,1/1/2016
49025,0.023998559,43,1/1/2016
49027,0,43,1/1/2016
49029,0.030806028,43,1/1/2016
49031,0,43,1/1/2016
49033,0,43,1/1/2016
49035,0,43,1/1/2016
49037,0.013817317,43,1/1/2016
49039,0.015639191,43,1/1/2016
49041,0.01545328,43,1/1/2016
49043,0.013418069,43,1/1/2016
49045,0.006817503,43,1/1/2016
49047,0.005053567,43,1/1/2016
49049,0.011332297,43,1/1/2016
49051,0.018432821,43,1/1/2016
49053,0.006577907,43,1/1/2016
49055,0.017214266,43,1/1/2016
49057,0,43,1/1/2016
50001,0.020364342,43,1/1/2016
50003,0.012868407,43,1/1/2016
50005,0.028911265,43,1/1/2016
50007,0.008710782,43,1/1/2016
50009,0.036771633,43,1/1/2016
50011,0,43,1/1/2016
50013,0.015124759,43,1/1/2016
50015,0,43,1/1/2016
50017,0.017939664,43,1/1/2016
50019,0.01900433,43,1/1/2016
50021,0.009835988,43,1/1/2016
50023,0.033501358,43,1/1/2016
50025,0.031614402,43,1/1/2016
50027,0.056096723,43,1/1/2016
51001,0.013331188,43,1/1/2016
51003,0,43,1/1/2016
51005,0.026304242,43,1/1/2016
51007,0.138931576,43,1/1/2016
51009,0,43,1/1/2016
51011,0,43,1/1/2016
51013,0,43,1/1/2016
51015,0.01534464,43,1/1/2016
51017,0.03593592,43,1/1/2016
51019,0.059031309,43,1/1/2016
51021,0,43,1/1/2016
51023,0,43,1/1/2016
51025,0,43,1/1/2016
51027,0,43,1/1/2016
51029,0.063857939,43,1/1/2016
51031,0,43,1/1/2016
51033,0,43,1/1/2016
51035,0,43,1/1/2016
51036,0,43,1/1/2016
51037,0,43,1/1/2016
51041,0,43,1/1/2016
51043,0.014528045,43,1/1/2016
51045,0,43,1/1/2016
51047,0,43,1/1/2016
51049,0.01477203,43,1/1/2016
51051,0,43,1/1/2016
51053,0.017652601,43,1/1/2016
51057,0,43,1/1/2016
51059,0.063662743,43,1/1/2016
51061,0.015426681,43,1/1/2016
51063,0.014842978,43,1/1/2016
51065,0,43,1/1/2016
51067,0,43,1/1/2016
51069,0.006974473,43,1/1/2016
51071,0,43,1/1/2016
51073,0.015674446,43,1/1/2016
51075,0.019028341,43,1/1/2016
51077,0,43,1/1/2016
51079,0,43,1/1/2016
51081,0,43,1/1/2016
51083,0,43,1/1/2016
51085,0.05799158,43,1/1/2016
51087,0.026829411,43,1/1/2016
51089,0.033373875,43,1/1/2016
51091,0,43,1/1/2016
51093,0,43,1/1/2016
51095,0,43,1/1/2016
51097,0.008096756,43,1/1/2016
51099,0,43,1/1/2016
51101,0,43,1/1/2016
51103,0,43,1/1/2016
51105,0.073208292,43,1/1/2016
51107,0,43,1/1/2016
51109,0.012651704,43,1/1/2016
51111,0,43,1/1/2016
51113,0,43,1/1/2016
51115,0,43,1/1/2016
51117,0,43,1/1/2016
51119,0.033870503,43,1/1/2016
51121,0,43,1/1/2016
51125,0.031298938,43,1/1/2016
51127,0,43,1/1/2016
51131,0.054976413,43,1/1/2016
51133,0.12450466,43,1/1/2016
51135,0,43,1/1/2016
51137,0.083358946,43,1/1/2016
51139,0,43,1/1/2016
51141,0.011170379,43,1/1/2016
51143,0.014742183,43,1/1/2016
51145,0,43,1/1/2016
51147,0,43,1/1/2016
51149,0.052977271,43,1/1/2016
51153,0,43,1/1/2016
51155,0.00564192,43,1/1/2016
51157,0.041715941,43,1/1/2016
51159,0,43,1/1/2016
51161,0,43,1/1/2016
51163,0.012363861,43,1/1/2016
51165,0,43,1/1/2016
51167,0.031543612,43,1/1/2016
51169,0.030119814,43,1/1/2016
51171,0,43,1/1/2016
51173,0.006119841,43,1/1/2016
51175,0.075876612,43,1/1/2016
51177,0,43,1/1/2016
51179,0.008006186,43,1/1/2016
51181,0.007321206,43,1/1/2016
51183,0,43,1/1/2016
51185,0,43,1/1/2016
51187,0.057922444,43,1/1/2016
51191,0.01619558,43,1/1/2016
51193,0.022614085,43,1/1/2016
51195,0,43,1/1/2016
51197,0.016165441,43,1/1/2016
51199,0.039338581,43,1/1/2016
51510,0.022544722,43,1/1/2016
51520,0.021570702,43,1/1/2016
51530,0.033028017,43,1/1/2016
51540,0,43,1/1/2016
51550,0.138330168,43,1/1/2016
51570,0.013769771,43,1/1/2016
51580,0,43,1/1/2016
51590,0,43,1/1/2016
51595,0.063063664,43,1/1/2016
51600,0.159381195,43,1/1/2016
51610,0,43,1/1/2016
51620,0,43,1/1/2016
51630,0.114520455,43,1/1/2016
51640,0.176292601,43,1/1/2016
51650,0.219959282,43,1/1/2016
51660,0.063377889,43,1/1/2016
51670,0,43,1/1/2016
51678,0.103899881,43,1/1/2016
51680,0.037505201,43,1/1/2016
51683,0.097241018,43,1/1/2016
51685,0.033121171,43,1/1/2016
51690,0,43,1/1/2016
51700,0.175297829,43,1/1/2016
51710,0.046036687,43,1/1/2016
51720,0.060365754,43,1/1/2016
51730,0.716632755,43,1/1/2016
51735,0.18961948,43,1/1/2016
51740,0,43,1/1/2016
51750,0.038391447,43,1/1/2016
51760,0,43,1/1/2016
51770,0.074636778,43,1/1/2016
51775,0.099050911,43,1/1/2016
51790,0.32845742,43,1/1/2016
51800,0,43,1/1/2016
51810,0.017758391,43,1/1/2016
51820,0.012656549,43,1/1/2016
51830,0,43,1/1/2016
51840,0.027787473,43,1/1/2016
53001,0.157866144,43,1/1/2016
53003,0.031314639,43,1/1/2016
53005,0.011845429,43,1/1/2016
53007,0.024391683,43,1/1/2016
53009,0.034750849,43,1/1/2016
53011,0.023102338,43,1/1/2016
53013,0.013125832,43,1/1/2016
53015,0.067096023,43,1/1/2016
53017,0.020301741,43,1/1/2016
53019,0,43,1/1/2016
53021,0.034702408,43,1/1/2016
53023,0.012425802,43,1/1/2016
53025,0.211661526,43,1/1/2016
53027,0.021014555,43,1/1/2016
53029,0.019181961,43,1/1/2016
53031,0.009720235,43,1/1/2016
53033,0.008485312,43,1/1/2016
53035,0.026707903,43,1/1/2016
53037,0.015206226,43,1/1/2016
53039,0.005889184,43,1/1/2016
53041,0.020839235,43,1/1/2016
53043,0.017142718,43,1/1/2016
53045,0.086798268,43,1/1/2016
53047,0.004248113,43,1/1/2016
53049,0.023145205,43,1/1/2016
53051,0.025366711,43,1/1/2016
53053,0.059597916,43,1/1/2016
53055,0.029548026,43,1/1/2016
53057,0.016171378,43,1/1/2016
53059,0.017517953,43,1/1/2016
53061,0,43,1/1/2016
53063,0.010547227,43,1/1/2016
53065,0.039114355,43,1/1/2016
53067,0.021404777,43,1/1/2016
53069,0.018202359,43,1/1/2016
53071,0,43,1/1/2016
53073,0.055349571,43,1/1/2016
53075,0.01233371,43,1/1/2016
53077,0.010817553,43,1/1/2016
54001,0.022354203,43,1/1/2016
54003,0.045212139,43,1/1/2016
54005,0.02243665,43,1/1/2016
54007,0.011580651,43,1/1/2016
54009,0.018258872,43,1/1/2016
54011,0.109475292,43,1/1/2016
54013,0.114622742,43,1/1/2016
54015,0.060509345,43,1/1/2016
54017,0,43,1/1/2016
54019,0,43,1/1/2016
54021,0.02241461,43,1/1/2016
54023,0,43,1/1/2016
54025,0.054952855,43,1/1/2016
54027,0.036549046,43,1/1/2016
54029,0.019957705,43,1/1/2016
54031,0,43,1/1/2016
54033,0,43,1/1/2016
54035,0.048827385,43,1/1/2016
54037,0.016677155,43,1/1/2016
54039,0.004687485,43,1/1/2016
54041,0.045285595,43,1/1/2016
54043,0.142569895,43,1/1/2016
54045,0,43,1/1/2016
54047,0.043906682,43,1/1/2016
54049,0.0684683,43,1/1/2016
54051,0.050098743,43,1/1/2016
54053,0.042218684,43,1/1/2016
54055,0.079193367,43,1/1/2016
54057,0.099103715,43,1/1/2016
54059,0.009639347,43,1/1/2016
54061,0.032589823,43,1/1/2016
54063,0.092332726,43,1/1/2016
54065,0,43,1/1/2016
54067,0.024576202,43,1/1/2016
54069,0.043844233,43,1/1/2016
54071,0.164565227,43,1/1/2016
54073,0,43,1/1/2016
54075,0,43,1/1/2016
54077,0.031081536,43,1/1/2016
54079,0.007827008,43,1/1/2016
54081,0.01299288,43,1/1/2016
54083,0.06526182,43,1/1/2016
54085,0.032793453,43,1/1/2016
54087,0,43,1/1/2016
54089,0.044632456,43,1/1/2016
54091,0.020527046,43,1/1/2016
54093,0.06331725,43,1/1/2016
54095,0,43,1/1/2016
54097,0.014135932,43,1/1/2016
54099,0.021859731,43,1/1/2016
54101,0,43,1/1/2016
54103,0.018336165,43,1/1/2016
54105,0.039194373,43,1/1/2016
54107,0,43,1/1/2016
54109,0.038626463,43,1/1/2016
55001,0,43,1/1/2016
55003,0.013165785,43,1/1/2016
55005,0.023540397,43,1/1/2016
55007,0.020946157,43,1/1/2016
55009,0,43,1/1/2016
55011,0.048948247,43,1/1/2016
55013,0,43,1/1/2016
55015,0.017368312,43,1/1/2016
55017,0.005332152,43,1/1/2016
55019,0.036199068,43,1/1/2016
55021,0.014986235,43,1/1/2016
55023,0.018194506,43,1/1/2016
55025,0.016189213,43,1/1/2016
55027,0.041239561,43,1/1/2016
55029,0.029402241,43,1/1/2016
55031,0.00957785,43,1/1/2016
55033,0.006072862,43,1/1/2016
55035,0.005910526,43,1/1/2016
55037,0.067849135,43,1/1/2016
55039,0,43,1/1/2016
55041,0.020073419,43,1/1/2016
55043,0,43,1/1/2016
55045,0.017205387,43,1/1/2016
55047,0.027081638,43,1/1/2016
55049,0.014115291,43,1/1/2016
55051,0.011170379,43,1/1/2016
55053,0,43,1/1/2016
55055,0.012850119,43,1/1/2016
55057,0.010241125,43,1/1/2016
55059,0.016090379,43,1/1/2016
55061,0.032489343,43,1/1/2016
55063,0,43,1/1/2016
55065,0.058695598,43,1/1/2016
55067,0.015771751,43,1/1/2016
55069,0.013746638,43,1/1/2016
55071,0.016287919,43,1/1/2016
55073,0.031360338,43,1/1/2016
55075,0.03429382,43,1/1/2016
55077,0.025840991,43,1/1/2016
55078,0,43,1/1/2016
55079,0,43,1/1/2016
55081,0.052775512,43,1/1/2016
55083,0.011582936,43,1/1/2016
55085,0.009882816,43,1/1/2016
55087,0.051062107,43,1/1/2016
55089,0.029611844,43,1/1/2016
55091,0.039014004,43,1/1/2016
55093,0.036160413,43,1/1/2016
55095,0,43,1/1/2016
55097,0.020174884,43,1/1/2016
55099,0.014102556,43,1/1/2016
55101,0.019547543,43,1/1/2016
55103,0.038725071,43,1/1/2016
55105,0.015119257,43,1/1/2016
55107,0.036882171,43,1/1/2016
55109,0.018703485,43,1/1/2016
55111,0.012006231,43,1/1/2016
55113,0.026608758,43,1/1/2016
55115,0.01614174,43,1/1/2016
55117,0.006434761,43,1/1/2016
55119,0.033878705,43,1/1/2016
55121,0.012927449,43,1/1/2016
55123,0.015336467,43,1/1/2016
55125,0.017149616,43,1/1/2016
55127,0.012326762,43,1/1/2016
55129,0.013755392,43,1/1/2016
55131,0.033770979,43,1/1/2016
55133,0.011096564,43,1/1/2016
55135,0.034617644,43,1/1/2016
55137,0.00512728,43,1/1/2016
55139,0.010935524,43,1/1/2016
55141,0.049458623,43,1/1/2016
56001,0.089487869,43,1/1/2016
56003,0.027350679,43,1/1/2016
56005,0.018487986,43,1/1/2016
56007,0.046561228,43,1/1/2016
56009,0.016917924,43,1/1/2016
56011,0.018619135,43,1/1/2016
56013,0.022655875,43,1/1/2016
56015,0.065133528,43,1/1/2016
56017,0.019732945,43,1/1/2016
56019,0.056470215,43,1/1/2016
56021,0.031136476,43,1/1/2016
56023,0.023908763,43,1/1/2016
56025,0.021016258,43,1/1/2016
56027,0.046428901,43,1/1/2016
56029,0.102280311,43,1/1/2016
56031,0.018003212,43,1/1/2016
56033,0.030440569,43,1/1/2016
56035,0.030796986,43,1/1/2016
56037,0,43,1/1/2016
56039,0.027520232,43,1/1/2016
56041,0.021875311,43,1/1/2016
56043,0.114476351,43,1/1/2016
56045,0.032085506,43,1/1/2016
56045,0.017527306,43,1/1/2016
