source,fips,value,date
43,51958,0.000144637,12/31/2017
43,51955,0.000306418,12/31/2017
43,51953,9.94179E-05,12/31/2017
43,51951,1.24799E-05,12/31/2017
43,51949,0.001115479,12/31/2017
43,51947,0.00014998,12/31/2017
43,51945,0.00021263,12/31/2017
43,51944,0.000273054,12/31/2017
43,51942,8.89295E-05,12/31/2017
43,51941,0.000335514,12/31/2017
43,51939,0.000669393,12/31/2017
43,51933,3.09014E-05,12/31/2017
43,51931,4.85748E-05,12/31/2017
43,51929,0,12/31/2017
43,51923,0.000942635,12/31/2017
43,51921,0.000496978,12/31/2017
43,51919,6.25764E-05,12/31/2017
43,51918,4.47749E-05,12/31/2017
43,51913,5.40416E-05,12/31/2017
43,51911,0,12/31/2017
43,51907,2.36501E-05,12/31/2017
43,51903,0.00255757,12/31/2017
43,51901,0.000729771,12/31/2017
43,51019,0.000110375,12/31/2017
43,46102,,12/31/2017
43,15901,0,12/31/2017
43,02901,0,12/31/2017
43,02280,0.003174525,12/31/2017
43,02232,0.003573749,12/31/2017
43,02110,0.000236323,12/31/2017
43,02122,0,12/31/2017
43,51800,0,12/31/2017
43,51810,6.49634E-06,12/31/2017
43,51760,8.94324E-06,12/31/2017
43,51770,5.31707E-05,12/31/2017
43,51740,0,12/31/2017
43,02240,0,12/31/2017
43,02261,0.001607348,12/31/2017
43,02270,,12/31/2017
43,02220,0.009247353,12/31/2017
43,02150,0,12/31/2017
43,02158,,12/31/2017
43,02164,0,12/31/2017
43,02170,0.000260963,12/31/2017
43,02180,0.000200171,12/31/2017
43,02185,0,12/31/2017
43,02188,0,12/31/2017
43,51650,0,12/31/2017
43,51700,5.85735E-05,12/31/2017
43,51710,0,12/31/2017
43,51550,0,12/31/2017
43,51197,0,12/31/2017
43,51510,0.000238014,12/31/2017
43,51193,0,12/31/2017
43,51179,0,12/31/2017
43,51181,0.000829291,12/31/2017
43,51183,0,12/31/2017
43,51185,4.62763E-05,12/31/2017
43,51187,0,12/31/2017
43,15007,0.000128934,12/31/2017
43,51033,0.000177132,12/31/2017
43,51061,0,12/31/2017
43,51063,0,12/31/2017
43,51065,0.000408581,12/31/2017
43,51067,0,12/31/2017
43,51071,0,12/31/2017
43,51073,0.000166424,12/31/2017
43,51075,0,12/31/2017
43,51077,0.000125763,12/31/2017
43,51079,0.000917158,12/31/2017
43,51083,0,12/31/2017
43,51085,0,12/31/2017
43,51087,0,12/31/2017
43,51007,0.000469105,12/31/2017
43,51009,0,12/31/2017
43,51011,0.002361082,12/31/2017
43,51013,0,12/31/2017
43,51017,0,12/31/2017
43,51021,0,12/31/2017
43,51023,0,12/31/2017
43,51025,0.000475993,12/31/2017
43,51027,0,12/31/2017
43,51029,0,12/31/2017
43,51036,0.001237846,12/31/2017
43,51037,0.000928039,12/31/2017
43,51041,0,12/31/2017
43,51043,0.000678209,12/31/2017
43,51045,0,12/31/2017
43,51047,3.96724E-05,12/31/2017
43,51049,0,12/31/2017
43,51051,0,12/31/2017
43,51145,0,12/31/2017
43,51147,0.000155258,12/31/2017
43,51057,0.001903657,12/31/2017
43,51091,0.010997753,12/31/2017
43,51093,0.000151076,12/31/2017
43,51155,0.000112786,12/31/2017
43,51157,0,12/31/2017
43,51159,0.000222641,12/31/2017
43,51167,0.027660413,12/31/2017
43,51169,0.0020845,12/31/2017
43,51171,0.00023971,12/31/2017
43,51173,0.00797063,12/31/2017
43,51097,0.002790113,12/31/2017
43,51099,0.000173099,12/31/2017
43,51101,0.00160662,12/31/2017
43,51103,0.002986544,12/31/2017
43,51105,8.08699E-05,12/31/2017
43,51107,6.96193E-06,12/31/2017
43,51109,0.000608314,12/31/2017
43,51111,0.001086048,12/31/2017
43,51113,0.001048932,12/31/2017
43,51115,0.000313215,12/31/2017
43,51117,0,12/31/2017
43,51119,0.000346771,12/31/2017
43,51125,0.000212661,12/31/2017
43,51127,9.62573E-05,12/31/2017
43,51131,0.000164652,12/31/2017
43,51133,0.000161212,12/31/2017
43,51135,0,12/31/2017
43,51137,0.000156852,12/31/2017
43,51139,0.000116725,12/31/2017
43,51141,0.002723751,12/31/2017
43,02282,0.006256682,12/31/2017
43,02290,0.000362276,12/31/2017
43,04001,5.51797E-05,12/31/2017
43,04003,3.06045E-05,12/31/2017
43,04005,9.80342E-05,12/31/2017
43,04007,0,12/31/2017
43,04009,5.24002E-05,12/31/2017
43,04011,0.005449044,12/31/2017
43,04012,0,12/31/2017
43,04013,2.45302E-06,12/31/2017
43,04015,3.04974E-05,12/31/2017
43,04017,7.32327E-05,12/31/2017
43,04019,0,12/31/2017
43,04021,3.87755E-05,12/31/2017
43,04023,4.26138E-05,12/31/2017
43,04025,4.75608E-05,12/31/2017
43,04027,0.000192635,12/31/2017
43,05001,0.000344462,12/31/2017
43,05003,0,12/31/2017
43,05005,4.80736E-05,12/31/2017
43,05007,0,12/31/2017
43,05009,0,12/31/2017
43,05011,0.000179688,12/31/2017
43,05013,0.000623759,12/31/2017
43,05015,0,12/31/2017
43,05017,0,12/31/2017
43,05019,0,12/31/2017
43,05021,0.000322529,12/31/2017
43,05023,0.000601348,12/31/2017
43,05025,0,12/31/2017
43,05027,0,12/31/2017
43,05029,0,12/31/2017
43,05031,0,12/31/2017
43,05033,0.000127207,12/31/2017
43,05035,0,12/31/2017
43,05037,0.000713589,12/31/2017
43,05039,0,12/31/2017
43,05041,0,12/31/2017
43,05043,0.000275847,12/31/2017
43,05045,0.000110761,12/31/2017
43,05047,0,12/31/2017
43,05049,0.020068566,12/31/2017
43,05051,4.03186E-05,12/31/2017
43,05053,0.000515839,12/31/2017
43,05055,0.000436246,12/31/2017
43,05057,0,12/31/2017
43,05059,0,12/31/2017
43,05061,0.00615874,12/31/2017
43,05063,7.45528E-05,12/31/2017
43,05065,0,12/31/2017
43,05067,0.000113345,12/31/2017
43,05069,0.000183784,12/31/2017
43,05071,7.55301E-05,12/31/2017
43,05073,0.009537038,12/31/2017
43,05075,0.002383257,12/31/2017
43,05077,0,12/31/2017
43,05079,0.000432516,12/31/2017
43,05081,0.024242198,12/31/2017
43,05083,0,12/31/2017
43,05085,5.74142E-05,12/31/2017
43,05087,0.002940818,12/31/2017
43,05089,0.000231644,12/31/2017
43,05091,8.66759E-05,12/31/2017
43,05093,0.003274482,12/31/2017
43,05095,0.000521827,12/31/2017
43,05097,0.002093465,12/31/2017
43,05099,0.032903201,12/31/2017
43,05101,0.000470235,12/31/2017
43,05103,0.000969187,12/31/2017
43,05105,0.002052059,12/31/2017
43,05107,0.00025101,12/31/2017
43,05109,0.013296876,12/31/2017
43,05111,0.000465631,12/31/2017
43,05113,0.000242391,12/31/2017
43,05115,4.73828E-05,12/31/2017
43,05117,0.270562862,12/31/2017
43,05119,9.29292E-05,12/31/2017
43,05121,0.002066402,12/31/2017
43,05123,0.000100669,12/31/2017
43,05125,9.58414E-05,12/31/2017
43,05127,0.001836623,12/31/2017
43,05129,0.001126714,12/31/2017
43,05131,1.05474E-05,12/31/2017
43,05133,0.003641899,12/31/2017
43,05135,0.008253908,12/31/2017
43,05137,0.001117692,12/31/2017
43,05139,0.015601735,12/31/2017
43,05141,0.003528544,12/31/2017
43,05143,3.07341E-05,12/31/2017
43,05145,0.003960717,12/31/2017
43,05147,0.040894352,12/31/2017
43,05149,0.000662124,12/31/2017
43,06001,0.00028638,12/31/2017
43,06003,0.500720031,12/31/2017
43,06005,0.010025187,12/31/2017
43,06007,0.000440699,12/31/2017
43,06009,0.003063835,12/31/2017
43,06011,0.006552161,12/31/2017
43,06013,7.41197E-05,12/31/2017
43,06015,0.011031411,12/31/2017
43,06017,0.000184506,12/31/2017
43,06019,6.20533E-05,12/31/2017
43,06021,0.000110319,12/31/2017
43,06023,3.5576E-05,12/31/2017
43,06025,0.000328888,12/31/2017
43,06027,0.008494767,12/31/2017
43,06029,0.000155477,12/31/2017
43,06031,4.84063E-05,12/31/2017
43,06033,9.36967E-05,12/31/2017
43,06035,0.000128058,12/31/2017
43,06037,1.6311E-05,12/31/2017
43,06039,7.77711E-05,12/31/2017
43,06041,0.000502935,12/31/2017
43,06043,0.0006981,12/31/2017
43,06045,0.000156238,12/31/2017
43,06047,0.000211594,12/31/2017
43,06049,0.00038559,12/31/2017
43,06051,0.005722146,12/31/2017
43,06053,2.00665E-06,12/31/2017
43,06055,4.42718E-05,12/31/2017
43,06057,0,12/31/2017
43,06059,1.75275E-05,12/31/2017
43,06061,1.93869E-05,12/31/2017
43,06063,0.000105506,12/31/2017
43,06065,3.69093E-07,12/31/2017
43,06067,0,12/31/2017
43,06069,2.2896E-05,12/31/2017
43,06071,0,12/31/2017
43,06073,0,12/31/2017
43,06075,0,12/31/2017
43,06077,5.34688E-06,12/31/2017
43,06079,0.000670535,12/31/2017
43,06081,0,12/31/2017
43,06083,4.81613E-05,12/31/2017
43,06085,2.39801E-06,12/31/2017
43,06087,0,12/31/2017
43,06089,0.000409851,12/31/2017
43,06091,0.000684745,12/31/2017
43,06093,0.00021602,12/31/2017
43,06095,0,12/31/2017
43,06097,6.94063E-06,12/31/2017
43,06099,3.54028E-06,12/31/2017
43,06101,0,12/31/2017
43,06103,2.49876E-05,12/31/2017
43,06105,0,12/31/2017
43,06107,0.000131582,12/31/2017
43,06109,6.15748E-05,12/31/2017
43,06111,1.77083E-06,12/31/2017
43,06113,9.29183E-06,12/31/2017
43,06115,9.95102E-05,12/31/2017
43,08001,0.000117432,12/31/2017
43,08003,0.000120862,12/31/2017
43,08005,6.3053E-06,12/31/2017
43,08007,0.000156884,12/31/2017
43,08009,0.010150517,12/31/2017
43,08011,0,12/31/2017
43,08013,0,12/31/2017
43,08014,3.07311E-05,12/31/2017
43,08015,0.000289741,12/31/2017
43,08017,0.002563399,12/31/2017
43,08019,0.000665823,12/31/2017
43,08021,0,12/31/2017
43,08023,0,12/31/2017
43,08025,0.000573229,12/31/2017
43,08027,0.00043851,12/31/2017
43,08029,6.53768E-05,12/31/2017
43,08031,0.000150476,12/31/2017
43,08033,0.002093837,12/31/2017
43,08035,4.18562E-06,12/31/2017
43,08037,0.000144137,12/31/2017
43,08039,0,12/31/2017
43,08041,0,12/31/2017
43,08043,0,12/31/2017
43,08045,8.72768E-05,12/31/2017
43,08047,0.000463778,12/31/2017
43,08049,8.01253E-05,12/31/2017
43,08051,0,12/31/2017
43,08053,0.0289096,12/31/2017
43,08055,0.000340497,12/31/2017
43,08057,0.118990113,12/31/2017
43,08059,0.000417493,12/31/2017
43,08061,0.015711494,12/31/2017
43,08063,0.002165334,12/31/2017
43,08065,0.032163427,12/31/2017
43,08067,0.000674587,12/31/2017
43,08069,4.1542E-05,12/31/2017
43,08071,0.001306662,12/31/2017
43,08073,0.00412276,12/31/2017
43,08075,0.007279116,12/31/2017
43,08077,0.000252781,12/31/2017
43,08079,0.40779405,12/31/2017
43,08081,0.01068241,12/31/2017
43,08083,0.003566153,12/31/2017
43,08085,0.001452594,12/31/2017
43,08087,7.02446E-05,12/31/2017
43,08089,0.007623826,12/31/2017
43,08091,0.114037487,12/31/2017
43,08093,0.000116893,12/31/2017
43,08095,0.015029607,12/31/2017
43,08097,0.00147825,12/31/2017
43,08099,0.002720303,12/31/2017
43,08101,0.000508359,12/31/2017
43,08103,0.004169707,12/31/2017
43,08105,0.000338754,12/31/2017
43,08107,0,12/31/2017
43,08109,0.05075555,12/31/2017
43,08111,0.255806769,12/31/2017
43,08113,0.001002427,12/31/2017
43,08115,0.000838137,12/31/2017
43,08117,0.003331254,12/31/2017
43,08119,0,12/31/2017
43,08121,0,12/31/2017
43,08123,5.25453E-06,12/31/2017
43,08125,0,12/31/2017
43,09001,2.08533E-06,12/31/2017
43,09003,2.20131E-06,12/31/2017
43,09005,0.000265606,12/31/2017
43,09007,0.000155526,12/31/2017
43,09009,0.000445176,12/31/2017
43,09011,5.83661E-06,12/31/2017
43,09013,0.000319006,12/31/2017
43,09015,5.89223E-05,12/31/2017
43,10001,0,12/31/2017
43,10003,0,12/31/2017
43,10005,0.000345698,12/31/2017
43,11001,0.000263245,12/31/2017
43,12001,0.000367328,12/31/2017
43,12003,0.000114783,12/31/2017
43,12005,0,12/31/2017
43,12007,7.37811E-05,12/31/2017
43,12009,0.000112094,12/31/2017
43,12011,3.84143E-05,12/31/2017
43,12013,0.003049725,12/31/2017
43,12015,0.004545418,12/31/2017
43,12017,8.27237E-05,12/31/2017
43,12019,2.09899E-05,12/31/2017
43,12021,0.000149058,12/31/2017
43,12023,0.000115384,12/31/2017
43,12027,0.010523391,12/31/2017
43,12029,0.004826473,12/31/2017
43,12031,0.000432594,12/31/2017
43,12033,0.000367149,12/31/2017
43,12035,0.003099382,12/31/2017
43,12037,0.012135511,12/31/2017
43,12039,0.000169647,12/31/2017
43,12041,0.00153985,12/31/2017
43,12043,0.005903864,12/31/2017
43,12045,0.001899272,12/31/2017
43,12047,0.008979749,12/31/2017
43,12049,0.002790525,12/31/2017
43,12051,0.000685737,12/31/2017
43,12053,6.61643E-06,12/31/2017
43,12055,3.78624E-05,12/31/2017
43,12057,1.26914E-05,12/31/2017
43,12059,0.008281988,12/31/2017
43,12061,0,12/31/2017
43,12063,0.000175704,12/31/2017
43,12065,0.000331001,12/31/2017
43,12067,0.000445873,12/31/2017
43,12069,0,12/31/2017
43,12071,5.30435E-06,12/31/2017
43,12073,0,12/31/2017
43,12075,0.00067652,12/31/2017
43,12077,0,12/31/2017
43,12079,0.000238962,12/31/2017
43,12081,1.73888E-05,12/31/2017
43,12083,1.72392E-05,12/31/2017
43,12085,3.19693E-05,12/31/2017
43,12086,3.45597E-05,12/31/2017
43,12087,2.5741E-05,12/31/2017
43,12089,0,12/31/2017
43,12091,9.99787E-06,12/31/2017
43,12093,0,12/31/2017
43,12095,1.16366E-05,12/31/2017
43,12097,9.72046E-06,12/31/2017
43,12099,1.38459E-06,12/31/2017
43,12101,0,12/31/2017
43,12103,3.32769E-06,12/31/2017
43,12105,3.0287E-06,12/31/2017
43,12107,0.000330544,12/31/2017
43,12109,6.45192E-05,12/31/2017
43,12111,0,12/31/2017
43,12113,0.000813516,12/31/2017
43,12115,1.11257E-05,12/31/2017
43,12117,5.45254E-06,12/31/2017
43,12119,5.34675E-05,12/31/2017
43,12121,0.001035222,12/31/2017
43,12123,0,12/31/2017
43,12125,0.00288189,12/31/2017
43,12127,3.80883E-06,12/31/2017
43,12129,0.002749399,12/31/2017
43,12131,0.000109582,12/31/2017
43,12133,0.000510179,12/31/2017
43,13001,0,12/31/2017
43,13003,0.000570333,12/31/2017
43,13005,0.001478245,12/31/2017
43,13007,0,12/31/2017
43,13009,0.000126703,12/31/2017
43,13011,5.59415E-05,12/31/2017
43,13013,0,12/31/2017
43,13015,6.15999E-05,12/31/2017
43,13017,0.011913326,12/31/2017
43,13019,0.000390651,12/31/2017
43,13021,0,12/31/2017
43,13023,0.005806352,12/31/2017
43,13025,0.000824059,12/31/2017
43,13027,0.000126399,12/31/2017
43,13029,0,12/31/2017
43,13031,2.67892E-05,12/31/2017
43,13033,0.000181454,12/31/2017
43,13035,0.000241527,12/31/2017
43,13037,0.000595411,12/31/2017
43,13039,7.56139E-05,12/31/2017
43,13043,0.001138799,12/31/2017
43,13045,0.000421583,12/31/2017
43,13047,0.000224331,12/31/2017
43,13049,0.001219156,12/31/2017
43,13051,0.001257091,12/31/2017
43,13053,0,12/31/2017
43,13055,0,12/31/2017
43,13057,0.000134326,12/31/2017
43,13059,5.11644E-05,12/31/2017
43,13061,0.001567849,12/31/2017
43,13063,1.41235E-05,12/31/2017
43,13065,0.009859985,12/31/2017
43,13067,5.66662E-06,12/31/2017
43,13069,0.001022438,12/31/2017
43,13071,0,12/31/2017
43,13073,1.37451E-05,12/31/2017
43,13075,0,12/31/2017
43,13077,0,12/31/2017
43,13079,0,12/31/2017
43,13081,0.000910245,12/31/2017
43,13083,0.001339479,12/31/2017
43,13085,0.000114829,12/31/2017
43,13087,0.000751509,12/31/2017
43,13089,1.82502E-06,12/31/2017
43,13091,9.37896E-05,12/31/2017
43,13093,0.00020805,12/31/2017
43,13095,2.15849E-05,12/31/2017
43,13097,0,12/31/2017
43,13099,0,12/31/2017
43,13101,0,12/31/2017
43,13103,0,12/31/2017
43,13105,0.001507632,12/31/2017
43,13107,0,12/31/2017
43,13109,0.000183647,12/31/2017
43,13111,0,12/31/2017
43,13113,0,12/31/2017
43,13115,0.000389073,12/31/2017
43,13117,1.83245E-05,12/31/2017
43,13119,0.000166335,12/31/2017
43,13121,0,12/31/2017
43,13123,0.000130748,12/31/2017
43,13125,0,12/31/2017
43,13127,0,12/31/2017
43,13129,0.000263287,12/31/2017
43,13131,7.88681E-05,12/31/2017
43,13133,0.000108621,12/31/2017
43,13135,2.21977E-06,12/31/2017
43,13137,0,12/31/2017
43,13139,1.67983E-05,12/31/2017
43,13141,0.000382926,12/31/2017
43,13143,0.00378013,12/31/2017
43,13145,0.000230884,12/31/2017
43,13147,0,12/31/2017
43,13149,0,12/31/2017
43,13151,3.01538E-05,12/31/2017
43,13153,1.31401E-05,12/31/2017
43,13155,0.00040881,12/31/2017
43,13157,0,12/31/2017
43,13159,0,12/31/2017
43,13161,0.000279221,12/31/2017
43,13163,0.000242695,12/31/2017
43,13165,0.000221244,12/31/2017
43,13167,0,12/31/2017
43,13169,6.92183E-05,12/31/2017
43,13171,0.000108057,12/31/2017
43,13173,0.018788828,12/31/2017
43,13175,0.000243132,12/31/2017
43,13177,0,12/31/2017
43,13179,3.18012E-05,12/31/2017
43,13181,0.000661209,12/31/2017
43,13183,0.000708021,12/31/2017
43,13185,6.65773E-05,12/31/2017
43,13187,0,12/31/2017
43,13189,0.000279481,12/31/2017
43,13191,0,12/31/2017
43,13193,0,12/31/2017
43,13195,6.90731E-05,12/31/2017
43,13197,0,12/31/2017
43,13199,0,12/31/2017
43,13201,0,12/31/2017
43,13205,0.000924124,12/31/2017
43,13207,0.000563267,12/31/2017
43,13209,0.000502579,12/31/2017
43,13211,0.00010967,12/31/2017
43,13213,0,12/31/2017
43,13215,0.00010979,12/31/2017
43,13217,0,12/31/2017
43,13219,0,12/31/2017
43,13221,0.000242656,12/31/2017
43,13223,5.9628E-05,12/31/2017
43,13225,0,12/31/2017
43,13227,0.000200524,12/31/2017
43,13229,0.000953635,12/31/2017
43,13231,0,12/31/2017
43,13233,0.000221172,12/31/2017
43,13235,0.00061019,12/31/2017
43,13237,0,12/31/2017
43,13239,0.000923126,12/31/2017
43,13241,0,12/31/2017
43,13243,0.003092356,12/31/2017
43,13245,0,12/31/2017
43,13247,2.23265E-05,12/31/2017
43,13249,0,12/31/2017
43,13251,0.000140734,12/31/2017
43,13253,0.004658541,12/31/2017
43,13255,0.002731562,12/31/2017
43,13257,7.70923E-05,12/31/2017
43,13259,0,12/31/2017
43,13261,0,12/31/2017
43,13263,0.000430591,12/31/2017
43,13265,0.001071307,12/31/2017
43,13267,3.73291E-05,12/31/2017
43,13269,0.00036322,12/31/2017
43,13271,0.000120906,12/31/2017
43,13273,0.002129955,12/31/2017
43,13275,0,12/31/2017
43,13277,0.000586832,12/31/2017
43,13279,0.00068953,12/31/2017
43,13281,0.000176809,12/31/2017
43,13283,0.000292578,12/31/2017
43,13285,0.000536031,12/31/2017
43,13287,0.003421953,12/31/2017
43,13289,0.001139295,12/31/2017
43,13291,0.000212972,12/31/2017
43,13293,0.0003463,12/31/2017
43,13295,0.00013936,12/31/2017
43,13297,1.0691E-05,12/31/2017
43,13299,0,12/31/2017
43,13301,0.001241527,12/31/2017
43,13303,0.000131019,12/31/2017
43,13305,0.000196006,12/31/2017
43,13307,0.006617551,12/31/2017
43,13309,0,12/31/2017
43,13311,0.000523859,12/31/2017
43,13313,0.003411972,12/31/2017
43,13315,0.000355304,12/31/2017
43,13317,0.00056642,12/31/2017
43,13319,0.0013563,12/31/2017
43,13321,0.000854409,12/31/2017
43,15001,0,12/31/2017
43,15003,6.7841E-06,12/31/2017
43,46115,0.002122477,12/31/2017
43,46117,0.001847485,12/31/2017
43,46119,0.005400618,12/31/2017
43,46121,0,12/31/2017
43,46123,0.003460711,12/31/2017
43,46125,0,12/31/2017
43,46127,0.001471461,12/31/2017
43,46129,0.0262106,12/31/2017
43,46135,3.48718E-05,12/31/2017
43,46137,0.001420514,12/31/2017
43,47001,6.06732E-05,12/31/2017
43,47003,8.43253E-05,12/31/2017
43,47005,0,12/31/2017
43,47007,0.000246713,12/31/2017
43,47009,8.82588E-05,12/31/2017
43,47011,1.90563E-05,12/31/2017
43,47013,4.96055E-05,12/31/2017
43,47015,0.000142748,12/31/2017
43,47017,0,12/31/2017
43,47019,7.55231E-05,12/31/2017
43,47021,0,12/31/2017
43,47023,0.009960062,12/31/2017
43,47025,0,12/31/2017
43,47027,0.000257091,12/31/2017
43,47029,0.000201683,12/31/2017
43,47031,0,12/31/2017
43,47033,0.000320335,12/31/2017
43,47035,6.79119E-05,12/31/2017
43,47037,3.05211E-05,12/31/2017
43,47039,0,12/31/2017
43,47041,0.000101934,12/31/2017
43,47043,0.001285159,12/31/2017
43,47045,0.000142336,12/31/2017
43,47047,5.02209E-05,12/31/2017
43,47049,0.001123188,12/31/2017
43,47051,0,12/31/2017
43,47053,9.47169E-05,12/31/2017
43,47055,0.000735091,12/31/2017
43,47057,0,12/31/2017
43,47059,0,12/31/2017
43,47061,0.000810366,12/31/2017
43,47063,0.000102097,12/31/2017
43,47065,1.1811E-05,12/31/2017
43,47067,0,12/31/2017
43,47069,0,12/31/2017
43,47071,0.000756124,12/31/2017
43,47073,3.50252E-05,12/31/2017
43,47075,0.000237799,12/31/2017
43,47077,0.000308836,12/31/2017
43,47079,0.000947853,12/31/2017
43,47081,8.06256E-05,12/31/2017
43,47083,0,12/31/2017
43,47085,0.000341477,12/31/2017
43,47087,0.033757259,12/31/2017
43,47089,5.22942E-05,12/31/2017
43,47091,0,12/31/2017
43,47093,0.000205286,12/31/2017
43,47095,0.004592466,12/31/2017
43,47097,0.000298221,12/31/2017
43,47099,4.63828E-05,12/31/2017
43,47101,0.000549115,12/31/2017
43,47103,0,12/31/2017
43,47105,0,12/31/2017
43,47107,0.000187895,12/31/2017
43,47109,0.00248221,12/31/2017
43,47111,0.000265223,12/31/2017
43,47113,0.000113015,12/31/2017
43,47115,0.000167208,12/31/2017
43,47117,0.000559928,12/31/2017
43,47119,0.000220987,12/31/2017
43,47121,0.001042016,12/31/2017
43,47123,5.87918E-05,12/31/2017
43,47125,0.000193313,12/31/2017
43,47127,0,12/31/2017
43,47129,0,12/31/2017
43,47131,0,12/31/2017
43,47133,0.000240705,12/31/2017
43,47135,0.00032081,12/31/2017
43,47137,0.000389566,12/31/2017
43,47139,0,12/31/2017
43,47141,0.000807293,12/31/2017
43,47143,0.000119218,12/31/2017
43,47145,0.000103018,12/31/2017
43,47147,0.001257169,12/31/2017
43,47149,0.00214033,12/31/2017
43,47151,0,12/31/2017
43,47153,0,12/31/2017
43,47155,2.06808E-05,12/31/2017
43,47157,7.08596E-05,12/31/2017
43,47159,0.00146325,12/31/2017
43,47161,0.003924734,12/31/2017
43,47163,1.26214E-05,12/31/2017
43,47165,0,12/31/2017
43,47167,0,12/31/2017
43,47169,0.001747384,12/31/2017
43,47171,0.000110796,12/31/2017
43,47173,0.000292574,12/31/2017
43,47175,0.000821525,12/31/2017
43,47177,4.91293E-05,12/31/2017
43,47179,0,12/31/2017
43,47181,0.006917108,12/31/2017
43,47183,5.8488E-05,12/31/2017
43,47185,0,12/31/2017
43,47187,1.60154E-05,12/31/2017
43,47189,1.04236E-05,12/31/2017
43,48001,5.33666E-05,12/31/2017
43,48003,0.001928622,12/31/2017
43,48005,3.51398E-05,12/31/2017
43,48007,7.95542E-05,12/31/2017
43,48009,0.00016176,12/31/2017
43,48011,0,12/31/2017
43,48013,5.41691E-05,12/31/2017
43,48015,0.007189238,12/31/2017
43,48017,0.000178122,12/31/2017
43,48019,0.000381827,12/31/2017
43,48021,0.000342425,12/31/2017
43,48023,0.000548442,12/31/2017
43,48025,3.86298E-05,12/31/2017
43,48027,1.83162E-05,12/31/2017
43,48029,1.04413E-06,12/31/2017
43,48031,0,12/31/2017
43,48033,0.003281544,12/31/2017
43,48035,0,12/31/2017
43,48037,2.10978E-05,12/31/2017
43,48039,3.19737E-06,12/31/2017
43,48041,0,12/31/2017
43,48043,0.075325707,12/31/2017
43,48045,0.001092665,12/31/2017
43,48047,0.000457705,12/31/2017
43,48049,0,12/31/2017
43,48051,0.006897821,12/31/2017
43,48053,8.6011E-05,12/31/2017
43,48055,0,12/31/2017
43,48057,0.000173821,12/31/2017
43,48059,0,12/31/2017
43,48061,0,12/31/2017
43,48063,0.000324311,12/31/2017
43,48065,0.013307457,12/31/2017
43,48067,0,12/31/2017
43,48069,0.001642277,12/31/2017
43,48071,0.004960473,12/31/2017
43,48073,0.000150093,12/31/2017
43,48075,0.000402705,12/31/2017
43,48077,0.000190519,12/31/2017
43,48079,0.001751798,12/31/2017
43,48081,0.000341653,12/31/2017
43,48083,0.000234563,12/31/2017
43,48085,0,12/31/2017
43,48087,0.028855462,12/31/2017
43,48089,0.000185146,12/31/2017
43,48091,2.2647E-05,12/31/2017
43,48093,0.000234271,12/31/2017
43,48095,0.00051205,12/31/2017
43,48097,0.001438227,12/31/2017
43,48099,0,12/31/2017
43,48101,0.004536504,12/31/2017
43,48103,0,12/31/2017
43,48105,0,12/31/2017
43,48107,0.000455753,12/31/2017
43,48109,0.004026252,12/31/2017
43,48111,0.006600497,12/31/2017
43,48113,2.61932E-05,12/31/2017
43,48115,0.000150858,12/31/2017
43,48117,0.00052132,12/31/2017
43,48119,0.001344494,12/31/2017
43,48121,0,12/31/2017
43,48123,0.000162099,12/31/2017
43,48125,0.00088826,12/31/2017
43,48127,0.000328579,12/31/2017
43,48129,0,12/31/2017
43,48131,0.104790429,12/31/2017
43,48133,0.000644158,12/31/2017
43,48135,1.06547E-05,12/31/2017
43,48137,0.000935807,12/31/2017
43,48139,0.000170471,12/31/2017
43,48141,2.46101E-06,12/31/2017
43,48143,0.000225407,12/31/2017
43,48145,0.010475612,12/31/2017
43,48147,0.000271296,12/31/2017
43,48149,0.000151942,12/31/2017
43,48151,0.001692548,12/31/2017
43,48153,0.001274295,12/31/2017
43,48155,0,12/31/2017
43,48157,3.88755E-05,12/31/2017
43,48159,0,12/31/2017
43,48161,0.000989454,12/31/2017
43,48163,0.000103375,12/31/2017
43,48165,0,12/31/2017
43,48167,4.18244E-06,12/31/2017
43,48169,0.000293143,12/31/2017
43,48171,0.000179735,12/31/2017
43,48173,0,12/31/2017
43,48175,0.016761409,12/31/2017
43,48177,0,12/31/2017
43,48179,0.00054717,12/31/2017
43,48181,8.58187E-05,12/31/2017
43,48183,6.08326E-05,12/31/2017
43,48185,7.22088E-05,12/31/2017
43,48187,0.000213143,12/31/2017
43,48189,0,12/31/2017
43,48191,0,12/31/2017
43,48193,0,12/31/2017
43,48195,0.004656613,12/31/2017
43,48197,0.000297066,12/31/2017
43,48199,0,12/31/2017
43,48201,0,12/31/2017
43,48203,0.000118637,12/31/2017
43,48205,0.000380098,12/31/2017
43,48207,0.005348724,12/31/2017
43,48209,3.04166E-05,12/31/2017
43,48211,0.000475792,12/31/2017
43,48213,0,12/31/2017
43,48215,4.70613E-06,12/31/2017
43,48217,0,12/31/2017
43,48219,0,12/31/2017
43,48221,4.13506E-05,12/31/2017
43,48223,0.000173747,12/31/2017
43,48225,0,12/31/2017
43,48227,0,12/31/2017
43,48229,0.000640353,12/31/2017
43,48231,0,12/31/2017
43,48233,0.005690545,12/31/2017
43,48235,0.00119125,12/31/2017
43,48237,0.000223497,12/31/2017
43,48239,0.001526198,12/31/2017
43,48241,0,12/31/2017
43,48243,0.000883493,12/31/2017
43,48245,0,12/31/2017
43,48247,0.000270306,12/31/2017
43,48249,0,12/31/2017
43,48251,3.70004E-05,12/31/2017
43,48253,0.000399668,12/31/2017
43,48255,0.000131253,12/31/2017
43,48257,0,12/31/2017
43,48259,0.001217465,12/31/2017
43,48261,0.004903697,12/31/2017
43,48263,0,12/31/2017
43,48265,3.89175E-05,12/31/2017
43,48267,0.001551151,12/31/2017
43,48269,0.52169323,12/31/2017
43,48271,0.000544062,12/31/2017
43,48273,0,12/31/2017
43,48275,0,12/31/2017
43,48277,0.000623826,12/31/2017
43,48279,0.000957598,12/31/2017
43,48281,0,12/31/2017
43,48283,0.000905455,12/31/2017
43,48285,0.008097328,12/31/2017
43,48287,0.00011724,12/31/2017
43,48289,0,12/31/2017
43,48291,9.29828E-05,12/31/2017
43,48293,0.00024904,12/31/2017
43,48295,0.001107857,12/31/2017
43,48297,0.000820182,12/31/2017
43,48299,9.78207E-05,12/31/2017
43,48301,0.043781114,12/31/2017
43,48303,1.74985E-05,12/31/2017
43,48305,0.015653661,12/31/2017
43,48307,0,12/31/2017
43,48309,0,12/31/2017
43,48311,0.000526797,12/31/2017
43,48313,0.000118707,12/31/2017
43,48315,0,12/31/2017
43,48317,0.000698028,12/31/2017
43,48319,0.000479255,12/31/2017
43,48321,4.30109E-05,12/31/2017
43,48323,0,12/31/2017
43,48325,0,12/31/2017
43,48327,0.006327521,12/31/2017
43,48329,2.47117E-05,12/31/2017
43,48331,0.000309893,12/31/2017
43,48333,0.000404234,12/31/2017
43,48335,0.00016211,12/31/2017
43,48337,0,12/31/2017
43,48339,1.10736E-05,12/31/2017
43,48341,0,12/31/2017
43,48343,8.829E-05,12/31/2017
43,48345,0.00177333,12/31/2017
43,48347,0,12/31/2017
43,48349,0,12/31/2017
43,48351,0,12/31/2017
43,48353,0.007047976,12/31/2017
43,48355,3.52683E-06,12/31/2017
43,48357,0.000361784,12/31/2017
43,48359,0.001517419,12/31/2017
43,48361,0,12/31/2017
43,48363,5.62237E-05,12/31/2017
43,48365,4.02238E-05,12/31/2017
43,48367,1.25465E-05,12/31/2017
43,48369,0.054003245,12/31/2017
43,48371,0.004604975,12/31/2017
43,48373,0,12/31/2017
43,48375,2.93317E-05,12/31/2017
43,48377,0.000153841,12/31/2017
43,48379,0.001152339,12/31/2017
43,48381,0.000371637,12/31/2017
43,48383,0.080839032,12/31/2017
43,48385,0.001058928,12/31/2017
43,48387,0.000313443,12/31/2017
43,48389,0,12/31/2017
43,48391,0.000314215,12/31/2017
43,48393,0.002222148,12/31/2017
43,48395,0.000439339,12/31/2017
43,48397,4.54467E-05,12/31/2017
43,48399,0.005565084,12/31/2017
43,48401,0.000183295,12/31/2017
43,48403,0,12/31/2017
43,48405,0.000235093,12/31/2017
43,48407,0.000172809,12/31/2017
43,48409,0.000683047,12/31/2017
43,48411,0.00066176,12/31/2017
43,48413,0.001037733,12/31/2017
43,48415,0.00254652,12/31/2017
43,48417,0.01621459,12/31/2017
43,48419,0,12/31/2017
43,48421,0.025996331,12/31/2017
43,48423,1.5642E-05,12/31/2017
43,48425,0.000173569,12/31/2017
43,48427,0.000229259,12/31/2017
43,48429,0.000421888,12/31/2017
43,48431,0.00166503,12/31/2017
43,48433,0.004884051,12/31/2017
43,48435,0,12/31/2017
43,48437,0,12/31/2017
43,48439,2.86812E-06,12/31/2017
43,48441,3.09375E-05,12/31/2017
43,48443,0.016439578,12/31/2017
43,48445,0.000303564,12/31/2017
43,48447,0,12/31/2017
43,48449,0.001400696,12/31/2017
43,48451,8.38146E-05,12/31/2017
43,48453,0,12/31/2017
43,48455,0.000223728,12/31/2017
43,48457,6.99745E-05,12/31/2017
43,48459,9.3639E-05,12/31/2017
43,48461,0.000552584,12/31/2017
43,48463,0,12/31/2017
43,48465,5.96971E-05,12/31/2017
43,48467,0,12/31/2017
43,48469,0,12/31/2017
43,48471,0,12/31/2017
43,48473,0.004782639,12/31/2017
43,48475,0.000171812,12/31/2017
43,48477,9.80137E-05,12/31/2017
43,48479,7.91298E-06,12/31/2017
43,48481,4.95899E-05,12/31/2017
43,48483,0.000437508,12/31/2017
43,48485,2.3386E-05,12/31/2017
43,48487,0.00629257,12/31/2017
43,48489,6.87473E-05,12/31/2017
43,48491,4.05736E-05,12/31/2017
43,48493,0,12/31/2017
43,48495,0.004846642,12/31/2017
43,48497,3.12345E-05,12/31/2017
43,48499,0.000180606,12/31/2017
43,48501,0.000232931,12/31/2017
43,48503,0.002444622,12/31/2017
43,48505,0,12/31/2017
43,48507,0.000455182,12/31/2017
43,49001,0,12/31/2017
43,49003,3.78577E-05,12/31/2017
43,49005,1.6423E-05,12/31/2017
43,49007,9.6309E-05,12/31/2017
43,49009,0.01384531,12/31/2017
43,49011,3.46766E-05,12/31/2017
43,49013,0.000893207,12/31/2017
43,49015,0.000455444,12/31/2017
43,49017,0,12/31/2017
43,49019,0.000471932,12/31/2017
43,49021,4.07284E-05,12/31/2017
43,49023,0.00330295,12/31/2017
43,49025,0.002737222,12/31/2017
43,49027,0.001018116,12/31/2017
43,49029,0.00416119,12/31/2017
43,49031,0.001062091,12/31/2017
43,49033,0.006918922,12/31/2017
43,49035,0,12/31/2017
43,49037,0.000130026,12/31/2017
43,49039,0.00028991,12/31/2017
43,49041,0.000169643,12/31/2017
43,49043,0.000369929,12/31/2017
43,49045,0.000162137,12/31/2017
43,49047,0.000165245,12/31/2017
43,49049,3.42672E-06,12/31/2017
43,49051,0.014649332,12/31/2017
43,49053,0.000193515,12/31/2017
43,49055,0.000731663,12/31/2017
43,49057,1.35961E-05,12/31/2017
43,50001,0.000268227,12/31/2017
43,50003,0.000186295,12/31/2017
43,50005,6.46091E-05,12/31/2017
43,50007,4.46674E-05,12/31/2017
43,50009,0.000649685,12/31/2017
43,50011,0.000119785,12/31/2017
43,50013,0.027378292,12/31/2017
43,50015,7.84204E-05,12/31/2017
43,50017,0.0005605,12/31/2017
43,50019,0,12/31/2017
43,50021,0.001040777,12/31/2017
43,50023,0.002532515,12/31/2017
43,50025,0.000164123,12/31/2017
43,50027,0.000675052,12/31/2017
43,51001,0,12/31/2017
43,53001,0.001296412,12/31/2017
43,53003,0.000898151,12/31/2017
43,53005,2.07369E-05,12/31/2017
43,53007,0.000555276,12/31/2017
43,53009,7.74712E-05,12/31/2017
43,53011,4.1628E-05,12/31/2017
43,53013,0.000493996,12/31/2017
43,53015,1.90703E-05,12/31/2017
43,53017,0.000488701,12/31/2017
43,53019,0.01097378,12/31/2017
43,53021,3.72383E-05,12/31/2017
43,53023,0,12/31/2017
43,53025,0,12/31/2017
43,53027,0.000103953,12/31/2017
43,53029,0,12/31/2017
43,53031,0.000157915,12/31/2017
43,53033,4.55139E-06,12/31/2017
43,53035,1.34292E-05,12/31/2017
43,53037,0,12/31/2017
43,53039,0,12/31/2017
43,53041,0.000303554,12/31/2017
43,53043,0.000351402,12/31/2017
43,53045,3.20858E-05,12/31/2017
43,53047,0.001457136,12/31/2017
43,53049,0.000830196,12/31/2017
43,53051,0,12/31/2017
43,53053,1.3089E-05,12/31/2017
43,53055,0.000604058,12/31/2017
43,53057,0.000134377,12/31/2017
43,53059,0.000872803,12/31/2017
43,53061,2.05763E-05,12/31/2017
43,53063,6.74646E-05,12/31/2017
43,53065,4.50428E-05,12/31/2017
43,53067,2.2252E-05,12/31/2017
43,53069,0.018094616,12/31/2017
43,53071,0,12/31/2017
43,53073,1.52291E-05,12/31/2017
43,53075,0.0001736,12/31/2017
43,53077,0.000206875,12/31/2017
43,54001,0,12/31/2017
43,54003,0,12/31/2017
43,54005,8.50185E-05,12/31/2017
43,54007,0.000137713,12/31/2017
43,54009,0.000239796,12/31/2017
43,54011,0.000388931,12/31/2017
43,54013,0.000954599,12/31/2017
43,54015,0,12/31/2017
43,54017,0.000553229,12/31/2017
43,54019,4.42915E-05,12/31/2017
43,54021,0.000960985,12/31/2017
43,54023,0,12/31/2017
43,54025,2.66935E-05,12/31/2017
43,54027,0.000172134,12/31/2017
43,54029,0,12/31/2017
43,54031,8.58162E-05,12/31/2017
43,54033,6.69677E-05,12/31/2017
43,54035,0,12/31/2017
43,54037,0.000444257,12/31/2017
43,54039,0,12/31/2017
43,54041,0.00012067,12/31/2017
43,54043,0.000130205,12/31/2017
43,54045,0.000206569,12/31/2017
43,54047,0,12/31/2017
43,54049,0.001785011,12/31/2017
43,54051,0,12/31/2017
43,54053,7.31663E-05,12/31/2017
43,54055,3.24047E-05,12/31/2017
43,54057,0.000628214,12/31/2017
43,54059,0.000153955,12/31/2017
43,54061,7.46654E-05,12/31/2017
43,54063,0.000146149,12/31/2017
43,54065,0.009355087,12/31/2017
43,54067,0.000759327,12/31/2017
43,54069,4.60423E-05,12/31/2017
43,54071,0.000276757,12/31/2017
43,54073,0.000262454,12/31/2017
43,54075,0.006091898,12/31/2017
43,54077,0,12/31/2017
43,54079,0.000263659,12/31/2017
43,54081,0,12/31/2017
43,54083,0.000230401,12/31/2017
43,54085,0.000750311,12/31/2017
43,54087,0.000137684,12/31/2017
43,54089,0.000149545,12/31/2017
43,54091,0,12/31/2017
43,54093,0.000280809,12/31/2017
43,54095,0.000724059,12/31/2017
43,54097,0.000128466,12/31/2017
43,54099,0.000994889,12/31/2017
43,54101,0,12/31/2017
43,54103,0.003282267,12/31/2017
43,54105,0.000340602,12/31/2017
43,54107,2.29665E-05,12/31/2017
43,54109,0.00015354,12/31/2017
43,55001,0.000927285,12/31/2017
43,55003,0.002203474,12/31/2017
43,55005,0.000172471,12/31/2017
43,55007,0,12/31/2017
43,55009,0,12/31/2017
43,55011,0.028300976,12/31/2017
43,55013,0.000259268,12/31/2017
43,55015,5.56062E-05,12/31/2017
43,55017,0.000214223,12/31/2017
43,55019,0.001183702,12/31/2017
43,55021,0.000453608,12/31/2017
43,55023,0.000121099,12/31/2017
43,55025,0,12/31/2017
43,55027,7.46715E-05,12/31/2017
43,55029,0.000270664,12/31/2017
43,55031,4.54104E-05,12/31/2017
43,55033,0.001276525,12/31/2017
43,55035,1.92941E-05,12/31/2017
43,55037,0.010235884,12/31/2017
43,55039,1.9352E-05,12/31/2017
43,55041,0.001093243,12/31/2017
43,55043,0.000245877,12/31/2017
43,55045,5.35813E-05,12/31/2017
43,55047,0.000105388,12/31/2017
43,55049,0.001240127,12/31/2017
43,55051,0.000343683,12/31/2017
43,55053,0.000165498,12/31/2017
43,55055,4.67096E-05,12/31/2017
43,55057,7.47527E-05,12/31/2017
43,55059,6.30703E-05,12/31/2017
43,55061,0.000193885,12/31/2017
43,55063,9.47574E-05,12/31/2017
43,55065,0.006154613,12/31/2017
43,55067,0.000102944,12/31/2017
43,55069,7.05683E-05,12/31/2017
43,55071,0.000788411,12/31/2017
43,55073,0.000361535,12/31/2017
43,55075,0.000192153,12/31/2017
43,55077,0.000130275,12/31/2017
43,55078,0.001578287,12/31/2017
43,55079,2.06515E-06,12/31/2017
43,55081,4.36061E-05,12/31/2017
43,55083,3.37465E-05,12/31/2017
43,55085,0.000554335,12/31/2017
43,55087,1.07781E-05,12/31/2017
43,55089,2.24955E-05,12/31/2017
43,55091,0.000271284,12/31/2017
43,55093,0.000394849,12/31/2017
43,55095,6.93026E-05,12/31/2017
43,55097,0.000423333,12/31/2017
43,55099,0.000139796,12/31/2017
43,55101,2.02509E-05,12/31/2017
43,55103,0.000112078,12/31/2017
43,55105,4.31303E-05,12/31/2017
43,55107,0,12/31/2017
43,55109,0.000104281,12/31/2017
43,55111,5.98822E-05,12/31/2017
43,55113,0.001085169,12/31/2017
43,55115,3.45768E-05,12/31/2017
43,55117,8.23879E-06,12/31/2017
43,55119,0.000330155,12/31/2017
43,55121,0.001065733,12/31/2017
43,55123,0.00019249,12/31/2017
43,55125,0.000128846,12/31/2017
43,55127,3.0712E-05,12/31/2017
43,55129,0.000308236,12/31/2017
43,55131,5.54453E-05,12/31/2017
43,55133,0.000117514,12/31/2017
43,55135,0.000175936,12/31/2017
43,55137,0.000196159,12/31/2017
43,55139,1.21181E-05,12/31/2017
43,55141,2.69041E-05,12/31/2017
43,56001,0.000177015,12/31/2017
43,56003,0.000298312,12/31/2017
43,56005,0,12/31/2017
43,56007,0.000659798,12/31/2017
43,56009,0.002024856,12/31/2017
43,56011,0.00062381,12/31/2017
43,56013,0,12/31/2017
43,56015,0.001096273,12/31/2017
43,56017,0.001550057,12/31/2017
43,56019,0.001707384,12/31/2017
43,56021,7.24793E-05,12/31/2017
43,56023,0.000735907,12/31/2017
43,56025,0.000130687,12/31/2017
43,56027,0.004398831,12/31/2017
43,56029,0.000383276,12/31/2017
43,56031,0.006709809,12/31/2017
43,56033,0.000160866,12/31/2017
43,56035,0.000984103,12/31/2017
43,56037,0.000147295,12/31/2017
43,56039,6.89435E-05,12/31/2017
43,56041,0.000148461,12/31/2017
43,56043,0,12/31/2017
43,56045,0.008682493,12/31/2017
43,01001,0.000244083,12/31/2017
43,01003,0.001914095,12/31/2017
43,01005,0,12/31/2017
43,01007,0.001252835,12/31/2017
43,01009,0.000134287,12/31/2017
43,01011,0.002368023,12/31/2017
43,01013,0.000400477,12/31/2017
43,01015,0,12/31/2017
43,01017,0,12/31/2017
43,01019,0.003600273,12/31/2017
43,01021,0.000178585,12/31/2017
43,01023,0.000719013,12/31/2017
43,01025,0.00077014,12/31/2017
43,01027,0.011369341,12/31/2017
43,01029,0.000497211,12/31/2017
43,01031,0.001768437,12/31/2017
43,01033,0.000583556,12/31/2017
43,01035,0,12/31/2017
43,01037,0.000403934,12/31/2017
43,01039,0.000204294,12/31/2017
43,01041,0.000193759,12/31/2017
43,01043,0.000114124,12/31/2017
43,01045,6.39925E-05,12/31/2017
43,01047,0.000676674,12/31/2017
43,01049,3.66273E-05,12/31/2017
43,01051,0.00027807,12/31/2017
43,01053,0.000266752,12/31/2017
43,01055,0.000714863,12/31/2017
43,01057,0.001266628,12/31/2017
43,01059,6.27E-05,12/31/2017
43,01061,8.92137E-05,12/31/2017
43,01063,0.000546368,12/31/2017
43,01065,0,12/31/2017
43,01067,0,12/31/2017
43,01069,0.000749907,12/31/2017
43,01071,5.58752E-05,12/31/2017
43,01073,0,12/31/2017
43,01075,0,12/31/2017
43,01077,1.19481E-05,12/31/2017
43,01079,0.000515118,12/31/2017
43,01081,0,12/31/2017
43,01083,0.00116683,12/31/2017
43,01085,0,12/31/2017
43,01087,0.00089396,12/31/2017
43,01089,4.69805E-06,12/31/2017
43,01091,7.60458E-05,12/31/2017
43,01093,0.000402222,12/31/2017
43,01095,2.08521E-05,12/31/2017
43,01097,0,12/31/2017
43,01099,9.0848E-05,12/31/2017
43,01101,0.000115509,12/31/2017
43,01103,1.32631E-05,12/31/2017
43,01105,0.000114285,12/31/2017
43,01107,0,12/31/2017
43,01109,0.000716914,12/31/2017
43,01111,8.76826E-05,12/31/2017
43,01113,3.37806E-05,12/31/2017
43,01115,0,12/31/2017
43,01117,3.14229E-05,12/31/2017
43,01119,0,12/31/2017
43,01121,2.44225E-05,12/31/2017
43,01123,3.87769E-05,12/31/2017
43,01125,0,12/31/2017
43,01127,1.94728E-05,12/31/2017
43,01129,8.49368E-05,12/31/2017
43,01131,0.000296712,12/31/2017
43,01133,0,12/31/2017
43,02013,0.000591818,12/31/2017
43,02016,0.005410054,12/31/2017
43,02020,6.62416E-06,12/31/2017
43,02050,7.92088E-05,12/31/2017
43,02060,0,12/31/2017
43,02068,0,12/31/2017
43,02070,0.00109617,12/31/2017
43,02090,1.97488E-05,12/31/2017
43,02100,0.004516294,12/31/2017
43,16001,0,12/31/2017
43,16003,0,12/31/2017
43,16005,9.39445E-06,12/31/2017
43,16007,0.000332462,12/31/2017
43,16009,0.000113509,12/31/2017
43,16011,0.000440652,12/31/2017
43,16013,9.15299E-05,12/31/2017
43,16015,0.000283509,12/31/2017
43,16017,0.000632459,12/31/2017
43,16019,0,12/31/2017
43,16021,0.001046802,12/31/2017
43,16023,0,12/31/2017
43,16025,0,12/31/2017
43,16027,9.54218E-06,12/31/2017
43,16029,0,12/31/2017
43,16031,0,12/31/2017
43,16033,0,12/31/2017
43,16035,0.005083997,12/31/2017
43,16037,0.00127851,12/31/2017
43,16039,0,12/31/2017
43,16041,0.000108411,12/31/2017
43,16043,0,12/31/2017
43,16045,0.000553371,12/31/2017
43,16047,0.094091339,12/31/2017
43,16049,0.000305882,12/31/2017
43,16051,0,12/31/2017
43,16053,0.000655095,12/31/2017
43,16055,1.31587E-05,12/31/2017
43,16057,0,12/31/2017
43,16059,0.01915626,12/31/2017
43,16061,0.000516603,12/31/2017
43,16063,0,12/31/2017
43,16065,0.000301688,12/31/2017
43,16067,0.000425086,12/31/2017
43,16069,0.000132311,12/31/2017
43,16071,0.000461132,12/31/2017
43,16073,0.000645539,12/31/2017
43,16075,0,12/31/2017
43,16077,0.002947645,12/31/2017
43,16079,0.00056307,12/31/2017
43,16081,0.000183323,12/31/2017
43,16083,1.72935E-05,12/31/2017
43,16085,0.000195516,12/31/2017
43,16087,0,12/31/2017
43,17001,0.000101752,12/31/2017
43,17003,0.000979581,12/31/2017
43,17005,0.000853564,12/31/2017
43,17007,0,12/31/2017
43,17009,0.000477073,12/31/2017
43,17011,0.000115172,12/31/2017
43,17013,0.000403408,12/31/2017
43,17015,0,12/31/2017
43,17017,0.006754701,12/31/2017
43,17019,0.00017784,12/31/2017
43,17021,0,12/31/2017
43,17023,0.001037119,12/31/2017
43,17025,0.005711263,12/31/2017
43,17027,0.000512242,12/31/2017
43,17029,3.75997E-05,12/31/2017
43,17031,1.20674E-06,12/31/2017
43,17033,0.000172729,12/31/2017
43,17035,0.000181254,12/31/2017
43,17037,7.18545E-05,12/31/2017
43,17039,0.001675551,12/31/2017
43,17041,0.00079697,12/31/2017
43,17043,1.59425E-05,12/31/2017
43,17045,0.000224449,12/31/2017
43,17047,0.011341774,12/31/2017
43,17049,0.000312248,12/31/2017
43,17051,0,12/31/2017
43,17053,0.000117327,12/31/2017
43,17055,5.02643E-05,12/31/2017
43,17057,0,12/31/2017
43,17059,0.00033265,12/31/2017
43,17061,0,12/31/2017
43,17063,7.84968E-05,12/31/2017
43,17065,0.001033311,12/31/2017
43,17067,0,12/31/2017
43,17069,0.000303848,12/31/2017
43,17071,0.012799186,12/31/2017
43,17073,7.95782E-05,12/31/2017
43,17075,4.44289E-05,12/31/2017
43,17077,2.80709E-05,12/31/2017
43,17079,0,12/31/2017
43,17081,0,12/31/2017
43,17083,0,12/31/2017
43,17085,0.00059141,12/31/2017
43,17087,0.000551342,12/31/2017
43,17089,6.62723E-05,12/31/2017
43,17091,0.00058337,12/31/2017
43,17093,6.2993E-05,12/31/2017
43,17095,0.001607339,12/31/2017
43,17097,5.15972E-06,12/31/2017
43,17099,0,12/31/2017
43,17101,0.000144047,12/31/2017
43,17103,0,12/31/2017
43,17105,0.000214657,12/31/2017
43,17107,0.000401958,12/31/2017
43,17109,0.00011754,12/31/2017
43,17111,0.000114665,12/31/2017
43,17113,1.14038E-05,12/31/2017
43,17115,1.68928E-05,12/31/2017
43,17117,0,12/31/2017
43,17119,1.63292E-05,12/31/2017
43,17121,0,12/31/2017
43,17123,0.000894561,12/31/2017
43,17125,0.005211518,12/31/2017
43,17127,0.00233366,12/31/2017
43,17129,0.005772451,12/31/2017
43,17131,9.00565E-05,12/31/2017
43,17133,8.19729E-05,12/31/2017
43,17135,0.004068399,12/31/2017
43,17137,0.000454267,12/31/2017
43,17139,0,12/31/2017
43,17141,2.29624E-05,12/31/2017
43,17143,2.20743E-05,12/31/2017
43,17145,0,12/31/2017
43,17147,0,12/31/2017
43,17149,0.000486122,12/31/2017
43,17151,0.006850779,12/31/2017
43,17153,0.000347125,12/31/2017
43,17155,0.000342313,12/31/2017
43,17157,0,12/31/2017
43,17159,0.000396262,12/31/2017
43,17161,5.6209E-05,12/31/2017
43,17163,7.47066E-06,12/31/2017
43,17165,0.000232886,12/31/2017
43,17167,0.000163915,12/31/2017
43,17169,0.001353489,12/31/2017
43,17171,0.006279496,12/31/2017
43,17173,0.000357114,12/31/2017
43,17175,0.004227853,12/31/2017
43,17177,0,12/31/2017
43,17179,0,12/31/2017
43,17181,0.000114408,12/31/2017
43,17183,2.49408E-05,12/31/2017
43,17185,0.000771889,12/31/2017
43,17187,0.000113345,12/31/2017
43,17189,0.003197356,12/31/2017
43,17191,0.0003243,12/31/2017
43,17193,0.000139256,12/31/2017
43,17195,0.00039911,12/31/2017
43,17197,1.0341E-05,12/31/2017
43,17199,0.000297449,12/31/2017
43,17201,9.89421E-06,12/31/2017
43,17203,0.000188712,12/31/2017
43,18001,0.000103801,12/31/2017
43,18003,7.52062E-06,12/31/2017
43,18005,0.000216508,12/31/2017
43,18007,0.000154673,12/31/2017
43,18009,0.001779137,12/31/2017
43,18011,0.000219454,12/31/2017
43,18013,0.000463365,12/31/2017
43,18015,9.88041E-05,12/31/2017
43,18017,0.005365348,12/31/2017
43,18019,0.000259288,12/31/2017
43,18021,0.0001498,12/31/2017
43,18023,0.000978767,12/31/2017
43,18025,0.02663313,12/31/2017
43,18027,0.000385732,12/31/2017
43,18029,0,12/31/2017
43,18031,7.46031E-05,12/31/2017
43,18033,0.00068383,12/31/2017
43,18035,7.02015E-05,12/31/2017
43,18037,0.000385971,12/31/2017
43,18039,0,12/31/2017
43,18041,0.000104568,12/31/2017
43,18043,0,12/31/2017
43,18045,0.000114108,12/31/2017
43,18047,0,12/31/2017
43,18049,0,12/31/2017
43,18051,5.88013E-05,12/31/2017
43,18053,0,12/31/2017
43,18055,0.000772385,12/31/2017
43,18057,0,12/31/2017
43,18059,2.71448E-05,12/31/2017
43,18061,5.00758E-05,12/31/2017
43,18063,1.24897E-05,12/31/2017
43,18065,4.0607E-05,12/31/2017
43,18067,2.39578E-05,12/31/2017
43,18069,0.001754788,12/31/2017
43,18071,4.51241E-05,12/31/2017
43,18073,0,12/31/2017
43,18075,0,12/31/2017
43,18077,0.000129689,12/31/2017
43,18079,7.09587E-05,12/31/2017
43,18081,1.32264E-05,12/31/2017
43,18083,0,12/31/2017
43,18085,0.00078598,12/31/2017
43,18087,5.10199E-05,12/31/2017
43,18089,0,12/31/2017
43,18091,0.000902559,12/31/2017
43,18093,4.32567E-05,12/31/2017
43,18095,0.000329754,12/31/2017
43,18097,2.10166E-06,12/31/2017
43,18099,2.7043E-05,12/31/2017
43,18101,0.001399603,12/31/2017
43,18103,5.48214E-05,12/31/2017
43,18105,0.00013732,12/31/2017
43,18107,0.000163042,12/31/2017
43,18109,2.84108E-05,12/31/2017
43,18111,0.000168653,12/31/2017
43,18113,4.16585E-05,12/31/2017
43,18115,0.000294101,12/31/2017
43,18117,0.000100672,12/31/2017
43,18119,0.000169675,12/31/2017
43,18121,0.000115783,12/31/2017
43,18123,0.000102735,12/31/2017
43,18125,0.002908346,12/31/2017
43,18127,1.98268E-05,12/31/2017
43,18129,0.000154341,12/31/2017
43,18131,0.000743073,12/31/2017
43,18133,7.36671E-05,12/31/2017
43,18135,0,12/31/2017
43,18137,6.96281E-05,12/31/2017
43,18139,0.00054675,12/31/2017
43,18141,9.70782E-06,12/31/2017
43,18143,0,12/31/2017
43,18145,0.001044351,12/31/2017
43,18147,0.000318225,12/31/2017
43,18149,6.1933E-05,12/31/2017
43,18151,5.73287E-05,12/31/2017
43,18153,0.000374303,12/31/2017
43,18155,0.000372137,12/31/2017
43,18157,0.000112533,12/31/2017
43,18159,0.000129201,12/31/2017
43,18161,0.000273424,12/31/2017
43,18163,1.08644E-05,12/31/2017
43,18165,0.000126278,12/31/2017
43,18167,1.83386E-05,12/31/2017
43,18169,0.000528484,12/31/2017
43,18171,0.00046825,12/31/2017
43,18173,0.000603095,12/31/2017
43,18175,7.10429E-05,12/31/2017
43,18177,5.89945E-05,12/31/2017
43,18179,7.09791E-05,12/31/2017
43,18181,8.13662E-05,12/31/2017
43,18183,5.90033E-05,12/31/2017
43,19001,0.000274679,12/31/2017
43,19003,0.001670163,12/31/2017
43,19005,0.000141714,12/31/2017
43,19007,0.000157447,12/31/2017
43,19009,0.00034591,12/31/2017
43,19011,0.000107841,12/31/2017
43,19013,1.48578E-05,12/31/2017
43,19015,0.000455289,12/31/2017
43,19017,6.06836E-05,12/31/2017
43,19019,0.000183496,12/31/2017
43,19021,9.69851E-05,12/31/2017
43,19023,0.000133281,12/31/2017
43,19025,0.000201293,12/31/2017
43,19027,0.000263038,12/31/2017
43,19029,0.000148232,12/31/2017
43,19031,0.005949699,12/31/2017
43,19033,4.0303E-05,12/31/2017
43,19035,0.000170639,12/31/2017
43,19037,0.000162726,12/31/2017
43,19039,0.001236413,12/31/2017
43,19041,0.004793156,12/31/2017
43,19043,0,12/31/2017
43,19045,4.15132E-05,12/31/2017
43,19047,0.000115317,12/31/2017
43,19049,2.44298E-05,12/31/2017
43,19051,0.000295183,12/31/2017
43,19053,0.000487474,12/31/2017
43,19055,0.000570094,12/31/2017
43,19057,0.001686369,12/31/2017
43,19059,0.000116205,12/31/2017
43,19061,2.04563E-05,12/31/2017
43,19063,0.000204481,12/31/2017
43,19065,9.80927E-05,12/31/2017
43,19067,0.00023849,12/31/2017
43,19069,0.000382624,12/31/2017
43,19071,0.000282819,12/31/2017
43,19073,0.000742501,12/31/2017
43,19075,0.000300625,12/31/2017
43,19077,0.000185248,12/31/2017
43,19079,0.000129958,12/31/2017
43,19081,0.013108707,12/31/2017
43,19083,0.002356057,12/31/2017
43,19085,0.00027275,12/31/2017
43,19087,6.36453E-05,12/31/2017
43,19089,0.00021194,12/31/2017
43,19091,0.00983417,12/31/2017
43,19093,0.000283631,12/31/2017
43,19095,0.00046737,12/31/2017
43,19097,0.001034106,12/31/2017
43,19099,0,12/31/2017
43,19101,0,12/31/2017
43,19103,1.36783E-05,12/31/2017
43,19105,9.6516E-05,12/31/2017
43,19107,0.00167732,12/31/2017
43,19109,0,12/31/2017
43,19111,5.67914E-05,12/31/2017
43,19113,8.97917E-06,12/31/2017
43,19115,0.001406292,12/31/2017
43,19117,0,12/31/2017
43,19119,0.000168198,12/31/2017
43,19121,0.004172153,12/31/2017
43,19123,0,12/31/2017
43,19125,0.000112112,12/31/2017
43,19127,0,12/31/2017
43,19129,0.000216956,12/31/2017
43,19131,0.000185266,12/31/2017
43,19133,0.000311978,12/31/2017
43,19135,0.000808972,12/31/2017
43,19137,0.000470768,12/31/2017
43,19139,9.20481E-05,12/31/2017
43,19141,0.000714032,12/31/2017
43,19143,0,12/31/2017
43,19145,0.000128337,12/31/2017
43,19147,0.000468393,12/31/2017
43,19149,5.0518E-05,12/31/2017
43,19151,0.001122051,12/31/2017
43,19153,4.22804E-06,12/31/2017
43,19155,2.11765E-05,12/31/2017
43,19157,0.000334465,12/31/2017
43,19159,0.000190179,12/31/2017
43,19161,0.000493077,12/31/2017
43,19163,6.72731E-05,12/31/2017
43,19165,0.000409463,12/31/2017
43,19167,0.000312051,12/31/2017
43,19169,0,12/31/2017
43,19171,0.000696854,12/31/2017
43,19173,0.00027976,12/31/2017
43,19175,0,12/31/2017
43,19177,0.001859793,12/31/2017
43,19179,5.59296E-05,12/31/2017
43,19181,0.000214489,12/31/2017
43,19183,0.000354059,12/31/2017
43,19185,0.000542835,12/31/2017
43,19187,0.000196774,12/31/2017
43,19189,0.000524549,12/31/2017
43,19191,9.60141E-05,12/31/2017
43,19193,2.00642E-05,12/31/2017
43,19195,0,12/31/2017
43,19197,0.000307135,12/31/2017
43,20001,0.000154916,12/31/2017
43,20003,0.000695453,12/31/2017
43,20005,0.000239948,12/31/2017
43,20007,0.002271511,12/31/2017
43,20009,3.79523E-05,12/31/2017
43,20011,0.000203479,12/31/2017
43,20013,9.73947E-05,12/31/2017
43,20015,8.82501E-05,12/31/2017
43,20017,0.000741272,12/31/2017
43,20019,0.036060611,12/31/2017
43,20021,9.63606E-05,12/31/2017
43,20023,0.000737949,12/31/2017
43,20025,0.000567398,12/31/2017
43,20027,0.000645412,12/31/2017
43,20029,0.000146157,12/31/2017
43,20031,0.001233495,12/31/2017
43,20033,0.000635424,12/31/2017
43,20035,0,12/31/2017
43,20037,0.000143492,12/31/2017
43,20039,0.001612644,12/31/2017
43,20041,0.000358767,12/31/2017
43,20043,0.000527473,12/31/2017
43,20045,1.6769E-05,12/31/2017
43,20047,0.000536453,12/31/2017
43,20049,0.00593948,12/31/2017
43,20051,0.000205231,12/31/2017
43,20053,0.001098361,12/31/2017
43,20055,5.3252E-05,12/31/2017
43,20057,0.000273598,12/31/2017
43,20059,0.000151254,12/31/2017
43,20061,5.51874E-05,12/31/2017
43,20063,0.003272467,12/31/2017
43,20065,0.000771374,12/31/2017
43,20067,0,12/31/2017
43,20069,0.000329029,12/31/2017
43,20071,0.002742828,12/31/2017
43,20073,0.008096112,12/31/2017
43,20075,0.000753716,12/31/2017
43,20077,0.002434122,12/31/2017
43,20079,0.000193659,12/31/2017
43,20081,0.000464707,12/31/2017
43,20083,0.009398061,12/31/2017
43,20085,0.000373685,12/31/2017
43,20087,0.000104767,12/31/2017
43,20089,0.002906896,12/31/2017
43,20091,2.73048E-06,12/31/2017
43,20093,0.000723659,12/31/2017
43,20095,0.000479791,12/31/2017
43,20097,0.006699758,12/31/2017
43,20099,9.61168E-05,12/31/2017
43,20101,0.052927328,12/31/2017
43,20103,0.000100568,12/31/2017
43,20105,0.019444739,12/31/2017
43,20107,0.000436163,12/31/2017
43,20109,0.000708061,12/31/2017
43,20111,0.000125759,12/31/2017
43,20113,6.86124E-05,12/31/2017
43,20115,0.000222277,12/31/2017
43,20117,0.000801497,12/31/2017
43,20119,0.001398251,12/31/2017
43,20121,0.000210872,12/31/2017
43,20123,0.000786391,12/31/2017
43,20125,0,12/31/2017
43,20127,0,12/31/2017
43,20129,0.001347997,12/31/2017
43,20131,0.000289621,12/31/2017
43,20133,0.000238877,12/31/2017
43,20135,0,12/31/2017
43,20137,0.017099223,12/31/2017
43,20139,0.000382818,12/31/2017
43,20141,0.000536235,12/31/2017
43,20143,0,12/31/2017
43,20145,0,12/31/2017
43,20147,0.002611738,12/31/2017
43,20149,0,12/31/2017
43,20151,0.00176507,12/31/2017
43,20153,0.006302752,12/31/2017
43,20155,7.23348E-05,12/31/2017
43,20157,0.007641638,12/31/2017
43,20159,0.0017777,12/31/2017
43,20161,0,12/31/2017
43,20163,0.000844226,12/31/2017
43,20165,0.000633373,12/31/2017
43,20167,0,12/31/2017
43,20169,0,12/31/2017
43,20171,0.000396605,12/31/2017
43,20173,2.35286E-05,12/31/2017
43,20175,0.000977931,12/31/2017
43,20177,0,12/31/2017
43,20179,0.000791145,12/31/2017
43,20181,0,12/31/2017
43,20183,0.000320957,12/31/2017
43,20185,0.014610535,12/31/2017
43,20187,0.002025181,12/31/2017
43,20189,0.000867137,12/31/2017
43,20191,0.000142219,12/31/2017
43,20193,0.000483362,12/31/2017
43,20195,0.000681438,12/31/2017
43,20197,0.00601956,12/31/2017
43,20199,0,12/31/2017
43,20201,0,12/31/2017
43,20203,0.00091585,12/31/2017
43,20205,0.021222348,12/31/2017
43,20207,0.001292957,12/31/2017
43,20209,0.000121511,12/31/2017
43,21001,0.000708163,12/31/2017
43,21003,0,12/31/2017
43,21005,0,12/31/2017
43,21007,0,12/31/2017
43,21009,4.54993E-05,12/31/2017
43,21011,0.000693666,12/31/2017
43,21013,0.000215751,12/31/2017
43,21015,2.16607E-05,12/31/2017
43,21017,0.000750048,12/31/2017
43,21019,0,12/31/2017
43,21021,0.001234142,12/31/2017
43,21023,0.001422921,12/31/2017
43,21025,0.000363076,12/31/2017
43,21027,9.88189E-05,12/31/2017
43,21029,0.000192971,12/31/2017
43,21031,0,12/31/2017
43,21033,0,12/31/2017
43,21035,0.000798053,12/31/2017
43,21037,0,12/31/2017
43,21039,0.077484427,12/31/2017
43,21041,0,12/31/2017
43,21043,0.000207756,12/31/2017
43,21045,0.00363975,12/31/2017
43,21047,0,12/31/2017
43,21049,5.52476E-05,12/31/2017
43,21051,0,12/31/2017
43,21053,0.001161142,12/31/2017
43,21055,0.000776902,12/31/2017
43,21057,0,12/31/2017
43,21059,1.99026E-05,12/31/2017
43,21061,0.000589552,12/31/2017
43,21063,0,12/31/2017
43,21065,0.000137358,12/31/2017
43,21067,6.26923E-06,12/31/2017
43,21069,0.0004083,12/31/2017
43,21071,0,12/31/2017
43,21073,0.001119611,12/31/2017
43,21075,0,12/31/2017
43,21077,0,12/31/2017
43,21079,0.00059634,12/31/2017
43,21081,0,12/31/2017
43,21083,0.000159061,12/31/2017
43,21085,7.56052E-05,12/31/2017
43,21087,0,12/31/2017
43,21089,0.000219426,12/31/2017
43,21091,0,12/31/2017
43,21093,0,12/31/2017
43,21095,7.17108E-05,12/31/2017
43,21097,0,12/31/2017
43,21099,0.000208945,12/31/2017
43,21101,7.17552E-05,12/31/2017
43,21103,0.000126012,12/31/2017
43,21105,0.001537678,12/31/2017
43,21107,6.87351E-05,12/31/2017
43,21109,0,12/31/2017
43,21111,2.58444E-06,12/31/2017
43,21113,0.000285998,12/31/2017
43,21115,8.56525E-05,12/31/2017
43,21117,0,12/31/2017
43,21119,0,12/31/2017
43,21121,0.000900236,12/31/2017
43,21123,0.002095683,12/31/2017
43,21125,0,12/31/2017
43,21127,0.001471268,12/31/2017
43,21129,0,12/31/2017
43,21131,0.000192948,12/31/2017
43,21133,0.000511665,12/31/2017
43,21135,0.000145631,12/31/2017
43,21137,0.000242759,12/31/2017
43,21139,0.000595539,12/31/2017
43,21141,7.35832E-05,12/31/2017
43,21143,0,12/31/2017
43,21145,0.000108934,12/31/2017
43,21147,0,12/31/2017
43,21149,0.000211034,12/31/2017
43,21151,0,12/31/2017
43,21153,0.00015454,12/31/2017
43,21155,0.002995673,12/31/2017
43,21157,0,12/31/2017
43,21159,0.000162258,12/31/2017
43,21161,0,12/31/2017
43,21163,0.000758201,12/31/2017
43,21165,0,12/31/2017
43,21167,9.24076E-05,12/31/2017
43,21169,0.000324305,12/31/2017
43,21171,0.00056416,12/31/2017
43,21173,0.000272481,12/31/2017
43,21175,3.56989E-05,12/31/2017
43,21177,0.000139507,12/31/2017
43,21179,0.000140071,12/31/2017
43,21181,0.000235011,12/31/2017
43,21183,0.001326735,12/31/2017
43,21185,0.002476965,12/31/2017
43,21187,0.005827009,12/31/2017
43,21189,0.001142155,12/31/2017
43,21191,0.00026648,12/31/2017
43,21193,0,12/31/2017
43,21195,0,12/31/2017
43,21197,0.000415926,12/31/2017
43,21199,0,12/31/2017
43,21201,0.075143554,12/31/2017
43,21203,5.16929E-05,12/31/2017
43,21205,0.001639222,12/31/2017
43,21207,0.001114144,12/31/2017
43,21209,6.4941E-05,12/31/2017
43,21211,0,12/31/2017
43,21213,0.00093245,12/31/2017
43,21215,0,12/31/2017
43,21217,7.77568E-05,12/31/2017
43,21219,0.010393784,12/31/2017
43,21221,0.000531001,12/31/2017
43,21223,0.010085285,12/31/2017
43,21225,0.001075493,12/31/2017
43,21227,5.36055E-05,12/31/2017
43,21229,0.001047097,12/31/2017
43,21231,0.000225312,12/31/2017
43,21233,0.000149885,12/31/2017
43,21235,0.000179854,12/31/2017
43,21237,0.002266732,12/31/2017
43,21239,0.005114525,12/31/2017
43,22001,0.000857001,12/31/2017
43,22003,0,12/31/2017
43,22005,1.65828E-05,12/31/2017
43,22007,0.003336083,12/31/2017
43,22009,7.11455E-05,12/31/2017
43,22011,0.000120911,12/31/2017
43,22013,0.000251837,12/31/2017
43,22015,0,12/31/2017
43,22017,1.85692E-05,12/31/2017
43,22019,9.93942E-06,12/31/2017
43,22021,0.000158039,12/31/2017
43,22023,0,12/31/2017
43,22025,0.002832243,12/31/2017
43,22027,0.000121225,12/31/2017
43,22029,0.00073112,12/31/2017
43,22031,0.002751896,12/31/2017
43,22033,7.15515E-05,12/31/2017
43,22035,0,12/31/2017
43,22037,0.001483158,12/31/2017
43,22039,0.000126431,12/31/2017
43,22041,0.0003682,12/31/2017
43,22043,0.000421579,12/31/2017
43,22045,2.69338E-05,12/31/2017
43,22047,0.0004676,12/31/2017
43,22049,0,12/31/2017
43,22051,3.79695E-06,12/31/2017
43,22053,5.53552E-05,12/31/2017
43,22055,2.65356E-05,12/31/2017
43,22057,0.000389009,12/31/2017
43,22059,0.001354924,12/31/2017
43,22061,0.002018044,12/31/2017
43,22063,3.74648E-05,12/31/2017
43,22065,0.000775502,12/31/2017
43,22067,0.002097971,12/31/2017
43,22069,0.000220561,12/31/2017
43,22071,1.70993E-05,12/31/2017
43,22073,3.7885E-05,12/31/2017
43,22075,0.002611017,12/31/2017
43,22077,0.000177405,12/31/2017
43,22079,0,12/31/2017
43,22081,0.000452938,12/31/2017
43,22083,9.58092E-05,12/31/2017
43,22085,0.000163635,12/31/2017
43,22087,0.000515494,12/31/2017
43,22089,0.00067588,12/31/2017
43,22091,0.005060441,12/31/2017
43,22093,0.006984322,12/31/2017
43,22095,0.000137851,12/31/2017
43,22097,0,12/31/2017
43,22099,0.000602865,12/31/2017
43,22101,0.000183354,12/31/2017
43,22103,2.82212E-05,12/31/2017
43,22105,0.000250827,12/31/2017
43,22107,0.005101243,12/31/2017
43,22109,3.84381E-05,12/31/2017
43,22111,0.000894085,12/31/2017
43,22113,0.000767206,12/31/2017
43,22115,3.95813E-05,12/31/2017
43,22117,0.002538208,12/31/2017
43,22119,0.001708937,12/31/2017
43,22121,0,12/31/2017
43,22123,0.000665856,12/31/2017
43,22125,0.000457384,12/31/2017
43,22127,0.00071291,12/31/2017
43,23001,0.000273911,12/31/2017
43,23003,0.000477515,12/31/2017
43,23005,1.22967E-05,12/31/2017
43,23007,0.012016463,12/31/2017
43,23009,0.000590456,12/31/2017
43,23011,0.000210434,12/31/2017
43,23013,0.002784594,12/31/2017
43,23015,5.80668E-05,12/31/2017
43,23017,0.001992403,12/31/2017
43,23019,4.61818E-05,12/31/2017
43,23021,0.008260714,12/31/2017
43,23023,0.000370942,12/31/2017
43,23025,0.006430781,12/31/2017
43,23027,3.82223E-05,12/31/2017
43,23029,0.004434949,12/31/2017
43,23031,0.000342039,12/31/2017
43,24001,0.006707699,12/31/2017
43,24003,0.000312523,12/31/2017
43,24005,0,12/31/2017
43,24009,9.57033E-06,12/31/2017
43,24011,0.000163896,12/31/2017
43,24013,5.85614E-05,12/31/2017
43,24015,0,12/31/2017
43,24017,1.26617E-05,12/31/2017
43,24019,3.65989E-05,12/31/2017
43,24021,1.5733E-05,12/31/2017
43,24023,0.001041422,12/31/2017
43,24025,2.52729E-06,12/31/2017
43,24027,0.000129468,12/31/2017
43,24029,0.000385736,12/31/2017
43,24031,2.21273E-05,12/31/2017
43,24033,2.18247E-06,12/31/2017
43,24035,4.02578E-05,12/31/2017
43,24037,0,12/31/2017
43,24039,0.000251138,12/31/2017
43,24041,0.00010336,12/31/2017
43,24043,1.32099E-05,12/31/2017
43,24045,5.49963E-05,12/31/2017
43,24047,3.83151E-05,12/31/2017
43,24510,1.22393E-05,12/31/2017
43,25001,1.6624E-05,12/31/2017
43,25003,0.000110101,12/31/2017
43,25005,0.000165837,12/31/2017
43,25007,0.000114355,12/31/2017
43,25009,2.54619E-06,12/31/2017
43,25011,0.000420021,12/31/2017
43,25013,1.1284E-05,12/31/2017
43,25015,3.18633E-05,12/31/2017
43,25017,3.04525E-06,12/31/2017
43,25019,0.000637255,12/31/2017
43,25021,0.00012438,12/31/2017
43,25023,3.41462E-06,12/31/2017
43,25025,4.95969E-06,12/31/2017
43,25027,2.41429E-06,12/31/2017
43,26001,0.000895449,12/31/2017
43,26003,0.003321657,12/31/2017
43,26005,0.000568357,12/31/2017
43,26007,2.20034E-05,12/31/2017
43,26009,0.006353538,12/31/2017
43,26011,0,12/31/2017
43,26013,0,12/31/2017
43,26015,0.000242599,12/31/2017
43,26017,0,12/31/2017
43,26019,0.000511351,12/31/2017
43,26021,9.02655E-05,12/31/2017
43,26023,4.53687E-05,12/31/2017
43,26025,8.82394E-06,12/31/2017
43,26027,0.00172039,12/31/2017
43,26029,0.000135928,12/31/2017
43,26031,0.000896434,12/31/2017
43,26033,0.000101832,12/31/2017
43,26035,0.000178199,12/31/2017
43,26037,0,12/31/2017
43,26039,0.001760946,12/31/2017
43,26041,0,12/31/2017
43,26043,0.000667364,12/31/2017
43,26045,0.000107702,12/31/2017
43,26047,0,12/31/2017
43,26049,7.94271E-05,12/31/2017
43,26051,7.80086E-05,12/31/2017
43,26053,0.022498029,12/31/2017
43,26055,2.07896E-05,12/31/2017
43,26057,0.000168294,12/31/2017
43,26059,4.30305E-05,12/31/2017
43,26061,5.43718E-05,12/31/2017
43,26063,0,12/31/2017
43,26065,1.27012E-05,12/31/2017
43,26067,0.000383106,12/31/2017
43,26069,0,12/31/2017
43,26071,0,12/31/2017
43,26073,0.001083871,12/31/2017
43,26075,0.000197811,12/31/2017
43,26077,4.37933E-05,12/31/2017
43,26079,0.000295902,12/31/2017
43,26081,1.49005E-06,12/31/2017
43,26083,0.003958377,12/31/2017
43,26085,0.000338588,12/31/2017
43,26087,7.52525E-05,12/31/2017
43,26089,0.00629914,12/31/2017
43,26091,0.004816439,12/31/2017
43,26093,2.07116E-05,12/31/2017
43,26095,0.000308381,12/31/2017
43,26097,0.003981606,12/31/2017
43,26099,7.95666E-06,12/31/2017
43,26101,0.000381643,12/31/2017
43,26103,0,12/31/2017
43,26105,0.000109749,12/31/2017
43,26107,0.00049775,12/31/2017
43,26109,0.000344606,12/31/2017
43,26111,5.77345E-05,12/31/2017
43,26113,0.000574899,12/31/2017
43,26115,0,12/31/2017
43,26117,3.76547E-05,12/31/2017
43,26119,0.000518858,12/31/2017
43,26121,0,12/31/2017
43,26123,4.12428E-05,12/31/2017
43,26125,1.01808E-06,12/31/2017
43,26127,7.80677E-05,12/31/2017
43,26129,0.00079852,12/31/2017
43,26131,0.003370565,12/31/2017
43,26133,0,12/31/2017
43,26135,0.001208512,12/31/2017
43,26137,0.000140135,12/31/2017
43,26139,0,12/31/2017
43,26141,0.000977448,12/31/2017
43,26143,0.00027403,12/31/2017
43,26145,4.07731E-06,12/31/2017
43,26147,0.002308845,12/31/2017
43,26149,0,12/31/2017
43,26151,9.51241E-05,12/31/2017
43,26153,0.000837526,12/31/2017
43,26155,0.00012207,12/31/2017
43,26157,2.9502E-05,12/31/2017
43,26159,5.14957E-05,12/31/2017
43,26161,2.97272E-05,12/31/2017
43,26163,6.72003E-07,12/31/2017
43,26165,0.000117635,12/31/2017
43,27001,0.000159625,12/31/2017
43,27003,5.72836E-06,12/31/2017
43,27005,3.53271E-05,12/31/2017
43,27007,2.58532E-05,12/31/2017
43,27009,8.83349E-05,12/31/2017
43,27011,0.001160438,12/31/2017
43,27013,0.000138173,12/31/2017
43,27015,5.63464E-05,12/31/2017
43,27017,2.67802E-05,12/31/2017
43,27019,4.55887E-05,12/31/2017
43,27021,9.59974E-05,12/31/2017
43,27023,0.000183766,12/31/2017
43,27025,7.13107E-05,12/31/2017
43,27027,0.000104442,12/31/2017
43,27029,0.000223877,12/31/2017
43,27031,0.000254902,12/31/2017
43,27033,0.000331638,12/31/2017
43,27035,1.74203E-05,12/31/2017
43,27037,0.000404002,12/31/2017
43,27039,0.000513039,12/31/2017
43,27041,0.00013066,12/31/2017
43,27043,0.00016974,12/31/2017
43,27045,0.000166956,12/31/2017
43,27047,0.000237428,12/31/2017
43,27049,5.82311E-05,12/31/2017
43,27051,0.025441554,12/31/2017
43,27053,0,12/31/2017
43,27055,0.00010559,12/31/2017
43,27057,6.09513E-05,12/31/2017
43,27059,0.000100351,12/31/2017
43,27061,4.89101E-05,12/31/2017
43,27063,0.000195516,12/31/2017
43,27065,0.00557418,12/31/2017
43,27067,0.000263541,12/31/2017
43,27069,0.000973325,12/31/2017
43,27071,0.0001237,12/31/2017
43,27073,0.006596517,12/31/2017
43,27075,0.000321218,12/31/2017
43,27077,0.001110923,12/31/2017
43,27079,0.000130705,12/31/2017
43,27081,0.000980152,12/31/2017
43,27083,7.6602E-05,12/31/2017
43,27085,5.51566E-05,12/31/2017
43,27087,0.000703993,12/31/2017
43,27089,0.000294316,12/31/2017
43,27091,0.000720005,12/31/2017
43,27093,0.000171001,12/31/2017
43,27095,7.70622E-05,12/31/2017
43,27097,0.000237924,12/31/2017
43,27099,0.000208654,12/31/2017
43,27101,0.00051776,12/31/2017
43,27103,0.000422514,12/31/2017
43,27105,0.000723159,12/31/2017
43,27107,0,12/31/2017
43,27109,1.30236E-05,12/31/2017
43,27111,0,12/31/2017
43,27113,0.000918379,12/31/2017
43,27115,6.79867E-05,12/31/2017
43,27117,0,12/31/2017
43,27119,0.000210292,12/31/2017
43,27121,0.000180707,12/31/2017
43,27123,4.70098E-06,12/31/2017
43,27125,0.000491782,12/31/2017
43,27127,0.00030727,12/31/2017
43,27129,0.000966519,12/31/2017
43,27131,3.02752E-05,12/31/2017
43,27133,0.000293193,12/31/2017
43,27135,0.002614151,12/31/2017
43,27137,0.000215012,12/31/2017
43,27139,1.39647E-05,12/31/2017
43,27141,4.12169E-05,12/31/2017
43,27143,3.71532E-05,12/31/2017
43,27145,7.93757E-05,12/31/2017
43,27147,0.000220146,12/31/2017
43,27149,0.007020183,12/31/2017
43,27151,0.020298529,12/31/2017
43,27153,8.08864E-05,12/31/2017
43,27155,0,12/31/2017
43,27157,0,12/31/2017
43,27159,0,12/31/2017
43,27161,0.002387564,12/31/2017
43,27163,5.03753E-06,12/31/2017
43,27165,0.000216769,12/31/2017
43,27167,0.000432273,12/31/2017
43,27169,0.00048039,12/31/2017
43,27171,0,12/31/2017
43,27173,0.001726812,12/31/2017
43,28001,0.000653013,12/31/2017
43,28003,0.002096325,12/31/2017
43,28005,0.000157109,12/31/2017
43,28007,0.000105466,12/31/2017
43,28009,0.006659487,12/31/2017
43,28011,0.000591675,12/31/2017
43,28013,0.000535194,12/31/2017
43,28015,0.002435296,12/31/2017
43,28017,0.000305941,12/31/2017
43,28019,0.000463153,12/31/2017
43,28021,0.00034711,12/31/2017
43,28023,0.000638482,12/31/2017
43,28025,0.00017393,12/31/2017
43,28027,0.000156114,12/31/2017
43,28029,6.87175E-05,12/31/2017
43,28031,0.00010304,12/31/2017
43,28033,4.37814E-05,12/31/2017
43,28035,0.000116703,12/31/2017
43,28037,0.000854046,12/31/2017
43,28039,7.38344E-05,12/31/2017
43,28041,0.001127951,12/31/2017
43,28043,9.24033E-05,12/31/2017
43,28045,0.000194659,12/31/2017
43,28047,0,12/31/2017
43,28049,0.000676014,12/31/2017
43,28051,0.000259549,12/31/2017
43,28053,0.000264066,12/31/2017
43,28055,0.006036217,12/31/2017
43,28057,9.77673E-05,12/31/2017
43,28059,1.39794E-05,12/31/2017
43,28061,0.000668565,12/31/2017
43,28063,0.000190587,12/31/2017
43,28065,0.00051598,12/31/2017
43,28067,2.89119E-05,12/31/2017
43,28069,0.000376209,12/31/2017
43,28071,0,12/31/2017
43,28073,0.000199778,12/31/2017
43,28075,2.52552E-05,12/31/2017
43,28077,0.002471898,12/31/2017
43,28079,0.001250615,12/31/2017
43,28081,7.45116E-05,12/31/2017
43,28083,9.97159E-05,12/31/2017
43,28085,5.71909E-05,12/31/2017
43,28087,0.000123389,12/31/2017
43,28089,2.01005E-05,12/31/2017
43,28091,7.75736E-05,12/31/2017
43,28093,0.000204242,12/31/2017
43,28095,0,12/31/2017
43,28097,0.000137972,12/31/2017
43,28099,0.000236224,12/31/2017
43,28101,0.000158504,12/31/2017
43,28103,0.000180542,12/31/2017
43,28105,9.59907E-05,12/31/2017
43,28107,0,12/31/2017
43,28109,0,12/31/2017
43,28111,0.00406675,12/31/2017
43,28113,0.000780995,12/31/2017
43,28115,0.000361087,12/31/2017
43,28117,0,12/31/2017
43,28119,0.000387916,12/31/2017
43,28121,6.86461E-05,12/31/2017
43,28123,0.001672269,12/31/2017
43,28125,0.000426579,12/31/2017
43,28127,0,12/31/2017
43,28129,0.000519801,12/31/2017
43,28131,0.000109865,12/31/2017
43,28133,0,12/31/2017
43,28135,0,12/31/2017
43,28137,0,12/31/2017
43,28139,0.003251612,12/31/2017
43,28141,0.000235322,12/31/2017
43,28143,0.002060845,12/31/2017
43,28145,0.000196134,12/31/2017
43,28147,0.000188527,12/31/2017
43,28149,0,12/31/2017
43,28151,0,12/31/2017
43,28153,0,12/31/2017
43,28155,0,12/31/2017
43,28157,0.000478432,12/31/2017
43,28159,0,12/31/2017
43,28161,0.000737669,12/31/2017
43,28163,0.000425331,12/31/2017
43,29001,7.45556E-05,12/31/2017
43,29003,0.000159332,12/31/2017
43,29005,0.020765781,12/31/2017
43,29007,7.66793E-05,12/31/2017
43,29009,4.2414E-05,12/31/2017
43,29011,0.000641844,12/31/2017
43,29013,0,12/31/2017
43,29015,0,12/31/2017
43,29017,0,12/31/2017
43,29019,6.29119E-05,12/31/2017
43,29021,1.32546E-05,12/31/2017
43,29023,0.007566881,12/31/2017
43,29025,0.000218383,12/31/2017
43,29027,0.00044279,12/31/2017
43,29029,0.000132125,12/31/2017
43,29031,0,12/31/2017
43,29033,0.000514439,12/31/2017
43,29035,0.000404257,12/31/2017
43,29037,0.000102373,12/31/2017
43,29039,0,12/31/2017
43,29041,0.000260413,12/31/2017
43,29043,5.1393E-05,12/31/2017
43,29045,0.000290214,12/31/2017
43,29047,0,12/31/2017
43,29049,9.63888E-05,12/31/2017
43,29051,0.00014826,12/31/2017
43,29053,0,12/31/2017
43,29055,0.000320783,12/31/2017
43,29057,0,12/31/2017
43,29059,0,12/31/2017
43,29061,0,12/31/2017
43,29063,0,12/31/2017
43,29065,0,12/31/2017
43,29067,0,12/31/2017
43,29069,0,12/31/2017
43,29071,0,12/31/2017
43,29073,0.00247722,12/31/2017
43,29075,0.000957025,12/31/2017
43,29077,0,12/31/2017
43,29079,0,12/31/2017
43,29081,0,12/31/2017
43,29083,0.000604391,12/31/2017
43,29085,0.000211237,12/31/2017
43,29087,0.002546752,12/31/2017
43,29089,0.001885128,12/31/2017
43,29091,4.92162E-05,12/31/2017
43,29093,0.000745178,12/31/2017
43,29095,9.8695E-06,12/31/2017
43,29097,0,12/31/2017
43,29099,5.32384E-06,12/31/2017
43,29101,0,12/31/2017
43,29103,0.001987414,12/31/2017
43,29105,7.57063E-05,12/31/2017
43,29107,0,12/31/2017
43,29109,4.35187E-05,12/31/2017
43,29111,0.006680361,12/31/2017
43,29113,1.73036E-05,12/31/2017
43,29115,0.000303227,12/31/2017
43,29117,0.000699474,12/31/2017
43,29119,0.016781197,12/31/2017
43,29121,0.00038687,12/31/2017
43,29123,0,12/31/2017
43,29125,0.000220503,12/31/2017
43,29127,0.000396433,12/31/2017
43,29129,0,12/31/2017
43,29131,0,12/31/2017
43,29133,0.00027256,12/31/2017
43,29135,0,12/31/2017
43,29137,0.000227696,12/31/2017
43,29139,0.001067832,12/31/2017
43,29141,0.000259506,12/31/2017
43,29143,0.000613574,12/31/2017
43,29145,0,12/31/2017
43,29147,8.68576E-05,12/31/2017
43,29149,0,12/31/2017
43,29151,0,12/31/2017
43,29153,0,12/31/2017
43,29155,0,12/31/2017
43,29157,0.015680027,12/31/2017
43,29159,4.66919E-05,12/31/2017
43,29161,0.000107419,12/31/2017
43,29163,0,12/31/2017
43,29165,3.58813E-05,12/31/2017
43,29167,2.5208E-05,12/31/2017
43,29169,4.61042E-05,12/31/2017
43,29171,0.007109479,12/31/2017
43,29173,0.000634758,12/31/2017
43,29175,0.000284618,12/31/2017
43,29177,0.000186669,12/31/2017
43,29179,0.001192561,12/31/2017
43,29181,0.001493743,12/31/2017
43,29183,8.20737E-06,12/31/2017
43,29185,0.000756892,12/31/2017
43,29186,0.001020776,12/31/2017
43,29187,0.000107351,12/31/2017
43,29189,1.89734E-06,12/31/2017
43,29195,4.46438E-05,12/31/2017
43,29197,0,12/31/2017
43,29199,0.000145643,12/31/2017
43,29201,9.96438E-05,12/31/2017
43,29203,0,12/31/2017
43,29205,0,12/31/2017
43,29207,0.000279984,12/31/2017
43,29209,0.000358394,12/31/2017
43,29211,0.000309541,12/31/2017
43,29213,3.63757E-05,12/31/2017
43,29215,7.68254E-05,12/31/2017
43,29217,7.64767E-05,12/31/2017
43,29219,5.88749E-05,12/31/2017
43,29221,7.91208E-05,12/31/2017
43,29223,0.002387905,12/31/2017
43,29225,5.25984E-05,12/31/2017
43,29227,0.000962245,12/31/2017
43,29229,0,12/31/2017
43,29510,1.50577E-06,12/31/2017
43,30001,0.000666939,12/31/2017
43,30003,0,12/31/2017
43,30005,0.000190237,12/31/2017
43,30007,0.000302073,12/31/2017
43,30009,0.000279354,12/31/2017
43,30011,0.007063871,12/31/2017
43,30013,4.34619E-05,12/31/2017
43,30015,0.000747776,12/31/2017
43,30017,0.000292296,12/31/2017
43,30019,0.004286856,12/31/2017
43,30021,0.001745821,12/31/2017
43,30023,0.000199042,12/31/2017
43,30025,0.001350762,12/31/2017
43,30027,0.000279049,12/31/2017
43,30029,2.05466E-05,12/31/2017
43,30031,0,12/31/2017
43,30033,0.001819051,12/31/2017
43,30035,0.000144439,12/31/2017
43,30037,0,12/31/2017
43,30039,0.015527863,12/31/2017
43,30041,0.000772538,12/31/2017
43,30043,0.000169935,12/31/2017
43,30045,0,12/31/2017
43,30047,0,12/31/2017
43,30049,0,12/31/2017
43,30051,0.000879951,12/31/2017
43,30053,0.000102628,12/31/2017
43,30055,0.000914578,12/31/2017
43,30057,0.000229999,12/31/2017
43,30059,0.012722151,12/31/2017
43,30061,0.00033914,12/31/2017
43,30063,1.3835E-05,12/31/2017
43,30065,0,12/31/2017
43,30067,0,12/31/2017
43,30069,0.003837595,12/31/2017
43,30071,0.000477287,12/31/2017
43,30073,0.000324863,12/31/2017
43,30075,0,12/31/2017
43,30077,0.000288308,12/31/2017
43,30079,0.001490935,12/31/2017
43,30081,6.6825E-05,12/31/2017
43,30083,0,12/31/2017
43,30085,0.0001761,12/31/2017
43,30087,0.000493235,12/31/2017
43,30089,0,12/31/2017
43,30091,0,12/31/2017
43,30093,0.000185449,12/31/2017
43,30095,0.025950765,12/31/2017
43,30097,0.000303421,12/31/2017
43,30099,0.000261654,12/31/2017
43,30101,0.000219891,12/31/2017
43,30103,0,12/31/2017
43,30105,0.000209019,12/31/2017
43,30107,0.000937139,12/31/2017
43,30109,0.000704903,12/31/2017
43,30111,0,12/31/2017
43,31001,0,12/31/2017
43,31003,0,12/31/2017
43,31005,0,12/31/2017
43,31007,0.017258396,12/31/2017
43,31009,0.002203733,12/31/2017
43,31011,0.000280264,12/31/2017
43,31013,0,12/31/2017
43,31015,0,12/31/2017
43,31017,0.001111132,12/31/2017
43,31019,0,12/31/2017
43,31021,0.000301786,12/31/2017
43,31023,0.000165741,12/31/2017
43,31025,5.57501E-05,12/31/2017
43,31027,9.23018E-05,12/31/2017
43,31029,0.000374008,12/31/2017
43,31031,0,12/31/2017
43,31033,9.47098E-05,12/31/2017
43,31035,0.000290142,12/31/2017
43,31037,0.010078419,12/31/2017
43,31039,0.00101408,12/31/2017
43,31041,0,12/31/2017
43,31043,0,12/31/2017
43,31045,0,12/31/2017
43,31047,0.000928088,12/31/2017
43,31049,0.000831347,12/31/2017
43,31051,0.000274136,12/31/2017
43,31053,4.1048E-05,12/31/2017
43,31055,2.29998E-06,12/31/2017
43,31057,0.00097942,12/31/2017
43,31059,0.000507711,12/31/2017
43,31061,0.000287915,12/31/2017
43,31063,0.000602283,12/31/2017
43,31065,0.000410363,12/31/2017
43,31067,0.000146116,12/31/2017
43,31069,0.002106638,12/31/2017
43,31071,0.000645717,12/31/2017
43,31073,0.000978449,12/31/2017
43,31075,0.002780747,12/31/2017
43,31077,0.000778518,12/31/2017
43,31079,5.54904E-05,12/31/2017
43,31081,0.001520105,12/31/2017
43,31083,0.00036446,12/31/2017
43,31085,0.013706634,12/31/2017
43,31087,0.000663101,12/31/2017
43,31089,0.000191926,12/31/2017
43,31091,0,12/31/2017
43,31093,0,12/31/2017
43,31095,0,12/31/2017
43,31097,0.000288725,12/31/2017
43,31099,0,12/31/2017
43,31101,0.000204135,12/31/2017
43,31103,0.00175599,12/31/2017
43,31105,0.000535653,12/31/2017
43,31107,0.00023252,12/31/2017
43,31109,3.35313E-06,12/31/2017
43,31111,0,12/31/2017
43,31113,0.003267403,12/31/2017
43,31115,0.005886002,12/31/2017
43,31117,1,12/31/2017
43,31119,5.18353E-05,12/31/2017
43,31121,0.000504659,12/31/2017
43,31123,0,12/31/2017
43,31125,0,12/31/2017
43,31127,0.000583584,12/31/2017
43,31129,0.0001281,12/31/2017
43,31131,9.95522E-05,12/31/2017
43,31133,0.001841063,12/31/2017
43,31135,0.000299317,12/31/2017
43,31137,0.00059504,12/31/2017
43,31139,0.000418501,12/31/2017
43,31141,0,12/31/2017
43,31143,0.02546588,12/31/2017
43,31145,8.72341E-05,12/31/2017
43,31147,0.002249283,12/31/2017
43,31149,0.007839016,12/31/2017
43,31151,0.00027581,12/31/2017
43,31153,7.62284E-05,12/31/2017
43,31155,0.000248904,12/31/2017
43,31157,0.001073536,12/31/2017
43,31159,0.005303514,12/31/2017
43,31161,0.005955491,12/31/2017
43,31163,0.015710584,12/31/2017
43,31165,0.018244965,12/31/2017
43,31167,0.000328154,12/31/2017
43,31169,0.021767714,12/31/2017
43,31171,0.371011023,12/31/2017
43,31173,0.012454963,12/31/2017
43,31175,0.047073513,12/31/2017
43,31177,0.000936746,12/31/2017
43,31179,0.00429153,12/31/2017
43,31181,0.088026529,12/31/2017
43,31183,0.056882883,12/31/2017
43,31185,0.010728655,12/31/2017
43,32001,0.000605262,12/31/2017
43,32003,6.32176E-05,12/31/2017
43,32005,0.004407856,12/31/2017
43,32007,0.003245148,12/31/2017
43,32009,0.143769729,12/31/2017
43,32011,0.069599415,12/31/2017
43,32013,0.005489012,12/31/2017
43,32015,0.002979845,12/31/2017
43,32017,0.011527168,12/31/2017
43,32019,0.000220577,12/31/2017
43,32021,0.025821426,12/31/2017
43,32023,0.000563956,12/31/2017
43,32027,0.023963299,12/31/2017
43,32029,0,12/31/2017
43,32031,4.06137E-05,12/31/2017
43,32033,0.000400789,12/31/2017
43,32510,3.64354E-05,12/31/2017
43,33001,0.000138716,12/31/2017
43,33003,0,12/31/2017
43,33005,0.00062606,12/31/2017
43,33007,0.000396094,12/31/2017
43,33009,6.28404E-05,12/31/2017
43,33011,1.94452E-06,12/31/2017
43,33013,0,12/31/2017
43,33015,0,12/31/2017
43,33017,0.000131749,12/31/2017
43,33019,4.58637E-05,12/31/2017
43,34001,1.36078E-05,12/31/2017
43,34003,2.10624E-06,12/31/2017
43,34005,4.01086E-05,12/31/2017
43,34007,0,12/31/2017
43,34009,9.36043E-05,12/31/2017
43,34011,1.2749E-05,12/31/2017
43,34013,7.898E-06,12/31/2017
43,34015,8.13595E-06,12/31/2017
43,34017,3.15029E-05,12/31/2017
43,34019,0.000167823,12/31/2017
43,34021,3.70376E-05,12/31/2017
43,34023,2.43489E-05,12/31/2017
43,34025,3.14793E-06,12/31/2017
43,34027,3.80171E-06,12/31/2017
43,34029,3.886E-06,12/31/2017
43,34031,0,12/31/2017
43,34033,3.09754E-05,12/31/2017
43,34035,0,12/31/2017
43,34037,0.000760089,12/31/2017
43,34039,1.07757E-05,12/31/2017
43,34041,0.00282023,12/31/2017
43,35001,8.68817E-05,12/31/2017
43,35003,0.004143682,12/31/2017
43,35005,0.000119518,12/31/2017
43,35006,0.001165618,12/31/2017
43,35007,0.00246739,12/31/2017
43,35009,9.11468E-05,12/31/2017
43,35011,0.011758865,12/31/2017
43,35013,7.09461E-05,12/31/2017
43,35015,0.000225401,12/31/2017
43,35017,0.000186538,12/31/2017
43,35019,0.012068963,12/31/2017
43,35021,0.40349188,12/31/2017
43,35023,0.000710927,12/31/2017
43,35025,0.000196682,12/31/2017
43,35027,0.000299915,12/31/2017
43,35028,0.000574098,12/31/2017
43,35029,0,12/31/2017
43,35031,0,12/31/2017
43,35033,0.000428988,12/31/2017
43,35035,0.000417361,12/31/2017
43,35037,0.052947884,12/31/2017
43,35039,6.20861E-05,12/31/2017
43,35041,0.000274132,12/31/2017
43,35043,7.17247E-05,12/31/2017
43,35045,0.001238099,12/31/2017
43,35047,0.000364236,12/31/2017
43,35049,0.002239657,12/31/2017
43,35051,0.069105263,12/31/2017
43,35053,0.002879237,12/31/2017
43,35055,0.001746143,12/31/2017
43,35057,0.008505261,12/31/2017
43,35059,0.00747837,12/31/2017
43,35061,0.000939754,12/31/2017
43,36001,9.98692E-06,12/31/2017
43,36003,0.000263399,12/31/2017
43,36005,1.30266E-05,12/31/2017
43,36007,6.60766E-05,12/31/2017
43,36009,0.003774341,12/31/2017
43,36011,0.000426784,12/31/2017
43,36013,0.000716844,12/31/2017
43,36015,0.00071941,12/31/2017
43,36017,0.000516934,12/31/2017
43,36019,0.000251971,12/31/2017
43,36021,0.000691474,12/31/2017
43,36023,6.53946E-05,12/31/2017
43,36025,4.29922E-05,12/31/2017
43,36027,0,12/31/2017
43,36029,9.83474E-06,12/31/2017
43,36031,0.007405308,12/31/2017
43,36033,0.000261572,12/31/2017
43,36035,0,12/31/2017
43,36037,0.000286181,12/31/2017
43,36039,0.000537368,12/31/2017
43,36041,0.006973316,12/31/2017
43,36043,0,12/31/2017
43,36045,8.13468E-05,12/31/2017
43,36047,9.70082E-05,12/31/2017
43,36049,0.0001825,12/31/2017
43,36051,3.06882E-05,12/31/2017
43,36053,0.000262077,12/31/2017
43,36055,2.63863E-06,12/31/2017
43,36057,6.54506E-05,12/31/2017
43,36059,8.69577E-07,12/31/2017
43,36061,3.63116E-06,12/31/2017
43,36063,1.85775E-05,12/31/2017
43,36065,8.63922E-05,12/31/2017
43,36067,1.01379E-06,12/31/2017
43,36069,4.18586E-05,12/31/2017
43,36071,3.3432E-05,12/31/2017
43,36073,0.00166651,12/31/2017
43,36075,0.000294099,12/31/2017
43,36077,0.000646465,12/31/2017
43,36079,8.73899E-05,12/31/2017
43,36081,0,12/31/2017
43,36083,6.67562E-05,12/31/2017
43,36085,0,12/31/2017
43,36087,0.000149031,12/31/2017
43,36089,1.78266E-05,12/31/2017
43,36091,6.65958E-05,12/31/2017
43,36093,4.53027E-05,12/31/2017
43,36095,0,12/31/2017
43,36097,0.00161861,12/31/2017
43,36099,0.000349253,12/31/2017
43,36101,0.000283547,12/31/2017
43,36103,3.5141E-05,12/31/2017
43,36105,0,12/31/2017
43,36107,3.36444E-05,12/31/2017
43,36109,0.000183898,12/31/2017
43,36111,2.19342E-05,12/31/2017
43,36113,0.000123352,12/31/2017
43,36115,0.001728231,12/31/2017
43,36117,0.000101106,12/31/2017
43,36119,0.00015029,12/31/2017
43,36121,0,12/31/2017
43,36123,0.001496404,12/31/2017
43,37001,0,12/31/2017
43,37003,0,12/31/2017
43,37005,0.001026134,12/31/2017
43,37007,0,12/31/2017
43,37009,0.005397938,12/31/2017
43,37011,0.001378956,12/31/2017
43,37013,0.000278897,12/31/2017
43,37015,0.000753966,12/31/2017
43,37017,0.000752457,12/31/2017
43,37019,7.3485E-05,12/31/2017
43,37021,1.53486E-05,12/31/2017
43,37023,0,12/31/2017
43,37025,0.000201249,12/31/2017
43,37027,8.30717E-05,12/31/2017
43,37029,0.001521371,12/31/2017
43,37031,0,12/31/2017
43,37033,0.000439517,12/31/2017
43,37035,0.000132052,12/31/2017
43,37037,0.000116742,12/31/2017
43,37039,0.000187025,12/31/2017
43,37041,0.000456411,12/31/2017
43,37043,0,12/31/2017
43,37045,3.99015E-05,12/31/2017
43,37047,0.004117915,12/31/2017
43,37049,3.51626E-05,12/31/2017
43,37051,8.78613E-06,12/31/2017
43,37053,0.001164308,12/31/2017
43,37055,0.000899268,12/31/2017
43,37057,0.000370258,12/31/2017
43,37059,0,12/31/2017
43,37061,0.000215689,12/31/2017
43,37063,0.000235327,12/31/2017
43,37065,0,12/31/2017
43,37067,3.90419E-05,12/31/2017
43,37069,0.000106405,12/31/2017
43,37071,0,12/31/2017
43,37073,0.000749259,12/31/2017
43,37075,0.008345392,12/31/2017
43,37077,4.72742E-05,12/31/2017
43,37079,0.000544083,12/31/2017
43,37081,2.49038E-05,12/31/2017
43,37083,0.000682922,12/31/2017
43,37085,0.000216033,12/31/2017
43,37087,0.000353815,12/31/2017
43,37089,0.000100751,12/31/2017
43,37091,0.000475511,12/31/2017
43,37093,0.000156323,12/31/2017
43,37095,0.001564034,12/31/2017
43,37097,4.32798E-05,12/31/2017
43,37099,0.000428003,12/31/2017
43,37101,3.22342E-05,12/31/2017
43,37103,0.000759804,12/31/2017
43,37105,0,12/31/2017
43,37107,0.000309619,12/31/2017
43,37109,0.000100119,12/31/2017
43,37111,0.003122631,12/31/2017
43,37113,0,12/31/2017
43,37115,0.000181382,12/31/2017
43,37117,0.000398041,12/31/2017
43,37119,2.41423E-05,12/31/2017
43,37121,0.000677832,12/31/2017
43,37123,0.000912706,12/31/2017
43,37125,1.84564E-05,12/31/2017
43,37127,0,12/31/2017
43,37129,8.98497E-06,12/31/2017
43,37131,9.67144E-05,12/31/2017
43,37133,0,12/31/2017
43,37135,0,12/31/2017
43,37137,0.000154299,12/31/2017
43,37139,4.59579E-05,12/31/2017
43,37141,0,12/31/2017
43,37143,0.002983858,12/31/2017
43,37145,0.002541353,12/31/2017
43,37147,8.95487E-06,12/31/2017
43,37149,7.73413E-05,12/31/2017
43,37151,8.29881E-06,12/31/2017
43,37153,0,12/31/2017
43,37155,0,12/31/2017
43,37157,1.20817E-05,12/31/2017
43,37159,1.42183E-05,12/31/2017
43,37161,0,12/31/2017
43,37163,0.000795607,12/31/2017
43,37165,6.68807E-05,12/31/2017
43,37167,2.33651E-05,12/31/2017
43,37169,0,12/31/2017
43,37171,0,12/31/2017
43,37173,0,12/31/2017
43,37175,0,12/31/2017
43,37177,0,12/31/2017
43,37179,1.56548E-05,12/31/2017
43,37181,4.26941E-05,12/31/2017
43,37183,3.62754E-06,12/31/2017
43,37185,5.08794E-05,12/31/2017
43,37187,0.000262736,12/31/2017
43,37189,1.6271E-05,12/31/2017
43,37191,1.20596E-05,12/31/2017
43,37193,0,12/31/2017
43,37195,1.94201E-05,12/31/2017
43,37197,5.22271E-05,12/31/2017
43,37199,0.000112212,12/31/2017
43,38001,0.000834244,12/31/2017
43,38003,0,12/31/2017
43,38005,0,12/31/2017
43,38007,0.002009653,12/31/2017
43,38009,0,12/31/2017
43,38011,0,12/31/2017
43,38013,0,12/31/2017
43,38015,0,12/31/2017
43,38017,1.15783E-05,12/31/2017
43,38019,0,12/31/2017
43,38021,0.002586437,12/31/2017
43,38023,0.000664588,12/31/2017
43,38025,0.000744953,12/31/2017
43,38027,0.000953274,12/31/2017
43,38029,0.012287788,12/31/2017
43,38031,0.000595386,12/31/2017
43,38033,0.002088255,12/31/2017
43,38035,2.8169E-05,12/31/2017
43,38037,0.027476433,12/31/2017
43,38039,0.00427039,12/31/2017
43,38041,0.013033217,12/31/2017
43,38043,0.00707542,12/31/2017
43,38045,0.002694286,12/31/2017
43,38047,0.01227012,12/31/2017
43,38049,0,12/31/2017
43,38051,0.02591724,12/31/2017
43,38053,0,12/31/2017
43,38055,6.58017E-05,12/31/2017
43,38057,0.000365958,12/31/2017
43,38059,0.000389065,12/31/2017
43,38061,0.001305651,12/31/2017
43,38063,0.009335533,12/31/2017
43,38065,0.002428703,12/31/2017
43,38067,0.000840634,12/31/2017
43,38069,0.15424724,12/31/2017
43,38071,0.000710043,12/31/2017
43,38073,0.001518765,12/31/2017
43,38075,0.006587554,12/31/2017
43,38077,0.002051325,12/31/2017
43,38079,0.001374769,12/31/2017
43,38081,0.000508753,12/31/2017
43,38083,0.35910819,12/31/2017
43,38085,0.002091695,12/31/2017
43,38087,0.0336478,12/31/2017
43,38089,0.000732435,12/31/2017
43,38091,0.007262373,12/31/2017
43,38093,0.000956881,12/31/2017
43,38095,0.173612089,12/31/2017
43,38097,0.001727633,12/31/2017
43,38099,0.000180906,12/31/2017
43,38101,2.83721E-05,12/31/2017
43,38103,0.000599072,12/31/2017
43,38105,0.000168045,12/31/2017
43,39001,8.48882E-05,12/31/2017
43,39003,5.23474E-05,12/31/2017
43,39005,0.000206077,12/31/2017
43,39007,1.92297E-05,12/31/2017
43,39009,0.000674938,12/31/2017
43,39011,0.000191602,12/31/2017
43,39013,0.000643499,12/31/2017
43,39015,1.44331E-05,12/31/2017
43,39017,5.51052E-05,12/31/2017
43,39019,0.000326586,12/31/2017
43,39021,0.001701742,12/31/2017
43,39023,0.001957414,12/31/2017
43,39025,3.67413E-05,12/31/2017
43,39027,0.002821521,12/31/2017
43,39029,0.000204001,12/31/2017
43,39031,0.000520292,12/31/2017
43,39033,0,12/31/2017
43,39035,5.53023E-06,12/31/2017
43,39037,0.000293742,12/31/2017
43,39039,0,12/31/2017
43,39041,0.001415625,12/31/2017
43,39043,0,12/31/2017
43,39045,1.14728E-05,12/31/2017
43,39047,0.000885072,12/31/2017
43,39049,0,12/31/2017
43,39051,4.67063E-05,12/31/2017
43,39053,6.54071E-05,12/31/2017
43,39055,0,12/31/2017
43,39057,3.9312E-05,12/31/2017
43,39059,5.01215E-05,12/31/2017
43,39061,2.95089E-05,12/31/2017
43,39063,0,12/31/2017
43,39065,0,12/31/2017
43,39067,0.002211953,12/31/2017
43,39069,0.000750978,12/31/2017
43,39071,0.000291978,12/31/2017
43,39073,0.001234551,12/31/2017
43,39075,0.00057901,12/31/2017
43,39077,0.000121575,12/31/2017
43,39079,0.004214506,12/31/2017
43,39081,0.003254693,12/31/2017
43,39083,0.000898524,12/31/2017
43,39085,6.81141E-05,12/31/2017
43,39087,0.000125537,12/31/2017
43,39089,9.028E-05,12/31/2017
43,39091,0,12/31/2017
43,39093,9.78026E-05,12/31/2017
43,39095,4.37576E-05,12/31/2017
43,39097,0.000332471,12/31/2017
43,39099,4.19198E-05,12/31/2017
43,39101,0.000236517,12/31/2017
43,39103,1.38897E-05,12/31/2017
43,39105,0.000227869,12/31/2017
43,39107,0,12/31/2017
43,39109,1.89803E-05,12/31/2017
43,39111,0.000133188,12/31/2017
43,39113,1.38139E-05,12/31/2017
43,39115,0.000224655,12/31/2017
43,39117,0.000334762,12/31/2017
43,39119,3.8621E-05,12/31/2017
43,39121,0.000670396,12/31/2017
43,39123,0.000410904,12/31/2017
43,39125,0.000416968,12/31/2017
43,39127,0.000140546,12/31/2017
43,39129,3.46122E-05,12/31/2017
43,39131,0.002254031,12/31/2017
43,39133,9.75069E-06,12/31/2017
43,39135,0.001028662,12/31/2017
43,39137,0,12/31/2017
43,39139,3.31597E-05,12/31/2017
43,39141,9.73337E-05,12/31/2017
43,39143,0.000107466,12/31/2017
43,39145,5.96211E-05,12/31/2017
43,39147,2.56054E-05,12/31/2017
43,39149,0.000127654,12/31/2017
43,39151,9.20519E-05,12/31/2017
43,39153,1.31379E-05,12/31/2017
43,39155,3.8472E-05,12/31/2017
43,39157,0,12/31/2017
43,39159,3.61229E-05,12/31/2017
43,39161,6.98991E-05,12/31/2017
43,39163,0.000150319,12/31/2017
43,39165,8.82435E-06,12/31/2017
43,39167,3.24537E-05,12/31/2017
43,39169,3.34034E-05,12/31/2017
43,39171,5.33037E-05,12/31/2017
43,39173,1.52543E-05,12/31/2017
43,39175,0.000687282,12/31/2017
43,40001,8.92433E-05,12/31/2017
43,40003,0.000510931,12/31/2017
43,40005,0.000187614,12/31/2017
43,40007,0.00062403,12/31/2017
43,40009,0.000171999,12/31/2017
43,40011,0.000204079,12/31/2017
43,40013,4.38335E-05,12/31/2017
43,40015,0.00010469,12/31/2017
43,40017,5.40977E-05,12/31/2017
43,40019,1.6324E-05,12/31/2017
43,40021,4.08125E-05,12/31/2017
43,40023,0.000131884,12/31/2017
43,40025,0.001850076,12/31/2017
43,40027,7.20918E-06,12/31/2017
43,40029,0.00598295,12/31/2017
43,40031,1.66944E-05,12/31/2017
43,40033,0.000329248,12/31/2017
43,40035,0.000135651,12/31/2017
43,40037,0.00515362,12/31/2017
43,40039,0.000371137,12/31/2017
43,40041,7.5476E-05,12/31/2017
43,40043,0.002690919,12/31/2017
43,40045,0.000269691,12/31/2017
43,40047,0.000273437,12/31/2017
43,40049,0.000526778,12/31/2017
43,40051,0.000314037,12/31/2017
43,40053,0.002410646,12/31/2017
43,40055,0.000328263,12/31/2017
43,40057,0.000429766,12/31/2017
43,40059,0.001665518,12/31/2017
43,40061,0.000198386,12/31/2017
43,40063,0.000151972,12/31/2017
43,40065,0.000426398,12/31/2017
43,40067,0.000592332,12/31/2017
43,40069,0.000264854,12/31/2017
43,40071,0.006528259,12/31/2017
43,40073,0.000509475,12/31/2017
43,40075,0.001212089,12/31/2017
43,40077,0.000104159,12/31/2017
43,40079,3.96207E-05,12/31/2017
43,40081,0.000261436,12/31/2017
43,40083,0.000113318,12/31/2017
43,40085,0.001316591,12/31/2017
43,40087,0.001148231,12/31/2017
43,40089,0.000691475,12/31/2017
43,40091,0,12/31/2017
43,40093,0.00220805,12/31/2017
43,40095,0.000121748,12/31/2017
43,40097,4.63356E-05,12/31/2017
43,40099,0.001764009,12/31/2017
43,40101,0.00016038,12/31/2017
43,40103,0,12/31/2017
43,40105,0.000189078,12/31/2017
43,40107,0.000142963,12/31/2017
43,40109,2.55164E-06,12/31/2017
43,40111,0.001100832,12/31/2017
43,40113,0,12/31/2017
43,40115,0.000311346,12/31/2017
43,40117,0.000470812,12/31/2017
43,40119,6.95785E-05,12/31/2017
43,40121,0.000939256,12/31/2017
43,40123,0.000103188,12/31/2017
43,40125,0.000108134,12/31/2017
43,40127,0.000347822,12/31/2017
43,40129,0.01049644,12/31/2017
43,40131,1.84178E-05,12/31/2017
43,40133,0.006191108,12/31/2017
43,40135,2.86552E-05,12/31/2017
43,40137,0,12/31/2017
43,40139,9.22738E-05,12/31/2017
43,40141,0.004736386,12/31/2017
43,40143,3.10064E-06,12/31/2017
43,40145,5.86244E-05,12/31/2017
43,40147,7.46517E-05,12/31/2017
43,40149,0.005945282,12/31/2017
43,40151,0,12/31/2017
43,40153,0.000478453,12/31/2017
43,41001,0.000375813,12/31/2017
43,41003,0.006819489,12/31/2017
43,41005,3.0623E-05,12/31/2017
43,41007,0.000823012,12/31/2017
43,41009,7.71199E-05,12/31/2017
43,41011,0.00156605,12/31/2017
43,41013,0.002175885,12/31/2017
43,41015,0.001200637,12/31/2017
43,41017,0.000585477,12/31/2017
43,41019,0.000217426,12/31/2017
43,41021,0.024574673,12/31/2017
43,41023,0,12/31/2017
43,41025,0.001702298,12/31/2017
43,41027,0.001508875,12/31/2017
43,41029,0.000479177,12/31/2017
43,41031,0.000542875,12/31/2017
43,41033,0.000289846,12/31/2017
43,41035,0.00013286,12/31/2017
43,41037,0.001751042,12/31/2017
43,41039,6.28294E-05,12/31/2017
43,41041,0.001099095,12/31/2017
43,41043,0.000776007,12/31/2017
43,41045,0.00291703,12/31/2017
43,41047,1.913E-05,12/31/2017
43,41049,0.00841704,12/31/2017
43,41051,2.83623E-05,12/31/2017
43,41053,0,12/31/2017
43,41055,0.020105286,12/31/2017
43,41057,6.42187E-05,12/31/2017
43,41059,7.92914E-05,12/31/2017
43,41061,0.000306159,12/31/2017
43,41063,0.001887997,12/31/2017
43,41065,0.000258405,12/31/2017
43,41067,0,12/31/2017
43,41069,0.060255914,12/31/2017
43,41071,0.000919371,12/31/2017
43,42001,0.000245796,12/31/2017
43,42003,3.11039E-05,12/31/2017
43,42005,0.002263893,12/31/2017
43,42007,0.000554487,12/31/2017
43,42009,0.000488104,12/31/2017
43,42011,2.62448E-05,12/31/2017
43,42013,0.000330051,12/31/2017
43,42015,0.000157921,12/31/2017
43,42017,2.96409E-05,12/31/2017
43,42019,0.001445843,12/31/2017
43,42021,0.000381515,12/31/2017
43,42023,0.006017056,12/31/2017
43,42025,0.000213643,12/31/2017
43,42027,0,12/31/2017
43,42029,0.001252885,12/31/2017
43,42031,0,12/31/2017
43,42033,5.78869E-05,12/31/2017
43,42035,0.000725466,12/31/2017
43,42037,0,12/31/2017
43,42039,0.000203811,12/31/2017
43,42041,0,12/31/2017
43,42043,2.39953E-05,12/31/2017
43,42045,1.16415E-05,12/31/2017
43,42047,0.000326029,12/31/2017
43,42049,4.66504E-05,12/31/2017
43,42051,0.000165564,12/31/2017
43,42053,0.00643879,12/31/2017
43,42055,0.000104324,12/31/2017
43,42057,0.005465642,12/31/2017
43,42059,0.000101584,12/31/2017
43,42061,0.001592983,12/31/2017
43,42063,0,12/31/2017
43,42065,0.000640969,12/31/2017
43,42067,0.000416947,12/31/2017
43,42069,0.001219815,12/31/2017
43,42071,3.314E-05,12/31/2017
43,42073,2.239E-05,12/31/2017
43,42075,0.00014068,12/31/2017
43,42077,5.4757E-06,12/31/2017
43,42079,0.000187478,12/31/2017
43,42081,0,12/31/2017
43,42083,0,12/31/2017
43,42085,0.000201682,12/31/2017
43,42087,0,12/31/2017
43,42089,0,12/31/2017
43,42091,0.000209065,12/31/2017
43,42093,0.000539692,12/31/2017
43,42095,2.15311E-05,12/31/2017
43,42097,5.01102E-05,12/31/2017
43,42099,0.000153292,12/31/2017
43,42101,6.59479E-06,12/31/2017
43,42103,0.000266771,12/31/2017
43,42105,0.000365703,12/31/2017
43,42107,5.69562E-05,12/31/2017
43,42109,4.86934E-05,12/31/2017
43,42111,2.61242E-05,12/31/2017
43,42113,0.013080598,12/31/2017
43,42115,0.00056448,12/31/2017
43,42117,0.003196917,12/31/2017
43,42119,0.000701523,12/31/2017
43,42121,4.78182E-05,12/31/2017
43,42123,0.001474823,12/31/2017
43,42125,1.56014E-05,12/31/2017
43,42127,0.000185097,12/31/2017
43,42129,4.6725E-05,12/31/2017
43,42131,0.000216336,12/31/2017
43,42133,3.5738E-06,12/31/2017
43,44001,0.000896118,12/31/2017
43,44003,0,12/31/2017
43,44005,0.000117764,12/31/2017
43,44007,0,12/31/2017
43,44009,5.63576E-05,12/31/2017
43,45001,0.000538741,12/31/2017
43,45003,0.000143536,12/31/2017
43,45005,0.001378346,12/31/2017
43,45007,0.001051972,12/31/2017
43,45009,0,12/31/2017
43,45011,0.003420023,12/31/2017
43,45013,0.00012471,12/31/2017
43,45015,5.52201E-05,12/31/2017
43,45017,0.000133407,12/31/2017
43,45019,6.80488E-05,12/31/2017
43,45021,0,12/31/2017
43,45023,6.09268E-05,12/31/2017
43,45025,2.39832E-05,12/31/2017
43,45027,0.000115675,12/31/2017
43,45029,0.00010303,12/31/2017
43,45031,0.000201139,12/31/2017
43,45033,6.35758E-05,12/31/2017
43,45035,0,12/31/2017
43,45037,0,12/31/2017
43,45039,0,12/31/2017
43,45041,2.11043E-05,12/31/2017
43,45043,0,12/31/2017
43,45045,4.02888E-06,12/31/2017
43,45047,9.14618E-05,12/31/2017
43,45049,4.72558E-05,12/31/2017
43,45051,2.80224E-06,12/31/2017
43,45053,0.000192766,12/31/2017
43,45055,3.09958E-05,12/31/2017
43,45057,9.13057E-06,12/31/2017
43,45059,1.30693E-05,12/31/2017
43,45061,4.85677E-05,12/31/2017
43,45063,3.36409E-06,12/31/2017
43,45065,0.000203785,12/31/2017
43,45067,2.98516E-05,12/31/2017
43,45069,7.18229E-05,12/31/2017
43,45071,8.54513E-05,12/31/2017
43,45073,1.87334E-05,12/31/2017
43,45075,0,12/31/2017
43,45077,7.15704E-06,12/31/2017
43,45079,0,12/31/2017
43,45081,0,12/31/2017
43,45083,1.32703E-05,12/31/2017
43,45085,3.67947E-05,12/31/2017
43,45087,0,12/31/2017
43,45089,0,12/31/2017
43,45091,5.02381E-06,12/31/2017
43,46003,0,12/31/2017
43,46005,2.61035E-05,12/31/2017
43,46007,0.000505358,12/31/2017
43,46009,0.000748034,12/31/2017
43,46011,0.00027671,12/31/2017
43,46013,0,12/31/2017
43,46015,0,12/31/2017
43,46017,0.000231503,12/31/2017
43,46019,0.000155032,12/31/2017
43,46021,0.001369015,12/31/2017
43,46023,0,12/31/2017
43,46025,0,12/31/2017
43,46027,0.0065343,12/31/2017
43,46029,5.08655E-05,12/31/2017
43,46031,0.009629151,12/31/2017
43,46033,0,12/31/2017
43,46035,4.00038E-05,12/31/2017
43,46037,0.000357619,12/31/2017
43,46039,0,12/31/2017
43,46041,#N/A,12/31/2017
43,46043,#N/A,12/31/2017
43,46045,#N/A,12/31/2017
43,46047,#N/A,12/31/2017
43,46049,#N/A,12/31/2017
43,46051,#N/A,12/31/2017
43,46053,#N/A,12/31/2017
43,46055,#N/A,12/31/2017
43,46057,#N/A,12/31/2017
43,46059,#N/A,12/31/2017
43,46061,#N/A,12/31/2017
43,46063,#N/A,12/31/2017
43,46065,#N/A,12/31/2017
43,46067,#N/A,12/31/2017
43,46069,#N/A,12/31/2017
43,46071,#N/A,12/31/2017
43,46073,#N/A,12/31/2017
43,46075,#N/A,12/31/2017
43,46077,#N/A,12/31/2017
43,46079,#N/A,12/31/2017
43,46081,#N/A,12/31/2017
43,46083,#N/A,12/31/2017
43,46085,#N/A,12/31/2017
43,46087,#N/A,12/31/2017
43,46089,#N/A,12/31/2017
43,46091,#N/A,12/31/2017
43,46093,#N/A,12/31/2017
43,46095,#N/A,12/31/2017
43,46097,#N/A,12/31/2017
43,46099,#N/A,12/31/2017
43,46101,#N/A,12/31/2017
43,46103,#N/A,12/31/2017
43,46105,#N/A,12/31/2017
43,46107,#N/A,12/31/2017
43,46109,#N/A,12/31/2017
43,46111,#N/A,12/31/2017
