fips,measure,source,date
02290,0.000809868,44,1/1/2016
15007,0.032579789,44,1/1/2016
15001,0.019352334,44,1/1/2016
15009,0.041645042,44,1/1/2016
15003,0.080155945,44,1/1/2016
02090,0.007173617,44,1/1/2016
02240,0.003388722,44,1/1/2016
04027,0.008099142,44,1/1/2016
02180,0.001715504,44,1/1/2016
02050,0,44,1/1/2016
02270,0.000210388,44,1/1/2016
02112,,44,1/1/2016
02020,0.012444001,44,1/1/2016
02170,0.003553617,44,1/1/2016
02261,0.002879848,44,1/1/2016
02060,0.004486679,44,1/1/2016
02013,0.00018699,44,1/1/2016
02188,0.000116361,44,1/1/2016
02150,0.001939412,44,1/1/2016
02070,0.000197804,44,1/1/2016
02164,8.93277E-05,44,1/1/2016
01073,0.049238985,44,1/1/2016
01029,0.024867598,44,1/1/2016
01115,0.04215719,44,1/1/2016
01075,0.026706346,44,1/1/2016
01121,0.033339652,44,1/1/2016
48219,0.017994276,44,1/1/2016
48387,0.013494744,44,1/1/2016
48125,0.012818033,44,1/1/2016
48337,0.020427842,44,1/1/2016
48009,0.023178419,44,1/1/2016
48303,0.04825819,44,1/1/2016
48277,0.016984774,44,1/1/2016
48023,0.017358435,44,1/1/2016
04013,0.026140632,44,1/1/2016
04019,0.011456605,44,1/1/2016
02960,,44,1/1/2016
02231,,44,1/1/2016
02110,0.003280919,44,1/1/2016
02100,0.003993629,44,1/1/2016
02185,0.000298301,44,1/1/2016
23029,0.018692702,44,1/1/2016
01125,0.029913037,44,1/1/2016
01057,0.028675933,44,1/1/2016
04012,0.008305536,44,1/1/2016
04007,0.010056114,44,1/1/2016
04011,0.013061608,44,1/1/2016
05081,0.021071248,44,1/1/2016
05013,0.017810982,44,1/1/2016
05103,0.025794507,44,1/1/2016
05043,0.017760071,44,1/1/2016
05017,0.023974258,44,1/1/2016
05011,0.020226985,44,1/1/2016
05057,0.02846336,44,1/1/2016
05099,0.03146353,44,1/1/2016
05091,0.029288396,44,1/1/2016
13121,0.101520882,44,1/1/2016
13265,0.04711187,44,1/1/2016
13133,0.040882937,44,1/1/2016
13063,0.090840198,44,1/1/2016
13151,0.057974092,44,1/1/2016
13211,0.040425608,44,1/1/2016
13073,0.073638218,44,1/1/2016
13045,0.062648347,44,1/1/2016
13217,0.050348054,44,1/1/2016
13189,0.058867564,44,1/1/2016
13301,0.045815711,44,1/1/2016
20175,0.022748836,44,1/1/2016
20081,0.023233467,44,1/1/2016
20055,0.017345967,44,1/1/2016
20101,0.017560722,44,1/1/2016
20063,0.010900332,44,1/1/2016
20179,0.014389142,44,1/1/2016
20039,0.017765348,44,1/1/2016
20069,0.017260741,44,1/1/2016
28155,0.026773791,44,1/1/2016
28025,0.018408155,44,1/1/2016
28011,0.025646628,44,1/1/2016
28083,0.026455564,44,1/1/2016
28133,0.020000824,44,1/1/2016
28105,0.028506062,44,1/1/2016
28087,0.036068264,44,1/1/2016
28097,0.025221288,44,1/1/2016
28015,0.028369779,44,1/1/2016
31063,0.015741159,44,1/1/2016
31145,0.017369111,44,1/1/2016
31111,0.015888052,44,1/1/2016
31113,0.013969394,44,1/1/2016
31171,0.013012489,44,1/1/2016
31031,0.00713911,44,1/1/2016
38059,0.018830656,44,1/1/2016
38085,0.015374286,44,1/1/2016
38015,0.026508826,44,1/1/2016
38055,0.021090583,44,1/1/2016
38083,0.013252416,44,1/1/2016
38049,0.016109684,44,1/1/2016
38009,0.016690369,44,1/1/2016
40007,0.01573362,44,1/1/2016
45027,0.036713169,44,1/1/2016
45003,0.033171658,44,1/1/2016
45075,0.047009295,44,1/1/2016
45043,0.025181134,44,1/1/2016
45051,0.034689003,44,1/1/2016
45089,0.027170046,44,1/1/2016
45017,0.043569214,44,1/1/2016
46121,0.009954344,44,1/1/2016
46095,0.009130772,44,1/1/2016
46075,0.008043791,44,1/1/2016
46117,0.010735156,44,1/1/2016
46041,0.009636391,44,1/1/2016
46031,0.01207517,44,1/1/2016
48271,0.008073409,44,1/1/2016
48137,0.011721995,44,1/1/2016
48435,0.009975823,44,1/1/2016
48413,0.009727033,44,1/1/2016
48451,0.01827121,44,1/1/2016
48081,0.019638372,44,1/1/2016
48335,0.018409006,44,1/1/2016
48415,0.021888202,44,1/1/2016
48263,0.017462159,44,1/1/2016
48037,0.040602067,44,1/1/2016
48147,0.027090731,44,1/1/2016
48181,0.03275023,44,1/1/2016
48107,0.011215429,44,1/1/2016
48077,0.016989769,44,1/1/2016
48269,0.011219958,44,1/1/2016
48275,0.016320205,44,1/1/2016
48097,0.010304298,44,1/1/2016
48079,0.018482571,44,1/1/2016
48345,0.010869674,44,1/1/2016
48129,0.019129578,44,1/1/2016
48191,0.019146319,44,1/1/2016
48179,0.02463813,44,1/1/2016
48393,0.008370236,44,1/1/2016
48357,0.015353898,44,1/1/2016
04003,0.012642932,44,1/1/2016
04021,0.014279984,44,1/1/2016
04023,0.011474663,44,1/1/2016
04009,0.00440317,44,1/1/2016
48229,0.005368988,44,1/1/2016
48109,0.006527884,44,1/1/2016
48141,0.057666669,44,1/1/2016
48371,0.012491877,44,1/1/2016
48465,0.011060818,44,1/1/2016
48377,0.011001654,44,1/1/2016
48043,0.008590936,44,1/1/2016
48475,0.020841572,44,1/1/2016
48103,0.01335851,44,1/1/2016
48235,0.011415701,44,1/1/2016
48461,0.014539739,44,1/1/2016
48383,0.00924548,44,1/1/2016
48389,0.01329953,44,1/1/2016
48135,0.03518854,44,1/1/2016
48003,0.015273707,44,1/1/2016
48165,0.014704348,44,1/1/2016
48501,0.01759869,44,1/1/2016
48243,0.010052544,44,1/1/2016
48329,0.030286246,44,1/1/2016
48495,0.018408738,44,1/1/2016
48301,0.004780481,44,1/1/2016
48115,0.024113406,44,1/1/2016
48443,0.008313566,44,1/1/2016
48105,0.011392112,44,1/1/2016
48173,0.012614216,44,1/1/2016
48317,0.020436787,44,1/1/2016
48227,0.020763439,44,1/1/2016
48305,0.011736974,44,1/1/2016
32031,0.014193073,44,1/1/2016
32027,0.005060626,44,1/1/2016
32013,0.005987823,44,1/1/2016
41011,0.015175624,44,1/1/2016
41041,0.022089507,44,1/1/2016
32005,0.015632495,44,1/1/2016
48445,0.01791455,44,1/1/2016
48431,0.016860624,44,1/1/2016
48033,0.005275383,44,1/1/2016
48169,0.015233688,44,1/1/2016
32009,0.009461848,44,1/1/2016
32023,0.005323318,44,1/1/2016
32015,0.009703785,44,1/1/2016
41045,0.00634055,44,1/1/2016
41001,0.01590722,44,1/1/2016
41063,0.004641446,44,1/1/2016
53023,0.017366526,44,1/1/2016
53075,0.021678724,44,1/1/2016
53063,0.033940765,44,1/1/2016
53065,0.016606466,44,1/1/2016
56037,0.009769388,44,1/1/2016
04005,0.008294686,44,1/1/2016
53033,0.067876404,44,1/1/2016
32019,0.01864446,44,1/1/2016
32001,0.008095242,44,1/1/2016
32029,0.007275997,44,1/1/2016
32510,0.034093715,44,1/1/2016
41039,0.013249076,44,1/1/2016
41035,0.011134105,44,1/1/2016
41007,0.030736807,44,1/1/2016
53059,0.009687554,44,1/1/2016
53071,0.020046015,44,1/1/2016
53005,0.02428937,44,1/1/2016
53015,0.025851552,44,1/1/2016
41015,0.010103126,44,1/1/2016
41019,0.013418938,44,1/1/2016
41057,0.019139012,44,1/1/2016
41033,0.011838552,44,1/1/2016
06035,0.012794553,44,1/1/2016
32021,0.009439824,44,1/1/2016
41017,0.011064966,44,1/1/2016
41065,0.015908436,44,1/1/2016
41027,0.02390274,44,1/1/2016
53077,0.01697721,44,1/1/2016
53041,0.019188425,44,1/1/2016
53053,0.057669888,44,1/1/2016
53061,0.026323601,44,1/1/2016
53057,0.018206667,44,1/1/2016
41071,0.025968958,44,1/1/2016
41029,0.016219204,44,1/1/2016
41051,0.092565177,44,1/1/2016
53011,0.054549072,44,1/1/2016
41003,0.02733349,44,1/1/2016
41043,0.018654701,44,1/1/2016
41053,0.027377074,44,1/1/2016
41047,0.047110491,44,1/1/2016
41005,0.023750493,44,1/1/2016
41067,0.050657191,44,1/1/2016
41009,0.031892958,44,1/1/2016
41031,0.007810961,44,1/1/2016
53049,0.028821804,44,1/1/2016
53027,0.018621307,44,1/1/2016
53009,0.019847355,44,1/1/2016
53031,0.011577748,44,1/1/2016
53067,0.037511942,44,1/1/2016
53029,0.04614778,44,1/1/2016
53045,0.022906316,44,1/1/2016
53035,0.067710786,44,1/1/2016
53069,0.032264268,44,1/1/2016
53073,0.018493288,44,1/1/2016
41037,0.006628542,44,1/1/2016
53039,0.016151348,44,1/1/2016
41055,0.019716303,44,1/1/2016
41025,0.00663094,44,1/1/2016
41023,0.007127853,44,1/1/2016
41049,0.013926933,44,1/1/2016
41013,0.006134427,44,1/1/2016
41021,0.018220729,44,1/1/2016
53037,0.014354993,44,1/1/2016
53007,0.011927642,44,1/1/2016
41059,0.017526222,44,1/1/2016
41069,0.014614761,44,1/1/2016
41061,0.015780352,44,1/1/2016
53025,0.02437674,44,1/1/2016
53017,0.01972483,44,1/1/2016
53047,0.009079374,44,1/1/2016
53019,0.011702005,44,1/1/2016
53021,0.021925431,44,1/1/2016
53001,0.020752199,44,1/1/2016
53043,0.020625948,44,1/1/2016
53013,0.008185974,44,1/1/2016
32017,0.004502639,44,1/1/2016
04015,0.00559941,44,1/1/2016
32003,0.0121469,44,1/1/2016
56031,0.015256571,44,1/1/2016
56015,0.012131599,44,1/1/2016
56023,0.012428584,44,1/1/2016
02280,0.001317808,44,1/1/2016
02201,0.001362972,44,1/1/2016
02130,0.003585436,44,1/1/2016
04001,0.00909884,44,1/1/2016
08085,0.013240066,44,1/1/2016
30009,0.014661748,44,1/1/2016
30095,0.005652789,44,1/1/2016
30037,0.005615848,44,1/1/2016
30027,0.008495343,44,1/1/2016
30005,0.005431585,44,1/1/2016
31157,0.029903887,44,1/1/2016
31075,0.012099138,44,1/1/2016
31123,0.015153888,44,1/1/2016
32007,0.007436367,44,1/1/2016
49037,0.008485618,44,1/1/2016
49019,0.004787172,44,1/1/2016
49047,0.003042837,44,1/1/2016
49009,0.021391307,44,1/1/2016
49033,0.013467927,44,1/1/2016
49003,0.008768785,44,1/1/2016
49005,0.01176053,44,1/1/2016
56007,0.010337761,44,1/1/2016
56035,0.007264024,44,1/1/2016
56013,0.009410796,44,1/1/2016
56029,0.01062271,44,1/1/2016
04025,0.009658873,44,1/1/2016
49053,0.012235107,44,1/1/2016
49021,0.012524641,44,1/1/2016
49017,0.008703695,44,1/1/2016
49001,0.010384793,44,1/1/2016
49027,0.009383081,44,1/1/2016
49045,0.006169802,44,1/1/2016
32033,0.006793839,44,1/1/2016
06071,0.015426188,44,1/1/2016
32011,0.009929259,44,1/1/2016
04017,0.0092072,44,1/1/2016
49031,0.018639614,44,1/1/2016
49025,0.006000517,44,1/1/2016
49055,0.00876679,44,1/1/2016
49015,0.008093759,44,1/1/2016
49049,0.022898874,44,1/1/2016
49035,0.075715426,44,1/1/2016
49057,0.029764093,44,1/1/2016
49023,0.007644878,44,1/1/2016
49013,0.004716047,44,1/1/2016
49051,0.011580673,44,1/1/2016
49043,0.014637253,44,1/1/2016
49041,0.019153699,44,1/1/2016
49039,0.014190368,44,1/1/2016
49011,0.031552279,44,1/1/2016
49029,0.007414219,44,1/1/2016
49007,0.006785722,44,1/1/2016
56041,0.01421706,44,1/1/2016
16075,0.028670878,44,1/1/2016
16073,0.004403149,44,1/1/2016
16027,0.04104823,44,1/1/2016
16001,0.0278196,44,1/1/2016
16087,0.008648986,44,1/1/2016
16045,0.010642831,44,1/1/2016
16039,0.00962142,44,1/1/2016
16031,0.01215672,44,1/1/2016
16023,0.008526055,44,1/1/2016
16059,0.006240346,44,1/1/2016
16049,0.005635561,44,1/1/2016
30001,0.007643226,44,1/1/2016
30023,0.018601508,44,1/1/2016
30097,0.006027859,44,1/1/2016
30007,0.011919497,44,1/1/2016
30043,0.018324241,44,1/1/2016
30081,0.0071209,44,1/1/2016
30067,0.008413485,44,1/1/2016
30039,0.008778733,44,1/1/2016
30077,0.008862603,44,1/1/2016
30035,0.009685038,44,1/1/2016
53003,0.01507618,44,1/1/2016
16037,0.0060351,44,1/1/2016
16015,0.010537135,44,1/1/2016
16083,0.009211358,44,1/1/2016
16067,0.014015507,44,1/1/2016
16053,0.025006203,44,1/1/2016
16013,0.00937005,44,1/1/2016
16063,0.013209985,44,1/1/2016
16047,0.020842961,44,1/1/2016
16003,0.00802981,44,1/1/2016
16085,0.002863043,44,1/1/2016
16025,0.005910092,44,1/1/2016
16069,0.016018806,44,1/1/2016
16057,0.023123206,44,1/1/2016
16017,0.015196359,44,1/1/2016
30061,0.011025731,44,1/1/2016
30089,0.010460829,44,1/1/2016
30053,0.008868396,44,1/1/2016
30029,0.008819901,44,1/1/2016
53051,0.013177832,44,1/1/2016
16061,0.01939191,44,1/1/2016
16009,0.020521009,44,1/1/2016
16055,0.027476921,44,1/1/2016
16035,0.004390232,44,1/1/2016
16079,0.002964233,44,1/1/2016
30063,0.014027489,44,1/1/2016
16021,0.009629563,44,1/1/2016
30047,0.016567897,44,1/1/2016
16051,0.01695262,44,1/1/2016
16065,0.01777453,44,1/1/2016
16019,0.014248503,44,1/1/2016
16005,0.020609966,44,1/1/2016
16071,0.010498098,44,1/1/2016
16041,0.019195211,44,1/1/2016
16029,0.00982913,44,1/1/2016
16007,0.017367746,44,1/1/2016
16081,0.018756334,44,1/1/2016
16043,0.009003622,44,1/1/2016
16033,0.008376154,44,1/1/2016
30031,0.012690972,44,1/1/2016
30113,,44,1/1/2016
56039,0.00881416,44,1/1/2016
16011,0.012030575,44,1/1/2016
16077,0.009818091,44,1/1/2016
30093,0.020938649,44,1/1/2016
30057,0.008802895,44,1/1/2016
30049,0.011133128,44,1/1/2016
30013,0.013495557,44,1/1/2016
30073,0.011908445,44,1/1/2016
30015,0.005940172,44,1/1/2016
30051,0.006063302,44,1/1/2016
30099,0.009667266,44,1/1/2016
30045,0.006698912,44,1/1/2016
30101,0.008776239,44,1/1/2016
30107,0.009068003,44,1/1/2016
30059,0.006919907,44,1/1/2016
30041,0.00679148,44,1/1/2016
08077,0.01347525,44,1/1/2016
08019,0.027833133,44,1/1/2016
08059,0.057953186,44,1/1/2016
08041,0.034964609,44,1/1/2016
08035,0.030188524,44,1/1/2016
08109,0.008783424,44,1/1/2016
08101,0.018079917,44,1/1/2016
08055,0.012682288,44,1/1/2016
08003,0.016270641,44,1/1/2016
08033,0.006707171,44,1/1/2016
08111,0.012816138,44,1/1/2016
08089,0.020248932,44,1/1/2016
08071,0.009535366,44,1/1/2016
08079,0.011571249,44,1/1/2016
08099,0.013256462,44,1/1/2016
08005,0.040878841,44,1/1/2016
08031,0.186472706,44,1/1/2016
08001,0.035116626,44,1/1/2016
08123,0.020788324,44,1/1/2016
20093,0.012094136,44,1/1/2016
20075,0.010649388,44,1/1/2016
56021,0.015952794,44,1/1/2016
08007,0.011222479,44,1/1/2016
08067,0.016560488,44,1/1/2016
08083,0.013968331,44,1/1/2016
39061,0.145077955,44,1/1/2016
19179,0.027118061,44,1/1/2016
19139,0.042598967,44,1/1/2016
08021,0.011847011,44,1/1/2016
19135,0.021617303,44,1/1/2016
19117,0.024902108,44,1/1/2016
19163,0.060310485,44,1/1/2016
22119,0.0363265,44,1/1/2016
19039,0.024557078,44,1/1/2016
19003,0.018380268,44,1/1/2016
28101,0.022103034,44,1/1/2016
12033,0.065049236,44,1/1/2016
13149,0.03349594,44,1/1/2016
28071,0.024382925,44,1/1/2016
19175,0.023544176,44,1/1/2016
19137,0.025143941,44,1/1/2016
13255,0.056210983,44,1/1/2016
22055,0.064249628,44,1/1/2016
22121,0.039193787,44,1/1/2016
22071,0.124063155,44,1/1/2016
22097,0.031527153,44,1/1/2016
22013,0.029585633,44,1/1/2016
22099,0.015890929,44,1/1/2016
22063,0.022817354,44,1/1/2016
22103,0.041438504,44,1/1/2016
48273,0.010637106,44,1/1/2016
22009,0.023988497,44,1/1/2016
48061,0.04081595,44,1/1/2016
22017,0.043762517,44,1/1/2016
48025,0.021023377,44,1/1/2016
08105,0.014555082,44,1/1/2016
08023,0.011094049,44,1/1/2016
08029,0.015641033,44,1/1/2016
08045,0.00776357,44,1/1/2016
08037,0.012142658,44,1/1/2016
08051,0.009501891,44,1/1/2016
08097,0.009730671,44,1/1/2016
08091,0.014799149,44,1/1/2016
08117,0.026200193,44,1/1/2016
08107,0.007634741,44,1/1/2016
08103,0.007366871,44,1/1/2016
08049,0.015051198,44,1/1/2016
08047,0.034642029,44,1/1/2016
08113,0.013242224,44,1/1/2016
08053,0.005698477,44,1/1/2016
08093,0.012914176,44,1/1/2016
08081,0.010164539,44,1/1/2016
08015,0.01561499,44,1/1/2016
08065,0.026903309,44,1/1/2016
08043,0.015497843,44,1/1/2016
08119,0.016384895,44,1/1/2016
08027,0.017700091,44,1/1/2016
08069,0.021303593,44,1/1/2016
08013,0.051724691,44,1/1/2016
08057,0.013200488,44,1/1/2016
56001,0.010609399,44,1/1/2016
48375,0.028983274,44,1/1/2016
08011,0.009320765,44,1/1/2016
48279,0.016586508,44,1/1/2016
48069,0.015678715,44,1/1/2016
48369,0.019520011,44,1/1/2016
48017,0.012012865,44,1/1/2016
08009,0.011352317,44,1/1/2016
40025,0.011836243,44,1/1/2016
48117,0.014352663,44,1/1/2016
48359,0.009653705,44,1/1/2016
48341,0.013944981,44,1/1/2016
48205,0.010666989,44,1/1/2016
48233,0.012924499,44,1/1/2016
48111,0.01336827,44,1/1/2016
19115,0.03329899,44,1/1/2016
19101,0.016497179,44,1/1/2016
19087,0.030067663,44,1/1/2016
48381,0.020833958,44,1/1/2016
48189,0.015304469,44,1/1/2016
48437,0.014965076,44,1/1/2016
48065,0.019866866,44,1/1/2016
48045,0.016244942,44,1/1/2016
48011,0.01145958,44,1/1/2016
48421,0.013842738,44,1/1/2016
48153,0.011630195,44,1/1/2016
20129,0.018053187,44,1/1/2016
20187,0.016280761,44,1/1/2016
40139,0.016764152,44,1/1/2016
20189,0.01638721,44,1/1/2016
20067,0.01551629,44,1/1/2016
48195,0.011557478,44,1/1/2016
08125,0.014552872,44,1/1/2016
08121,0.013825832,44,1/1/2016
08075,0.01740185,44,1/1/2016
20153,0.011987157,44,1/1/2016
20023,0.013744612,44,1/1/2016
08039,0.008519241,44,1/1/2016
08017,0.011956855,44,1/1/2016
08061,0.012460351,44,1/1/2016
08063,0.012031045,44,1/1/2016
31033,0.016551596,44,1/1/2016
08025,0.013634876,44,1/1/2016
08073,0.012147391,44,1/1/2016
08087,0.020133533,44,1/1/2016
31105,0.016775393,44,1/1/2016
31007,0.012173088,44,1/1/2016
20193,0.019240052,44,1/1/2016
31057,0.01133938,44,1/1/2016
56003,0.014593137,44,1/1/2016
20109,0.01681425,44,1/1/2016
20199,0.011152927,44,1/1/2016
20181,0.010387943,44,1/1/2016
31029,0.013710866,44,1/1/2016
31085,0.015064683,44,1/1/2016
31135,0.013598036,44,1/1/2016
56027,0.011530851,44,1/1/2016
56045,0.01360741,44,1/1/2016
56011,0.013455479,44,1/1/2016
30003,0.010025907,44,1/1/2016
56025,0.009100477,44,1/1/2016
56043,0.010766336,44,1/1/2016
20071,0.011814094,44,1/1/2016
20171,0.014992993,44,1/1/2016
20203,0.013184273,44,1/1/2016
08115,0.026201861,44,1/1/2016
31101,0.023428414,44,1/1/2016
31005,0.009676843,44,1/1/2016
08095,0.02300445,44,1/1/2016
31087,0.020881888,44,1/1/2016
56017,0.011086892,44,1/1/2016
30111,0.01776923,44,1/1/2016
31049,0.033364426,44,1/1/2016
31069,0.005135157,44,1/1/2016
31117,0.008750584,44,1/1/2016
30011,0.005967584,44,1/1/2016
30087,0.006929088,44,1/1/2016
30025,0.008644363,44,1/1/2016
30065,0.008662213,44,1/1/2016
30017,0.007398663,44,1/1/2016
30021,0.008903792,44,1/1/2016
30083,0.009417713,44,1/1/2016
30085,0.011064873,44,1/1/2016
30091,0.010433821,44,1/1/2016
38999,,44,1/1/2016
38001,0.01267207,44,1/1/2016
38011,0.011121693,44,1/1/2016
38037,0.008563302,44,1/1/2016
56005,0.011035894,44,1/1/2016
56033,0.013246295,44,1/1/2016
56019,0.011689637,44,1/1/2016
30075,0.005857044,44,1/1/2016
30071,0.005962241,44,1/1/2016
30105,0.006152557,44,1/1/2016
30055,0.009396263,44,1/1/2016
30033,0.004594331,44,1/1/2016
30079,0.002599974,44,1/1/2016
56009,0.012683502,44,1/1/2016
30103,0.006277041,44,1/1/2016
30069,0.003715557,44,1/1/2016
30019,0.009142027,44,1/1/2016
31013,0.016753365,44,1/1/2016
31161,0.012432365,44,1/1/2016
46103,0.019033028,44,1/1/2016
46047,0.009401176,44,1/1/2016
30109,0.007706761,44,1/1/2016
38033,0.011034466,44,1/1/2016
46113,0.012637268,44,1/1/2016
46093,0.009319463,44,1/1/2016
46055,0.010910351,44,1/1/2016
46105,0.009035878,44,1/1/2016
31165,0.009119129,44,1/1/2016
31045,0.012327205,44,1/1/2016
46033,0.01875953,44,1/1/2016
31055,0.124586664,44,1/1/2016
46081,0.028045392,44,1/1/2016
46019,0.013367164,44,1/1/2016
46063,0.008579234,44,1/1/2016
46007,0.012689321,44,1/1/2016
46071,0.017433202,44,1/1/2016
38053,0.016633086,44,1/1/2016
38105,0.017602012,44,1/1/2016
31091,0.006489262,44,1/1/2016
46137,0.007908946,44,1/1/2016
38041,0.014329856,44,1/1/2016
38089,0.01745042,44,1/1/2016
38025,0.011848742,44,1/1/2016
38061,0.015541152,44,1/1/2016
38101,0.01974182,44,1/1/2016
38013,0.018396367,44,1/1/2016
38007,0.006774744,44,1/1/2016
38023,0.014241059,44,1/1/2016
38087,0.009573579,44,1/1/2016
38057,0.019627082,44,1/1/2016
38065,0.015024526,44,1/1/2016
22073,0.039036847,44,1/1/2016
22111,0.022309388,44,1/1/2016
48057,0.028217043,44,1/1/2016
48239,0.020412773,44,1/1/2016
48039,0.033008318,44,1/1/2016
48323,0.012985589,44,1/1/2016
48479,0.012799282,44,1/1/2016
38075,0.013672039,44,1/1/2016
48463,0.015049857,44,1/1/2016
48029,0.076407953,44,1/1/2016
48481,0.021914622,44,1/1/2016
48285,0.021082645,44,1/1/2016
48177,0.028663808,44,1/1/2016
48247,0.015887165,44,1/1/2016
48131,0.018492209,44,1/1/2016
48013,0.02180942,44,1/1/2016
48427,0.018281536,44,1/1/2016
48507,0.010378337,44,1/1/2016
48127,0.011534118,44,1/1/2016
48325,0.013083987,44,1/1/2016
48163,0.0126635,44,1/1/2016
48215,0.031164945,44,1/1/2016
48047,0.015555247,44,1/1/2016
12123,0.019943682,44,1/1/2016
12065,0.035383847,44,1/1/2016
13275,0.047365369,44,1/1/2016
13071,0.038260927,44,1/1/2016
13321,0.044864206,44,1/1/2016
13081,0.049777949,44,1/1/2016
13093,0.043248793,44,1/1/2016
13193,0.043231665,44,1/1/2016
13207,0.064512891,44,1/1/2016
13225,0.076024638,44,1/1/2016
13079,0.034660671,44,1/1/2016
13035,0.053594674,44,1/1/2016
05139,0.025116207,44,1/1/2016
22113,0.019081105,44,1/1/2016
22001,0.025926431,44,1/1/2016
22079,0.044960862,44,1/1/2016
22059,0.020806825,44,1/1/2016
22039,0.027353635,44,1/1/2016
22021,0.025379798,44,1/1/2016
48167,0.083111908,44,1/1/2016
48493,0.020841893,44,1/1/2016
48157,0.036460314,44,1/1/2016
48089,0.019308653,44,1/1/2016
48015,0.022915093,44,1/1/2016
48477,0.025317554,44,1/1/2016
48041,0.047201909,44,1/1/2016
48051,0.022146491,44,1/1/2016
48395,0.016424739,44,1/1/2016
48293,0.023215606,44,1/1/2016
48161,0.024591414,44,1/1/2016
48349,0.026465179,44,1/1/2016
48139,0.039495167,44,1/1/2016
48257,0.030742782,44,1/1/2016
48397,0.053326189,44,1/1/2016
48085,0.043878172,44,1/1/2016
48505,0.013034815,44,1/1/2016
48249,0.02142349,44,1/1/2016
48261,0.005336023,44,1/1/2016
48311,0.012199685,44,1/1/2016
48283,0.010585755,44,1/1/2016
48355,0.060389007,44,1/1/2016
48409,0.030406119,44,1/1/2016
48489,0.016138392,44,1/1/2016
48255,0.022565347,44,1/1/2016
48297,0.022210797,44,1/1/2016
48469,0.024907141,44,1/1/2016
48391,0.016339808,44,1/1/2016
48175,0.015545486,44,1/1/2016
48123,0.019501482,44,1/1/2016
48007,0.028667641,44,1/1/2016
48265,0.022770158,44,1/1/2016
48019,0.011914377,44,1/1/2016
48399,0.014616272,44,1/1/2016
48353,0.014489122,44,1/1/2016
48441,0.028993288,44,1/1/2016
48059,0.019741644,44,1/1/2016
48083,0.017199753,44,1/1/2016
48049,0.021717946,44,1/1/2016
48259,0.01227342,44,1/1/2016
48031,0.014133817,44,1/1/2016
48299,0.019565833,44,1/1/2016
48309,0.033000629,44,1/1/2016
48099,0.017243686,44,1/1/2016
48411,0.009770256,44,1/1/2016
48145,0.029622799,44,1/1/2016
48333,0.020318961,44,1/1/2016
48307,0.020061308,44,1/1/2016
48095,0.011424152,44,1/1/2016
48093,0.02549956,44,1/1/2016
48133,0.032109668,44,1/1/2016
48363,0.028677699,44,1/1/2016
48503,0.024818917,44,1/1/2016
48267,0.016532311,44,1/1/2016
48171,0.01767562,44,1/1/2016
48327,0.014251306,44,1/1/2016
48385,0.014053643,44,1/1/2016
48253,0.02092658,44,1/1/2016
48429,0.014956703,44,1/1/2016
48447,0.015824133,44,1/1/2016
48319,0.015211006,44,1/1/2016
48207,0.018557227,44,1/1/2016
48417,0.018511832,44,1/1/2016
48433,0.012248122,44,1/1/2016
48151,0.015148282,44,1/1/2016
48021,0.02546608,44,1/1/2016
48453,0.058821111,44,1/1/2016
48491,0.032013595,44,1/1/2016
48287,0.018308207,44,1/1/2016
48027,0.031654538,44,1/1/2016
48187,0.034585627,44,1/1/2016
48209,0.019782792,44,1/1/2016
48091,0.038775436,44,1/1/2016
48055,0.026987954,44,1/1/2016
48281,0.019121756,44,1/1/2016
48053,0.016473357,44,1/1/2016
48331,0.019540869,44,1/1/2016
48193,0.022556286,44,1/1/2016
48143,0.023080093,44,1/1/2016
48149,0.030296015,44,1/1/2016
48221,0.019830628,44,1/1/2016
48425,0.028097496,44,1/1/2016
48367,0.0230784,44,1/1/2016
48497,0.021975751,44,1/1/2016
48237,0.024372693,44,1/1/2016
48439,0.140869016,44,1/1/2016
48035,0.018405315,44,1/1/2016
48251,0.030394032,44,1/1/2016
19061,0.037136998,44,1/1/2016
48217,0.028608795,44,1/1/2016
48201,0.104663615,44,1/1/2016
48121,0.040332066,44,1/1/2016
48113,0.146412124,44,1/1/2016
48339,0.032229921,44,1/1/2016
48199,0.023732339,44,1/1/2016
48291,0.025427466,44,1/1/2016
48185,0.025044831,44,1/1/2016
48407,0.024603852,44,1/1/2016
48225,0.020382371,44,1/1/2016
48347,0.028929198,44,1/1/2016
48419,0.029657897,44,1/1/2016
48365,0.023227497,44,1/1/2016
48203,0.038595268,44,1/1/2016
48321,0.01632344,44,1/1/2016
22043,0.037149363,44,1/1/2016
22085,0.023731561,44,1/1/2016
22069,0.026769126,44,1/1/2016
48071,0.023254916,44,1/1/2016
48245,0.045461937,44,1/1/2016
48457,0.014039639,44,1/1/2016
48289,0.021821849,44,1/1/2016
48005,0.033614583,44,1/1/2016
48403,0.03060285,44,1/1/2016
48405,0.028096953,44,1/1/2016
48315,0.024027972,44,1/1/2016
48067,0.026312179,44,1/1/2016
48471,0.026725264,44,1/1/2016
48455,0.021336121,44,1/1/2016
48473,0.01654859,44,1/1/2016
22019,0.037096167,44,1/1/2016
48313,0.027633404,44,1/1/2016
48213,0.024860134,44,1/1/2016
48467,0.024988551,44,1/1/2016
48223,0.020877346,44,1/1/2016
48119,0.015869382,44,1/1/2016
48373,0.022577799,44,1/1/2016
48423,0.046646807,44,1/1/2016
48499,0.029104218,44,1/1/2016
48001,0.029663028,44,1/1/2016
48073,0.027933131,44,1/1/2016
48231,0.032340223,44,1/1/2016
48183,0.091935046,44,1/1/2016
48459,0.034846423,44,1/1/2016
48241,0.021900659,44,1/1/2016
48401,0.031932176,44,1/1/2016
48159,0.029102216,44,1/1/2016
48379,0.02534816,44,1/1/2016
48449,0.032841224,44,1/1/2016
48361,0.060469107,44,1/1/2016
48063,0.025067069,44,1/1/2016
48343,0.041899465,44,1/1/2016
22023,0.015439303,44,1/1/2016
22011,0.022272848,44,1/1/2016
22053,0.032529102,44,1/1/2016
22115,0.028378587,44,1/1/2016
48351,0.022239571,44,1/1/2016
22003,0.021664167,44,1/1/2016
05027,0.023975563,44,1/1/2016
22081,0.040105116,44,1/1/2016
22015,0.02938936,44,1/1/2016
22061,0.04165775,44,1/1/2016
22031,0.031087929,44,1/1/2016
05073,0.015998263,44,1/1/2016
22127,0.021885911,44,1/1/2016
22049,0.029031145,44,1/1/2016
22027,0.028460468,44,1/1/2016
22101,0.026506741,44,1/1/2016
22007,0.026547106,44,1/1/2016
22109,0.019385249,44,1/1/2016
22045,0.015986037,44,1/1/2016
22077,0.022848096,44,1/1/2016
22047,0.010090776,44,1/1/2016
22095,0.052662789,44,1/1/2016
22093,0.047737966,44,1/1/2016
22033,0.06027772,44,1/1/2016
22037,0.022145943,44,1/1/2016
01097,0.040831515,44,1/1/2016
01129,0.01767708,44,1/1/2016
01025,0.013470412,44,1/1/2016
01023,0.019118109,44,1/1/2016
01063,0.027137815,44,1/1/2016
01119,0.02536188,44,1/1/2016
01107,0.024197493,44,1/1/2016
22075,0.020837843,44,1/1/2016
22057,0.025740861,44,1/1/2016
22051,0.05732432,44,1/1/2016
22117,0.028420364,44,1/1/2016
22029,0.026259469,44,1/1/2016
28147,0.041760423,44,1/1/2016
28037,0.02131766,44,1/1/2016
28077,0.020536989,44,1/1/2016
28153,0.019728243,44,1/1/2016
28067,0.03544563,44,1/1/2016
28065,0.030004219,44,1/1/2016
28001,0.017909009,44,1/1/2016
28031,0.026159367,44,1/1/2016
28085,0.033024099,44,1/1/2016
28029,0.027148943,44,1/1/2016
28121,0.044532279,44,1/1/2016
28049,0.054807647,44,1/1/2016
28089,0.038875387,44,1/1/2016
28163,0.020694855,44,1/1/2016
28051,0.03010786,44,1/1/2016
22105,0.041232047,44,1/1/2016
28157,0.01213713,44,1/1/2016
22005,0.051386993,44,1/1/2016
28113,0.038397701,44,1/1/2016
22125,0.014815386,44,1/1/2016
22089,0.033511061,44,1/1/2016
28005,0.014123482,44,1/1/2016
28063,0.027663436,44,1/1/2016
28149,0.025987007,44,1/1/2016
22025,0.02126997,44,1/1/2016
22107,0.016151104,44,1/1/2016
22091,0.015471972,44,1/1/2016
22065,0.023898097,44,1/1/2016
28021,0.020748278,44,1/1/2016
28125,0.019238538,44,1/1/2016
28151,0.03321693,44,1/1/2016
28053,0.028418334,44,1/1/2016
22035,0.023892781,44,1/1/2016
28055,0.016878599,44,1/1/2016
28047,0.053598474,44,1/1/2016
22083,0.032185718,44,1/1/2016
22041,0.024794961,44,1/1/2016
05003,0.023195935,44,1/1/2016
22067,0.018244,44,1/1/2016
22123,0.027388348,44,1/1/2016
28109,0.037231679,44,1/1/2016
28091,0.032690151,44,1/1/2016
28045,0.037647727,44,1/1/2016
28131,0.024070326,44,1/1/2016
28035,0.039433197,44,1/1/2016
28059,0.028362222,44,1/1/2016
28111,0.02876161,44,1/1/2016
22087,0.014305846,44,1/1/2016
28073,0.027455377,44,1/1/2016
28041,0.029869127,44,1/1/2016
28039,0.029802577,44,1/1/2016
28075,0.040936365,44,1/1/2016
28103,0.019839906,44,1/1/2016
01003,0.033262763,44,1/1/2016
01053,0.02799046,44,1/1/2016
01099,0.021890602,44,1/1/2016
28061,0.022812454,44,1/1/2016
28099,0.034024069,44,1/1/2016
28123,0.037083964,44,1/1/2016
28159,0.031558511,44,1/1/2016
28019,0.030640459,44,1/1/2016
28129,0.028760142,44,1/1/2016
28127,0.032846359,44,1/1/2016
28069,0.022301779,44,1/1/2016
28079,0.029844752,44,1/1/2016
28007,0.027140715,44,1/1/2016
28023,0.027064651,44,1/1/2016
12091,0.035459381,44,1/1/2016
12131,0.036266062,44,1/1/2016
01035,0.024121616,44,1/1/2016
01131,0.029972841,44,1/1/2016
01091,0.027162687,44,1/1/2016
01065,0.022176542,44,1/1/2016
01061,0.03534541,44,1/1/2016
01031,0.047289681,44,1/1/2016
01041,0.026017079,44,1/1/2016
01067,0.030401411,44,1/1/2016
01045,0.04736109,44,1/1/2016
01039,0.030066417,44,1/1/2016
01109,0.027895063,44,1/1/2016
01011,0.03025086,44,1/1/2016
01087,0.034132405,44,1/1/2016
01051,0.036431408,44,1/1/2016
01123,0.02967105,44,1/1/2016
01027,0.023097785,44,1/1/2016
12005,0.045155902,44,1/1/2016
12059,0.034424017,44,1/1/2016
13037,0.024733414,44,1/1/2016
13099,0.026985695,44,1/1/2016
13095,0.056825038,44,1/1/2016
12113,0.035996997,44,1/1/2016
01017,0.028152454,44,1/1/2016
01047,0.02472159,44,1/1/2016
01001,0.028438005,44,1/1/2016
01105,0.023829087,44,1/1/2016
01007,0.034010538,44,1/1/2016
01101,0.045025702,44,1/1/2016
01013,0.027862784,44,1/1/2016
01085,0.024818572,44,1/1/2016
01021,0.035820508,44,1/1/2016
01037,0.030879784,44,1/1/2016
01117,0.036805949,44,1/1/2016
12063,0.042968398,44,1/1/2016
12013,0.027552309,44,1/1/2016
12073,0.055592331,44,1/1/2016
12037,0.02507966,44,1/1/2016
12077,0.013467451,44,1/1/2016
12039,0.046091488,44,1/1/2016
13253,0.022515757,44,1/1/2016
12045,0.018699863,44,1/1/2016
01069,0.037537675,44,1/1/2016
12129,0.030008013,44,1/1/2016
12133,0.033350366,44,1/1/2016
13087,0.055665936,44,1/1/2016
13131,0.046500857,44,1/1/2016
13205,0.052806916,44,1/1/2016
13007,0.023984551,44,1/1/2016
01005,0.028532328,44,1/1/2016
13201,0.021941939,44,1/1/2016
13061,0.033787702,44,1/1/2016
13215,0.079308589,44,1/1/2016
13145,0.064963124,44,1/1/2016
01081,0.038686361,44,1/1/2016
13053,0.019811671,44,1/1/2016
01113,0.032905525,44,1/1/2016
13239,0.039442989,44,1/1/2016
13259,0.022550999,44,1/1/2016
13197,0.0446972,44,1/1/2016
13269,0.053792573,44,1/1/2016
13077,0.055165988,44,1/1/2016
13285,0.058521013,44,1/1/2016
01111,0.028963007,44,1/1/2016
13171,0.049500956,44,1/1/2016
13293,0.037251961,44,1/1/2016
13243,0.017973477,44,1/1/2016
13307,0.036494832,44,1/1/2016
13261,0.057880865,44,1/1/2016
13273,0.032907523,44,1/1/2016
13177,0.041882252,44,1/1/2016
13199,0.049396855,44,1/1/2016
13263,0.051831216,44,1/1/2016
13249,0.041564512,44,1/1/2016
13231,0.049176871,44,1/1/2016
13113,0.063552895,44,1/1/2016
12087,0.021843183,44,1/1/2016
12127,0.067117774,44,1/1/2016
12083,0.036729956,44,1/1/2016
12075,0.027901471,44,1/1/2016
12021,0.022828074,44,1/1/2016
12071,0.050599796,44,1/1/2016
12115,0.044300517,44,1/1/2016
12015,0.035605027,44,1/1/2016
12103,0.093407087,44,1/1/2016
12081,0.044805525,44,1/1/2016
12057,0.073326185,44,1/1/2016
12101,0.048403796,44,1/1/2016
12035,0.034551023,44,1/1/2016
12029,0.017598893,44,1/1/2016
45019,0.040703536,44,1/1/2016
45015,0.027563232,44,1/1/2016
12111,0.06513211,44,1/1/2016
12093,0.025866763,44,1/1/2016
12027,0.02063393,44,1/1/2016
12085,0.056207463,44,1/1/2016
12055,0.022314173,44,1/1/2016
12049,0.022959491,44,1/1/2016
12105,0.039802453,44,1/1/2016
12069,0.048670884,44,1/1/2016
12017,0.040328764,44,1/1/2016
12053,0.06302134,44,1/1/2016
12119,0.048155762,44,1/1/2016
12086,0.041720989,44,1/1/2016
12043,0.024397222,44,1/1/2016
12051,0.013502612,44,1/1/2016
12011,0.051862897,44,1/1/2016
12099,0.038663534,44,1/1/2016
12095,0.065683138,44,1/1/2016
12097,0.038864321,44,1/1/2016
12061,0.053323335,44,1/1/2016
12009,0.059837861,44,1/1/2016
12117,0.071696553,44,1/1/2016
13101,0.030108162,44,1/1/2016
13185,0.057004212,44,1/1/2016
13277,0.057180918,44,1/1/2016
12047,0.037732608,44,1/1/2016
12041,0.028338118,44,1/1/2016
12001,0.049806669,44,1/1/2016
12023,0.044895321,44,1/1/2016
12107,0.033868702,44,1/1/2016
12019,0.037329794,44,1/1/2016
12031,0.081187009,44,1/1/2016
12089,0.027911979,44,1/1/2016
13039,0.032054969,44,1/1/2016
13025,0.035025084,44,1/1/2016
13191,0.031707523,44,1/1/2016
13305,0.024268174,44,1/1/2016
13069,0.028149668,44,1/1/2016
13229,0.02984982,44,1/1/2016
13005,0.025110639,44,1/1/2016
12003,0.031607977,44,1/1/2016
12079,0.034714089,44,1/1/2016
13065,0.019819368,44,1/1/2016
13003,0.028085648,44,1/1/2016
13019,0.035276147,44,1/1/2016
12121,0.030277142,44,1/1/2016
13183,0.024135638,44,1/1/2016
13109,0.048074366,44,1/1/2016
13031,0.047577768,44,1/1/2016
13251,0.034681713,44,1/1/2016
13033,0.041328434,44,1/1/2016
13049,0.021319773,44,1/1/2016
12067,0.02144579,44,1/1/2016
13075,0.050352128,44,1/1/2016
13027,0.037228312,44,1/1/2016
13173,0.046314244,44,1/1/2016
12007,0.053865672,44,1/1/2016
12125,0.031515423,44,1/1/2016
13155,0.026768102,44,1/1/2016
13287,0.041288359,44,1/1/2016
13153,0.074883438,44,1/1/2016
13235,0.063972882,44,1/1/2016
13021,0.090574813,44,1/1/2016
13299,0.019353284,44,1/1/2016
13017,0.030862994,44,1/1/2016
13271,0.050279687,44,1/1/2016
13175,0.051624087,44,1/1/2016
13309,0.033755619,44,1/1/2016
13023,0.048654957,44,1/1/2016
13107,0.054215265,44,1/1/2016
13283,0.071074521,44,1/1/2016
13043,0.053745597,44,1/1/2016
13289,0.046964046,44,1/1/2016
13303,0.038039712,44,1/1/2016
13167,0.044643162,44,1/1/2016
13141,0.025694465,44,1/1/2016
13315,0.032059096,44,1/1/2016
13091,0.048017315,44,1/1/2016
13319,0.044601241,44,1/1/2016
13169,0.035555279,44,1/1/2016
13009,0.055567246,44,1/1/2016
13237,0.037005112,44,1/1/2016
13279,0.05082983,44,1/1/2016
13161,0.022979316,44,1/1/2016
13001,0.034557677,44,1/1/2016
13209,0.048183276,44,1/1/2016
13245,0.078797107,44,1/1/2016
12109,0.054265263,44,1/1/2016
13159,0.03997417,44,1/1/2016
13165,0.037613869,44,1/1/2016
13163,0.053066013,44,1/1/2016
13267,0.04733832,44,1/1/2016
13125,0.041778846,44,1/1/2016
13127,0.055314001,44,1/1/2016
45053,0.037313253,44,1/1/2016
13103,0.030082583,44,1/1/2016
13051,0.072542165,44,1/1/2016
13029,0.033262906,44,1/1/2016
45005,0.027678136,44,1/1/2016
45013,0.031703165,44,1/1/2016
45029,0.034440408,44,1/1/2016
13179,0.03937942,44,1/1/2016
45087,0.036982861,44,1/1/2016
45011,0.030874083,44,1/1/2016
45049,0.034040591,44,1/1/2016
45009,0.04630165,44,1/1/2016
45035,0.04641008,44,1/1/2016
13139,0.072396956,44,1/1/2016
13187,0.044477654,44,1/1/2016
13291,0.043572066,44,1/1/2016
37043,0.022625529,44,1/1/2016
37039,0.022327641,44,1/1/2016
37075,0.031360641,44,1/1/2016
37173,0.028070031,44,1/1/2016
39015,0.044846321,44,1/1/2016
39027,0.039371458,44,1/1/2016
48101,0.011418639,44,1/1/2016
48075,0.020313694,44,1/1/2016
40057,0.021303677,44,1/1/2016
26129,0.024437637,44,1/1/2016
26001,0.019759301,44,1/1/2016
26141,0.024835169,44,1/1/2016
39057,0.05594482,44,1/1/2016
55095,0.025917803,44,1/1/2016
55013,0.020874074,44,1/1/2016
55109,0.047345402,44,1/1/2016
55093,0.04178988,44,1/1/2016
55091,0.032281591,44,1/1/2016
20019,0.015111909,44,1/1/2016
40009,0.036971924,44,1/1/2016
40129,0.010386676,44,1/1/2016
48485,0.046931207,44,1/1/2016
48487,0.018162512,44,1/1/2016
40075,0.018203551,44,1/1/2016
40031,0.024039978,44,1/1/2016
13297,0.046886503,44,1/1/2016
13135,0.089869408,44,1/1/2016
21235,0.038939927,44,1/1/2016
21121,0.012572385,44,1/1/2016
21125,0.037917465,44,1/1/2016
21051,0.028518734,44,1/1/2016
21109,0.023516351,44,1/1/2016
21197,0.024606325,44,1/1/2016
21173,0.044005677,44,1/1/2016
21161,0.059769522,44,1/1/2016
21011,0.025828767,44,1/1/2016
21069,0.026052005,44,1/1/2016
26091,0.034639281,44,1/1/2016
26161,0.04511978,44,1/1/2016
26093,0.037952476,44,1/1/2016
26049,0.072734288,44,1/1/2016
26145,0.049978054,44,1/1/2016
26017,0.045755752,44,1/1/2016
26011,0.037670593,44,1/1/2016
26119,0.018053927,44,1/1/2016
39023,0.05696762,44,1/1/2016
39021,0.025362947,44,1/1/2016
39091,0.018153827,44,1/1/2016
39003,0.056586164,44,1/1/2016
39137,0.02138514,44,1/1/2016
39069,0.02535073,44,1/1/2016
39051,0.046170758,44,1/1/2016
47009,0.0335427,44,1/1/2016
47093,0.062594273,44,1/1/2016
47173,0.012503191,44,1/1/2016
47025,0.023100082,44,1/1/2016
05025,0.02408262,44,1/1/2016
05053,0.017916284,44,1/1/2016
05125,0.026861771,44,1/1/2016
05119,0.062180549,44,1/1/2016
05045,0.029002214,44,1/1/2016
05137,0.030383769,44,1/1/2016
05005,0.025313092,44,1/1/2016
05141,0.014672599,44,1/1/2016
17015,0.036900971,44,1/1/2016
17031,0.164069582,44,1/1/2016
17089,0.074519216,44,1/1/2016
17043,0.138827326,44,1/1/2016
17037,0.034537043,44,1/1/2016
17141,0.041335842,44,1/1/2016
19051,0.016227057,44,1/1/2016
19107,0.033819919,44,1/1/2016
19095,0.028801787,44,1/1/2016
19113,0.042703619,44,1/1/2016
19015,0.025932872,44,1/1/2016
19171,0.024588642,44,1/1/2016
19045,0.030233199,44,1/1/2016
19169,0.034969318,44,1/1/2016
19127,0.036196422,44,1/1/2016
19031,0.024979408,44,1/1/2016
19011,0.03004741,44,1/1/2016
19133,0.025250708,44,1/1/2016
19073,0.022007,44,1/1/2016
19047,0.023976844,44,1/1/2016
19027,0.02135717,44,1/1/2016
19013,0.056771101,44,1/1/2016
19017,0.036346266,44,1/1/2016
19037,0.024290215,44,1/1/2016
19089,0.017740123,44,1/1/2016
19043,0.036922401,44,1/1/2016
26027,0.044131459,44,1/1/2016
26021,0.072391579,44,1/1/2016
26023,0.026801188,44,1/1/2016
26149,0.037634108,44,1/1/2016
26059,0.027721861,44,1/1/2016
27137,0.019626117,44,1/1/2016
27157,0.034144766,44,1/1/2016
27109,0.04637535,44,1/1/2016
27045,0.032084456,44,1/1/2016
29153,0.016570601,44,1/1/2016
29229,0.030747512,44,1/1/2016
29067,0.022692046,44,1/1/2016
29105,0.026953373,44,1/1/2016
29169,0.026290211,44,1/1/2016
29131,0.030230345,44,1/1/2016
29051,0.021562546,44,1/1/2016
29019,0.025641041,44,1/1/2016
29007,0.020091937,44,1/1/2016
29205,0.015495159,44,1/1/2016
29137,0.020143191,44,1/1/2016
29103,0.017118754,44,1/1/2016
29199,0.016553449,44,1/1/2016
31039,0.024556685,44,1/1/2016
31183,0.014104136,44,1/1/2016
31003,0.020204668,44,1/1/2016
31119,0.022111967,44,1/1/2016
31021,0.026826972,44,1/1/2016
31167,0.015510517,44,1/1/2016
31071,0.015036129,44,1/1/2016
31009,0.012414588,44,1/1/2016
31115,0.015771647,44,1/1/2016
20049,0.013923272,44,1/1/2016
20073,0.015961436,44,1/1/2016
20001,0.026207834,44,1/1/2016
20057,0.023756747,44,1/1/2016
20173,0.048226224,44,1/1/2016
20151,0.019198475,44,1/1/2016
20011,0.035743869,44,1/1/2016
20015,0.023471689,44,1/1/2016
20155,0.024886419,44,1/1/2016
20207,0.020055996,44,1/1/2016
20017,0.019114857,44,1/1/2016
20197,0.022449519,44,1/1/2016
20161,0.036691203,44,1/1/2016
20149,0.026453014,44,1/1/2016
20117,0.024104688,44,1/1/2016
20047,0.018385244,44,1/1/2016
20127,0.023515762,44,1/1/2016
29059,0.026941646,44,1/1/2016
29217,0.012324083,44,1/1/2016
29039,0.020575394,44,1/1/2016
29167,0.015437113,44,1/1/2016
31067,0.026040099,44,1/1/2016
31109,0.040451457,44,1/1/2016
31155,0.019312832,44,1/1/2016
31053,0.029288406,44,1/1/2016
40013,0.020372855,44,1/1/2016
40069,0.024037675,44,1/1/2016
40029,0.013169079,44,1/1/2016
40123,0.027739871,44,1/1/2016
40133,0.031294192,44,1/1/2016
40107,0.018690296,44,1/1/2016
40037,0.036812886,44,1/1/2016
40117,0.031683482,44,1/1/2016
40113,0.012630607,44,1/1/2016
20007,0.013185575,44,1/1/2016
40033,0.025946425,44,1/1/2016
40015,0.01913526,44,1/1/2016
40081,0.033122998,44,1/1/2016
40039,0.020964986,44,1/1/2016
40109,0.089649813,44,1/1/2016
40011,0.021142965,44,1/1/2016
40017,0.029328418,44,1/1/2016
40093,0.020793721,44,1/1/2016
40151,0.015601407,44,1/1/2016
48211,0.015017283,44,1/1/2016
40065,0.020499463,44,1/1/2016
40055,0.01882088,44,1/1/2016
48155,0.012736455,44,1/1/2016
48197,0.012504793,44,1/1/2016
48087,0.01113217,44,1/1/2016
48483,0.016543134,44,1/1/2016
40141,0.019986912,44,1/1/2016
40149,0.012839054,44,1/1/2016
40137,0.023142436,44,1/1/2016
40051,0.023306986,44,1/1/2016
20025,0.017925495,44,1/1/2016
40045,0.014710863,44,1/1/2016
40059,0.021111178,44,1/1/2016
48295,0.015580549,44,1/1/2016
20119,0.016103997,44,1/1/2016
40153,0.014570566,44,1/1/2016
40085,0.031554321,44,1/1/2016
40019,0.035760948,44,1/1/2016
40067,0.019666104,44,1/1/2016
40043,0.018728297,44,1/1/2016
20033,0.011593478,44,1/1/2016
20097,0.013545597,44,1/1/2016
40099,0.033360586,44,1/1/2016
40049,0.031747148,44,1/1/2016
40087,0.032322362,44,1/1/2016
40027,0.031738002,44,1/1/2016
40095,0.03317723,44,1/1/2016
40125,0.030092937,44,1/1/2016
40073,0.016296352,44,1/1/2016
40083,0.027038309,44,1/1/2016
40053,0.017440169,44,1/1/2016
40047,0.017833218,44,1/1/2016
40003,0.012501538,44,1/1/2016
40119,0.035612464,44,1/1/2016
40103,0.035586471,44,1/1/2016
40071,0.025849685,44,1/1/2016
20191,0.028117545,44,1/1/2016
20077,0.017341735,44,1/1/2016
20095,0.020271528,44,1/1/2016
20035,0.022639084,44,1/1/2016
20083,0.011801137,44,1/1/2016
20145,0.022783368,44,1/1/2016
20165,0.020156453,44,1/1/2016
20051,0.012718099,44,1/1/2016
20185,0.014062578,44,1/1/2016
20009,0.021991619,44,1/1/2016
20163,0.017600342,44,1/1/2016
20147,0.019655592,44,1/1/2016
31047,0.027689005,44,1/1/2016
20195,0.015448104,44,1/1/2016
20065,0.012070443,44,1/1/2016
20137,0.020849604,44,1/1/2016
20167,0.018349527,44,1/1/2016
20157,0.020794794,44,1/1/2016
20183,0.020099506,44,1/1/2016
20089,0.020819255,44,1/1/2016
20201,0.021942221,44,1/1/2016
20141,0.015882612,44,1/1/2016
31001,0.022074073,44,1/1/2016
31181,0.021748969,44,1/1/2016
31079,0.038852027,44,1/1/2016
31093,0.022155535,44,1/1/2016
31077,0.01843016,44,1/1/2016
20135,0.015762872,44,1/1/2016
31137,0.017246933,44,1/1/2016
31019,0.028673049,44,1/1/2016
31041,0.016197922,44,1/1/2016
20113,0.024445085,44,1/1/2016
20053,0.029319735,44,1/1/2016
20169,0.029062074,44,1/1/2016
20123,0.019472089,44,1/1/2016
31083,0.025582371,44,1/1/2016
31073,0.018842721,44,1/1/2016
31065,0.021158801,44,1/1/2016
31061,0.020077075,44,1/1/2016
31099,0.024483604,44,1/1/2016
31163,0.019552105,44,1/1/2016
31175,0.022648073,44,1/1/2016
20079,0.02637984,44,1/1/2016
20041,0.021488064,44,1/1/2016
20143,0.016028811,44,1/1/2016
20029,0.023809927,44,1/1/2016
20159,0.015018608,44,1/1/2016
20115,0.020739559,44,1/1/2016
31169,0.027247501,44,1/1/2016
31059,0.020331839,44,1/1/2016
40091,0.033195359,44,1/1/2016
40005,0.015130099,44,1/1/2016
40023,0.016836615,44,1/1/2016
31121,0.034924366,44,1/1/2016
40063,0.020460657,44,1/1/2016
20105,0.020892736,44,1/1/2016
20027,0.017404443,44,1/1/2016
20061,0.047241166,44,1/1/2016
31185,0.020273354,44,1/1/2016
31159,0.024058641,44,1/1/2016
31081,0.025374905,44,1/1/2016
31143,0.019588553,44,1/1/2016
31141,0.020108899,44,1/1/2016
31129,0.023717209,44,1/1/2016
31035,0.020412829,44,1/1/2016
31125,0.022518424,44,1/1/2016
31010,,44,1/1/2016
31011,0.015661241,44,1/1/2016
31095,0.028347317,44,1/1/2016
31151,0.026797413,44,1/1/2016
19153,0.080435188,44,1/1/2016
31023,0.021998602,44,1/1/2016
31037,0.023310869,44,1/1/2016
05133,0.026527918,44,1/1/2016
05113,0.020300003,44,1/1/2016
05127,0.01796947,44,1/1/2016
05131,0.043632983,44,1/1/2016
05033,0.034927368,44,1/1/2016
05115,0.020866215,44,1/1/2016
05047,0.025910667,44,1/1/2016
05071,0.020691555,44,1/1/2016
05143,0.038208542,44,1/1/2016
05007,0.039048329,44,1/1/2016
29145,0.03531992,44,1/1/2016
29119,0.015859755,44,1/1/2016
29097,0.036933259,44,1/1/2016
29011,0.021068214,44,1/1/2016
40111,0.025461823,44,1/1/2016
40101,0.040627302,44,1/1/2016
40001,0.021924923,44,1/1/2016
40021,0.020654392,44,1/1/2016
40127,0.015015075,44,1/1/2016
40079,0.022127876,44,1/1/2016
40121,0.021562615,44,1/1/2016
40077,0.01538461,44,1/1/2016
40061,0.021803537,44,1/1/2016
40089,0.017709048,44,1/1/2016
40135,0.029032302,44,1/1/2016
40143,0.091455562,44,1/1/2016
40131,0.032235344,44,1/1/2016
20099,0.02752485,44,1/1/2016
20133,0.028070566,44,1/1/2016
40145,0.030063666,44,1/1/2016
40097,0.02550278,44,1/1/2016
40035,0.0199621,44,1/1/2016
40105,0.01509394,44,1/1/2016
40147,0.024004911,44,1/1/2016
40115,0.035385179,44,1/1/2016
40060,,44,1/1/2016
20125,0.036490093,44,1/1/2016
20205,0.035256703,44,1/1/2016
40041,0.020111167,44,1/1/2016
05097,0.024281348,44,1/1/2016
05109,0.02813754,44,1/1/2016
05019,0.027807451,44,1/1/2016
20021,0.029886133,44,1/1/2016
20037,0.039673703,44,1/1/2016
05061,0.02955585,44,1/1/2016
05051,0.028256405,44,1/1/2016
05149,0.026868712,44,1/1/2016
05083,0.021519672,44,1/1/2016
05059,0.030550476,44,1/1/2016
05039,0.021295625,44,1/1/2016
05105,0.022659796,44,1/1/2016
05029,0.028797237,44,1/1/2016
05087,0.02408185,44,1/1/2016
05015,0.031922179,44,1/1/2016
29209,0.030764504,44,1/1/2016
29109,0.029581385,44,1/1/2016
29043,0.027922605,44,1/1/2016
05101,0.018178406,44,1/1/2016
29213,0.025574181,44,1/1/2016
29009,0.032893141,44,1/1/2016
29077,0.045484615,44,1/1/2016
19155,0.04173962,44,1/1/2016
29057,0.017433698,44,1/1/2016
05962,,44,1/1/2016
05009,0.012361688,44,1/1/2016
05089,0.017332055,44,1/1/2016
20045,0.041859059,44,1/1/2016
20087,0.037643432,44,1/1/2016
29225,0.016220037,44,1/1/2016
20059,0.030974037,44,1/1/2016
20091,0.065686912,44,1/1/2016
20139,0.033152852,44,1/1/2016
05129,0.01750388,44,1/1/2016
20111,0.027205916,44,1/1/2016
19159,0.022102361,44,1/1/2016
19001,0.021552014,44,1/1/2016
19077,0.026906492,44,1/1/2016
20013,0.026554052,44,1/1/2016
20131,0.023177142,44,1/1/2016
20043,0.033904221,44,1/1/2016
29013,0.01304016,44,1/1/2016
29037,0.021151599,44,1/1/2016
29095,0.098138511,44,1/1/2016
29047,0.065112577,44,1/1/2016
29049,0.028465678,44,1/1/2016
29063,0.02687975,44,1/1/2016
29061,0.030627264,44,1/1/2016
29003,0.026776395,44,1/1/2016
29115,0.020875199,44,1/1/2016
29121,0.012305541,44,1/1/2016
29117,0.01481133,44,1/1/2016
29075,0.015681287,44,1/1/2016
20003,0.024901494,44,1/1/2016
20005,0.037216452,44,1/1/2016
20031,0.024672046,44,1/1/2016
20177,0.059838414,44,1/1/2016
20085,0.019452459,44,1/1/2016
20121,0.029225202,44,1/1/2016
20107,0.027104573,44,1/1/2016
29165,0.047460302,44,1/1/2016
20103,0.043463408,44,1/1/2016
29021,0.047195188,44,1/1/2016
20209,0.12987881,44,1/1/2016
29005,0.026957144,44,1/1/2016
31127,0.020386248,44,1/1/2016
31147,0.029779258,44,1/1/2016
31177,0.03060498,44,1/1/2016
31153,0.064963844,44,1/1/2016
31025,0.045171283,44,1/1/2016
19071,0.042537303,44,1/1/2016
19145,0.023625681,44,1/1/2016
19173,0.022792544,44,1/1/2016
19165,0.023554593,44,1/1/2016
29087,0.030321684,44,1/1/2016
31097,0.024579964,44,1/1/2016
31131,0.021158735,44,1/1/2016
31133,0.031057155,44,1/1/2016
19085,0.030409382,44,1/1/2016
19009,0.0176086,44,1/1/2016
19029,0.041835305,44,1/1/2016
19129,0.037879892,44,1/1/2016
29147,0.016816495,44,1/1/2016
29185,0.019966245,44,1/1/2016
29083,0.022023316,44,1/1/2016
29195,0.020111836,44,1/1/2016
29175,0.023325996,44,1/1/2016
29227,0.008267946,44,1/1/2016
29085,0.017837393,44,1/1/2016
29015,0.021569396,44,1/1/2016
29159,0.01570687,44,1/1/2016
29053,0.018247428,44,1/1/2016
29101,0.015280607,44,1/1/2016
29033,0.015133574,44,1/1/2016
29177,0.016979734,44,1/1/2016
29107,0.027957958,44,1/1/2016
29041,0.012840501,44,1/1/2016
19121,0.014654067,44,1/1/2016
29025,0.016111479,44,1/1/2016
29029,0.025030046,44,1/1/2016
19181,0.033834023,44,1/1/2016
29089,0.020660069,44,1/1/2016
29081,0.023075505,44,1/1/2016
19049,0.037666365,44,1/1/2016
29141,0.018051181,44,1/1/2016
29135,0.017286961,44,1/1/2016
19053,0.023973429,44,1/1/2016
19185,0.024486589,44,1/1/2016
19125,0.033736276,44,1/1/2016
19099,0.041022335,44,1/1/2016
19007,0.023180874,44,1/1/2016
29211,0.013930885,44,1/1/2016
29171,0.016097609,44,1/1/2016
29129,0.017340682,44,1/1/2016
29079,0.017598321,44,1/1/2016
29001,0.019877934,44,1/1/2016
29197,0.019668949,44,1/1/2016
46107,0.015769047,44,1/1/2016
46045,0.012096244,44,1/1/2016
46049,0.018881209,44,1/1/2016
19157,0.037814272,44,1/1/2016
19123,0.028999606,44,1/1/2016
46003,0.012678988,44,1/1/2016
38051,0.017261758,44,1/1/2016
46069,0.01498011,44,1/1/2016
46067,0.025075139,44,1/1/2016
46009,0.024972197,44,1/1/2016
31027,0.030222434,44,1/1/2016
31051,0.030475008,44,1/1/2016
46027,0.020315185,44,1/1/2016
31139,0.021227109,44,1/1/2016
31179,0.023048456,44,1/1/2016
46127,0.035500873,44,1/1/2016
19149,0.025725825,44,1/1/2016
31043,0.040869914,44,1/1/2016
31089,0.012383123,44,1/1/2016
31015,0.022528299,44,1/1/2016
46097,0.016959589,44,1/1/2016
46087,0.020423002,44,1/1/2016
46083,0.0351144,44,1/1/2016
46099,0.043613265,44,1/1/2016
46125,0.025015125,44,1/1/2016
46013,0.017199915,44,1/1/2016
19193,0.027052664,44,1/1/2016
19167,0.026597182,44,1/1/2016
19119,0.022703201,44,1/1/2016
27111,0.026476288,44,1/1/2016
27167,0.028096474,44,1/1/2016
27027,0.031088641,44,1/1/2016
27119,0.026327589,44,1/1/2016
27095,0.035744132,44,1/1/2016
27155,0.022645378,44,1/1/2016
27107,0.026480338,44,1/1/2016
27011,0.026643994,44,1/1/2016
27153,0.021540736,44,1/1/2016
27097,0.023243997,44,1/1/2016
27065,0.028759376,44,1/1/2016
27069,0.019996296,44,1/1/2016
27113,0.030911756,44,1/1/2016
27089,0.020194233,44,1/1/2016
27115,0.018085536,44,1/1/2016
31173,0.029546169,44,1/1/2016
38029,0.017852412,44,1/1/2016
38081,0.017880122,44,1/1/2016
38077,0.025784032,44,1/1/2016
38021,0.017472474,44,1/1/2016
46101,0.02643765,44,1/1/2016
46039,0.029582072,44,1/1/2016
46011,0.028362327,44,1/1/2016
46051,0.022905596,44,1/1/2016
46053,0.017928654,44,1/1/2016
46023,0.019245767,44,1/1/2016
46043,0.02228868,44,1/1/2016
46111,0.013141613,44,1/1/2016
46079,0.016618439,44,1/1/2016
46073,0.014448241,44,1/1/2016
46085,0.014359001,44,1/1/2016
46017,0.022926967,44,1/1/2016
46115,0.019687968,44,1/1/2016
46005,0.013928407,44,1/1/2016
31149,0.013480789,44,1/1/2016
31103,0.020145747,44,1/1/2016
46123,0.013861087,44,1/1/2016
31017,0.009920938,44,1/1/2016
46015,0.018707844,44,1/1/2016
46089,0.011686404,44,1/1/2016
46065,0.018772075,44,1/1/2016
46119,0.004120031,44,1/1/2016
46021,0.013400658,44,1/1/2016
46129,0.020384356,44,1/1/2016
46035,0.018633939,44,1/1/2016
46057,0.024218957,44,1/1/2016
46029,0.028432426,44,1/1/2016
46025,0.019105282,44,1/1/2016
46059,0.009073169,44,1/1/2016
31107,0.015943053,44,1/1/2016
46135,0.022486619,44,1/1/2016
46061,0.017385955,44,1/1/2016
46109,0.027841213,44,1/1/2016
38093,0.016710562,44,1/1/2016
38005,0.018343175,44,1/1/2016
46077,0.011724488,44,1/1/2016
46037,0.014048861,44,1/1/2016
46091,0.01820952,44,1/1/2016
38047,0.019967681,44,1/1/2016
38035,0.027008265,44,1/1/2016
38043,0.01323682,44,1/1/2016
38103,0.019877763,44,1/1/2016
38063,0.021629292,44,1/1/2016
38091,0.016404368,44,1/1/2016
38017,0.029260296,44,1/1/2016
38045,0.018232997,44,1/1/2016
38071,0.020281457,44,1/1/2016
38031,0.01870953,44,1/1/2016
38027,0.019830108,44,1/1/2016
38019,0.017143585,44,1/1/2016
38099,0.022899654,44,1/1/2016
38069,0.015711153,44,1/1/2016
38079,0.025866377,44,1/1/2016
38095,0.017864916,44,1/1/2016
38073,0.011211811,44,1/1/2016
38003,0.021764084,44,1/1/2016
38039,0.019100479,44,1/1/2016
38097,0.021287781,44,1/1/2016
19035,0.021238268,44,1/1/2016
38067,0.027840032,44,1/1/2016
19141,0.024046579,44,1/1/2016
19143,0.024633274,44,1/1/2016
19021,0.028557276,44,1/1/2016
19091,0.016266708,44,1/1/2016
19187,0.026268968,44,1/1/2016
19109,0.023593991,44,1/1/2016
27085,0.037875291,44,1/1/2016
27015,0.023381385,44,1/1/2016
27147,0.031872119,44,1/1/2016
27165,0.032498342,44,1/1/2016
27039,0.028443705,44,1/1/2016
27033,0.021550243,44,1/1/2016
27091,0.025057271,44,1/1/2016
27145,0.034127001,44,1/1/2016
27101,0.021019022,44,1/1/2016
27013,0.035169283,44,1/1/2016
27161,0.036557621,44,1/1/2016
27117,0.027041264,44,1/1/2016
27103,0.038886991,44,1/1/2016
27143,0.025438532,44,1/1/2016
27093,0.030897021,44,1/1/2016
19093,0.024001889,44,1/1/2016
19147,0.014203264,44,1/1/2016
19041,0.018587727,44,1/1/2016
27063,0.028917077,44,1/1/2016
27105,0.021551545,44,1/1/2016
19161,0.027818467,44,1/1/2016
19025,0.023545115,44,1/1/2016
19063,0.024655895,44,1/1/2016
27133,0.023076597,44,1/1/2016
19151,0.024719867,44,1/1/2016
19059,0.02584663,44,1/1/2016
27023,0.032258001,44,1/1/2016
27127,0.023839642,44,1/1/2016
27173,0.031917304,44,1/1/2016
27129,0.021290312,44,1/1/2016
27083,0.033195653,44,1/1/2016
27121,0.021991204,44,1/1/2016
27041,0.026351461,44,1/1/2016
19197,0.024379552,44,1/1/2016
19079,0.043517166,44,1/1/2016
19023,0.023563145,44,1/1/2016
19075,0.027747523,44,1/1/2016
27151,0.026523295,44,1/1/2016
27073,0.026669125,44,1/1/2016
27149,0.022520709,44,1/1/2016
27067,0.031928215,44,1/1/2016
27051,0.033948908,44,1/1/2016
27081,0.024842196,44,1/1/2016
19081,0.025300773,44,1/1/2016
19083,0.030603448,44,1/1/2016
19069,0.024764447,44,1/1/2016
19067,0.028433099,44,1/1/2016
19033,0.031452345,44,1/1/2016
19195,0.032971536,44,1/1/2016
27047,0.030476072,44,1/1/2016
19189,0.01943514,44,1/1/2016
27043,0.0280137,44,1/1/2016
27139,0.113432264,44,1/1/2016
27053,0.111663541,44,1/1/2016
27099,0.028402311,44,1/1/2016
27171,0.051900813,44,1/1/2016
27019,0.089299744,44,1/1/2016
27123,0.093940669,44,1/1/2016
27037,0.082241154,44,1/1/2016
27163,0.106302169,44,1/1/2016
19131,0.022881837,44,1/1/2016
27131,0.03305878,44,1/1/2016
27003,0.076066052,44,1/1/2016
27059,0.029529965,44,1/1/2016
27999,,44,1/1/2016
27079,0.027178716,44,1/1/2016
27141,0.030776685,44,1/1/2016
27009,0.040591011,44,1/1/2016
27049,0.038232822,44,1/1/2016
27021,0.02302176,44,1/1/2016
27007,0.01519542,44,1/1/2016
27057,0.027858654,44,1/1/2016
27025,0.033605656,44,1/1/2016
27029,0.014459579,44,1/1/2016
27087,0.020996352,44,1/1/2016
27005,0.017458742,44,1/1/2016
27071,0.014345052,44,1/1/2016
27061,0.021453006,44,1/1/2016
27035,0.030544279,44,1/1/2016
29187,0.021924055,44,1/1/2016
29221,0.022342886,44,1/1/2016
29065,0.020677279,44,1/1/2016
29157,0.02468975,44,1/1/2016
29055,0.022243654,44,1/1/2016
29161,0.022118218,44,1/1/2016
47071,0.030003259,44,1/1/2016
47039,0.035952554,44,1/1/2016
05069,0.038914274,44,1/1/2016
27125,0.028559975,44,1/1/2016
27159,0.018246408,44,1/1/2016
27135,0.012802503,44,1/1/2016
27077,0.007018531,44,1/1/2016
27001,0.023967862,44,1/1/2016
27017,0.0275066,44,1/1/2016
55031,0.020828156,44,1/1/2016
05041,0.020396723,44,1/1/2016
05079,0.021699184,44,1/1/2016
17077,0.032321485,44,1/1/2016
17165,0.038999756,44,1/1/2016
17199,0.030644337,44,1/1/2016
17059,0.026191401,44,1/1/2016
17193,0.031749247,44,1/1/2016
17047,0.026033018,44,1/1/2016
01093,0.034635488,44,1/1/2016
01059,0.015818421,44,1/1/2016
01033,0.033071589,44,1/1/2016
17159,0.02306441,44,1/1/2016
17079,0.019297425,44,1/1/2016
17029,0.034791104,44,1/1/2016
17035,0.03929827,44,1/1/2016
17041,0.040774057,44,1/1/2016
17019,0.041226819,44,1/1/2016
17075,0.034214183,44,1/1/2016
17053,0.040552302,44,1/1/2016
17091,0.032622863,44,1/1/2016
17197,0.068582092,44,1/1/2016
21221,0.014463633,44,1/1/2016
21143,0.034224384,44,1/1/2016
21055,0.013804567,44,1/1/2016
21225,0.026639062,44,1/1/2016
21167,0.027029692,44,1/1/2016
21059,0.051489641,44,1/1/2016
21151,0.047862048,44,1/1/2016
21079,0.034603383,44,1/1/2016
21027,0.016015623,44,1/1/2016
21229,0.026072772,44,1/1/2016
21093,0.034473007,44,1/1/2016
21101,0.035189847,44,1/1/2016
21179,0.040078054,44,1/1/2016
47005,0.021087528,44,1/1/2016
47079,0.020976834,44,1/1/2016
05035,0.034450308,44,1/1/2016
05093,0.032740909,44,1/1/2016
05111,0.033989777,44,1/1/2016
05063,0.028893828,44,1/1/2016
05067,0.029817868,44,1/1/2016
05023,0.027793945,44,1/1/2016
05021,0.02388428,44,1/1/2016
29069,0.031246323,44,1/1/2016
28135,0.024960479,44,1/1/2016
28119,0.018883982,44,1/1/2016
28107,0.035568465,44,1/1/2016
28137,0.028964625,44,1/1/2016
28033,0.050518157,44,1/1/2016
29207,0.019592279,44,1/1/2016
29017,0.025285285,44,1/1/2016
29123,0.015493764,44,1/1/2016
47113,0.034490133,44,1/1/2016
47077,0.025474936,44,1/1/2016
47097,0.015643975,44,1/1/2016
47075,0.032173797,44,1/1/2016
05001,0.021881944,44,1/1/2016
05095,0.024810981,44,1/1/2016
05085,0.034429404,44,1/1/2016
05117,0.028286243,44,1/1/2016
05107,0.011972058,44,1/1/2016
05147,0.022683044,44,1/1/2016
28143,0.022763418,44,1/1/2016
05077,0.018782643,44,1/1/2016
05145,0.027995507,44,1/1/2016
05944,,44,1/1/2016
05335,,44,1/1/2016
28027,0.030724614,44,1/1/2016
05123,0.032904645,44,1/1/2016
05037,0.023577853,44,1/1/2016
05075,0.034922995,44,1/1/2016
29149,0.017586685,44,1/1/2016
29181,0.014581497,44,1/1/2016
29091,0.023841211,44,1/1/2016
29023,0.018722126,44,1/1/2016
29203,0.017264967,44,1/1/2016
05049,0.021201381,44,1/1/2016
05135,0.018543039,44,1/1/2016
05065,0.023547054,44,1/1/2016
29215,0.027742081,44,1/1/2016
05031,0.035186127,44,1/1/2016
05121,0.014436107,44,1/1/2016
05055,0.026232201,44,1/1/2016
29179,0.019952032,44,1/1/2016
29093,0.027767921,44,1/1/2016
28043,0.038512013,44,1/1/2016
28161,0.041378613,44,1/1/2016
05454,,44,1/1/2016
29223,0.017419149,44,1/1/2016
29035,0.016263249,44,1/1/2016
28009,0.030046551,44,1/1/2016
28017,0.040620998,44,1/1/2016
28115,0.031401139,44,1/1/2016
28145,0.03020261,44,1/1/2016
28141,0.033400843,44,1/1/2016
28117,0.03686814,44,1/1/2016
28139,0.02732841,44,1/1/2016
47069,0.028254485,44,1/1/2016
28013,0.028075192,44,1/1/2016
28081,0.056881871,44,1/1/2016
47157,0.083934774,44,1/1/2016
28093,0.022991695,44,1/1/2016
47047,0.02830993,44,1/1/2016
47167,0.023337704,44,1/1/2016
28003,0.028910711,44,1/1/2016
47109,0.028997943,44,1/1/2016
29155,0.026646529,44,1/1/2016
29143,0.025588604,44,1/1/2016
47095,0.032775015,44,1/1/2016
28095,0.032393106,44,1/1/2016
28057,0.036036483,44,1/1/2016
47045,0.029175893,44,1/1/2016
47033,0.021096321,44,1/1/2016
29201,0.033171567,44,1/1/2016
29133,0.021336958,44,1/1/2016
47023,0.02356437,44,1/1/2016
17181,0.029975418,44,1/1/2016
21075,0.037707492,44,1/1/2016
21035,0.017752651,44,1/1/2016
21083,0.029793975,44,1/1/2016
21105,0.044086863,44,1/1/2016
17153,0.049003092,44,1/1/2016
21007,0.031546829,44,1/1/2016
47053,0.030871354,44,1/1/2016
47131,0.032670994,44,1/1/2016
17003,0.032157728,44,1/1/2016
29031,0.030885423,44,1/1/2016
47183,0.023264373,44,1/1/2016
47017,0.028300368,44,1/1/2016
21145,0.052746592,44,1/1/2016
17127,0.034849948,44,1/1/2016
17087,0.042965892,44,1/1/2016
29027,0.021205734,44,1/1/2016
29151,0.011622866,44,1/1/2016
29073,0.024526878,44,1/1/2016
29139,0.025392931,44,1/1/2016
29183,0.039511109,44,1/1/2016
29189,0.131877876,44,1/1/2016
17151,0.021628044,44,1/1/2016
21139,0.018564703,44,1/1/2016
21039,0.04844695,44,1/1/2016
21157,0.060338355,44,1/1/2016
17163,0.06171965,44,1/1/2016
17119,0.076336966,44,1/1/2016
17083,0.032513479,44,1/1/2016
17137,0.038982965,44,1/1/2016
29163,0.023697661,44,1/1/2016
29173,0.019246069,44,1/1/2016
29125,0.028112218,44,1/1/2016
17069,0.032435914,44,1/1/2016
17133,0.023487254,44,1/1/2016
17061,0.022962181,44,1/1/2016
17001,0.02923375,44,1/1/2016
17167,0.045310144,44,1/1/2016
17115,0.044661418,44,1/1/2016
17147,0.043379372,44,1/1/2016
17009,0.026511432,44,1/1/2016
17017,0.026441687,44,1/1/2016
17057,0.037856519,44,1/1/2016
17095,0.033884347,44,1/1/2016
17073,0.04745951,44,1/1/2016
17161,0.056165809,44,1/1/2016
17195,0.036089777,44,1/1/2016
29186,0.024792397,44,1/1/2016
29510,0.386212339,44,1/1/2016
29127,0.025292344,44,1/1/2016
17149,0.036483031,44,1/1/2016
29071,0.031192654,44,1/1/2016
29219,0.019364711,44,1/1/2016
29099,0.045999291,44,1/1/2016
17067,0.028517538,44,1/1/2016
19111,0.047157286,44,1/1/2016
29113,0.022350265,44,1/1/2016
17171,0.036452282,44,1/1/2016
17131,0.01992478,44,1/1/2016
17013,0.022079805,44,1/1/2016
19103,0.037570509,44,1/1/2016
17187,0.029626589,44,1/1/2016
17071,0.038555644,44,1/1/2016
19057,0.023607644,44,1/1/2016
19177,0.025181915,44,1/1/2016
29045,0.021382236,44,1/1/2016
29111,0.019090163,44,1/1/2016
19183,0.035032647,44,1/1/2016
17169,0.034198896,44,1/1/2016
17109,0.027916675,44,1/1/2016
17055,0.04396763,44,1/1/2016
17145,0.036908865,44,1/1/2016
17005,0.035060145,44,1/1/2016
17135,0.024384755,44,1/1/2016
17117,0.028679116,44,1/1/2016
17051,0.028721403,44,1/1/2016
17081,0.032361204,44,1/1/2016
17121,0.026294162,44,1/1/2016
17025,0.021723843,44,1/1/2016
17021,0.023445835,44,1/1/2016
17157,0.030825453,44,1/1/2016
17189,0.031554983,44,1/1/2016
17027,0.034829425,44,1/1/2016
17191,0.02029159,44,1/1/2016
17049,0.049182274,44,1/1/2016
17065,0.021332192,44,1/1/2016
17105,0.03450988,44,1/1/2016
17099,0.045934825,44,1/1/2016
17103,0.040546166,44,1/1/2016
17039,0.038848681,44,1/1/2016
17143,0.053169319,44,1/1/2016
17107,0.036202148,44,1/1/2016
17179,0.036441881,44,1/1/2016
17173,0.020247099,44,1/1/2016
17139,0.033931672,44,1/1/2016
17113,0.037900018,44,1/1/2016
17203,0.038815182,44,1/1/2016
17123,0.039908415,44,1/1/2016
17125,0.022677536,44,1/1/2016
17129,0.02105337,44,1/1/2016
17011,0.040927122,44,1/1/2016
17175,0.025174952,44,1/1/2016
17155,0.041036732,44,1/1/2016
17063,0.033695702,44,1/1/2016
01077,0.028733936,44,1/1/2016
47135,0.023547375,44,1/1/2016
47181,0.023471588,44,1/1/2016
01083,0.029585442,44,1/1/2016
17093,0.043168755,44,1/1/2016
01055,0.049328621,44,1/1/2016
01015,0.044276589,44,1/1/2016
01049,0.047489258,44,1/1/2016
01071,0.031021973,44,1/1/2016
21009,0.04487648,44,1/1/2016
47121,0.044932925,44,1/1/2016
47119,0.044995826,44,1/1/2016
47051,0.030530164,44,1/1/2016
47031,0.038706763,44,1/1/2016
47105,0.06154331,44,1/1/2016
47177,0.038186091,44,1/1/2016
47123,0.023598066,44,1/1/2016
47149,0.043907778,44,1/1/2016
47143,0.036522049,44,1/1/2016
47007,0.019019762,44,1/1/2016
47003,0.027837087,44,1/1/2016
47081,0.027571129,44,1/1/2016
47117,0.0392359,44,1/1/2016
47175,0.029082397,44,1/1/2016
47015,0.027164874,44,1/1/2016
47041,0.029563493,44,1/1/2016
47159,0.047418018,44,1/1/2016
47111,0.027114295,44,1/1/2016
01127,0.025191685,44,1/1/2016
01043,0.037572316,44,1/1/2016
01103,0.03916751,44,1/1/2016
01089,0.022248241,44,1/1/2016
01079,0.030215762,44,1/1/2016
47055,0.031562403,44,1/1/2016
01133,0.019813051,44,1/1/2016
01009,0.03861845,44,1/1/2016
01095,0.037754407,44,1/1/2016
47099,0.017773467,44,1/1/2016
47101,0.039362732,44,1/1/2016
47189,0.036198301,44,1/1/2016
21213,0.021999511,44,1/1/2016
21227,0.041358838,44,1/1/2016
21047,0.036081801,44,1/1/2016
47103,0.025098416,44,1/1/2016
47127,0.022730144,44,1/1/2016
21219,0.015816745,44,1/1/2016
21003,0.013070136,44,1/1/2016
21141,0.027417769,44,1/1/2016
21177,0.03100304,44,1/1/2016
47037,0.096626821,44,1/1/2016
47021,0.037593049,44,1/1/2016
47147,0.036454128,44,1/1/2016
47085,0.022275488,44,1/1/2016
47043,0.043285062,44,1/1/2016
47083,0.027146763,44,1/1/2016
47125,0.041088289,44,1/1/2016
21107,0.046574544,44,1/1/2016
21233,0.030435634,44,1/1/2016
47161,0.016707127,44,1/1/2016
47187,0.047575013,44,1/1/2016
21033,0.018883227,44,1/1/2016
47165,0.048110587,44,1/1/2016
21149,0.020058806,44,1/1/2016
13313,0.055612639,44,1/1/2016
13123,0.03506939,44,1/1/2016
47011,0.040361483,44,1/1/2016
21183,0.031202943,44,1/1/2016
21085,0.039653759,44,1/1/2016
13295,0.064793809,44,1/1/2016
13129,0.06677652,44,1/1/2016
47169,0.039681333,44,1/1/2016
21031,0.023917481,44,1/1/2016
21061,0.028725735,44,1/1/2016
13223,0.05362879,44,1/1/2016
13015,0.057560218,44,1/1/2016
01019,0.030257692,44,1/1/2016
13143,0.053748288,44,1/1/2016
13083,0.086661103,44,1/1/2016
47065,0.068876283,44,1/1/2016
47115,0.042801999,44,1/1/2016
47061,0.034987453,44,1/1/2016
47153,0.034259687,44,1/1/2016
13097,0.075833639,44,1/1/2016
13213,0.050240515,44,1/1/2016
13233,0.04823395,44,1/1/2016
13055,0.039457898,44,1/1/2016
13115,0.042653044,44,1/1/2016
13047,0.061448519,44,1/1/2016
13067,0.071820824,44,1/1/2016
13089,0.088019616,44,1/1/2016
13057,0.052037841,44,1/1/2016
13117,0.058108672,44,1/1/2016
13227,0.047831996,44,1/1/2016
13247,0.042455929,44,1/1/2016
21087,0.02461925,44,1/1/2016
21217,0.023672033,44,1/1/2016
21099,0.026348888,44,1/1/2016
21045,0.010670223,44,1/1/2016
21171,0.006242413,44,1/1/2016
21169,0.029079533,44,1/1/2016
47001,0.035633752,44,1/1/2016
47013,0.028725049,44,1/1/2016
18039,0.068557924,44,1/1/2016
18097,0.14362433,44,1/1/2016
21163,0.020344531,44,1/1/2016
39113,0.0913321,44,1/1/2016
39135,0.035254951,44,1/1/2016
13085,0.043592914,44,1/1/2016
47035,0.030926873,44,1/1/2016
47141,0.052344006,44,1/1/2016
47185,0.02387985,44,1/1/2016
47049,0.024110447,44,1/1/2016
47133,0.035001457,44,1/1/2016
47027,0.030257504,44,1/1/2016
47151,0.013890433,44,1/1/2016
47129,0.021072592,44,1/1/2016
47145,0.053016126,44,1/1/2016
47139,0.02852577,44,1/1/2016
47107,0.037665006,44,1/1/2016
13111,0.031899297,44,1/1/2016
21147,0.02297829,44,1/1/2016
21053,0.027883506,44,1/1/2016
21057,0.019035174,44,1/1/2016
21231,0.0139541,44,1/1/2016
21207,0.03341058,44,1/1/2016
21021,0.049816105,44,1/1/2016
47087,0.041420336,44,1/1/2016
47137,0.021558542,44,1/1/2016
21001,0.02657949,44,1/1/2016
21123,0.035475064,44,1/1/2016
21155,0.013111704,44,1/1/2016
21199,0.02906204,44,1/1/2016
18147,0.033545232,44,1/1/2016
18173,0.034752545,44,1/1/2016
18037,0.028320654,44,1/1/2016
18027,0.020637644,44,1/1/2016
18055,0.028853974,44,1/1/2016
18071,0.032251189,44,1/1/2016
18083,0.02988895,44,1/1/2016
18051,0.023244515,44,1/1/2016
21203,0.036640807,44,1/1/2016
21137,0.026686526,44,1/1/2016
17185,0.027677398,44,1/1/2016
18163,0.059300354,44,1/1/2016
17045,0.029251541,44,1/1/2016
18061,0.024645083,44,1/1/2016
18043,0.050860283,44,1/1/2016
18019,0.051073867,44,1/1/2016
18175,0.026093876,44,1/1/2016
18005,0.044144818,44,1/1/2016
18081,0.054593407,44,1/1/2016
18177,0.049459332,44,1/1/2016
18121,0.025031435,44,1/1/2016
18065,0.043552167,44,1/1/2016
18133,0.028901149,44,1/1/2016
18063,0.041560288,44,1/1/2016
18165,0.036996889,44,1/1/2016
18059,0.039840712,44,1/1/2016
18057,0.037922731,44,1/1/2016
18159,0.0205638,44,1/1/2016
18067,0.03235686,44,1/1/2016
18103,0.034318352,44,1/1/2016
18049,0.029393906,44,1/1/2016
18085,0.01945672,44,1/1/2016
17101,0.026285308,44,1/1/2016
18093,0.027687737,44,1/1/2016
18101,0.023479263,44,1/1/2016
18021,0.037027531,44,1/1/2016
18129,0.030794822,44,1/1/2016
18125,0.01959117,44,1/1/2016
17033,0.020049218,44,1/1/2016
18153,0.017692153,44,1/1/2016
18167,0.054039173,44,1/1/2016
17023,0.023543109,44,1/1/2016
18123,0.028542458,44,1/1/2016
18117,0.031421559,44,1/1/2016
18105,0.030818223,44,1/1/2016
18119,0.020415306,44,1/1/2016
18109,0.033511629,44,1/1/2016
18025,0.033673394,44,1/1/2016
21091,0.015650039,44,1/1/2016
18013,0.023222325,44,1/1/2016
18181,0.027015877,44,1/1/2016
18073,0.033544143,44,1/1/2016
18017,0.034613648,44,1/1/2016
18111,0.029537151,44,1/1/2016
18127,0.05842015,44,1/1/2016
17183,0.028985456,44,1/1/2016
18045,0.027177598,44,1/1/2016
18107,0.031270472,44,1/1/2016
18157,0.058206405,44,1/1/2016
18171,0.026579747,44,1/1/2016
18007,0.015867746,44,1/1/2016
18089,0.080893779,44,1/1/2016
18141,0.059581442,44,1/1/2016
18023,0.039407366,44,1/1/2016
18011,0.040001678,44,1/1/2016
18015,0.031942927,44,1/1/2016
18091,0.056428888,44,1/1/2016
18131,0.023276398,44,1/1/2016
18149,0.020785249,44,1/1/2016
18099,0.029203504,44,1/1/2016
21111,0.125409339,44,1/1/2016
18143,0.045437391,44,1/1/2016
18077,0.045419667,44,1/1/2016
18155,0.034947061,44,1/1/2016
18115,0.031989382,44,1/1/2016
18029,0.038459812,44,1/1/2016
18047,0.024890219,44,1/1/2016
18161,0.02853767,44,1/1/2016
21005,0.046806693,44,1/1/2016
21073,0.06243822,44,1/1/2016
21187,0.029311558,44,1/1/2016
21077,0.067336998,44,1/1/2016
21023,0.050543038,44,1/1/2016
21117,0.046311367,44,1/1/2016
21191,0.027516171,44,1/1/2016
39025,0.063140862,44,1/1/2016
21185,0.053431372,44,1/1/2016
21211,0.033955012,44,1/1/2016
21215,0.019346345,44,1/1/2016
21029,0.025825157,44,1/1/2016
21223,0.038041392,44,1/1/2016
21103,0.025914069,44,1/1/2016
21041,0.047950482,44,1/1/2016
18079,0.026670371,44,1/1/2016
18031,0.032983537,44,1/1/2016
18145,0.03718734,44,1/1/2016
18137,0.028081903,44,1/1/2016
18139,0.025022919,44,1/1/2016
18041,0.021685024,44,1/1/2016
21209,0.065161782,44,1/1/2016
21181,0.020461122,44,1/1/2016
21239,0.044468715,44,1/1/2016
21067,0.080153548,44,1/1/2016
21201,0.027022826,44,1/1/2016
21017,0.033815153,44,1/1/2016
21097,0.022331916,44,1/1/2016
21113,0.034027253,44,1/1/2016
21015,0.035604517,44,1/1/2016
21049,0.041890979,44,1/1/2016
21037,0.094663119,44,1/1/2016
21081,0.032903799,44,1/1/2016
39017,0.06244624,44,1/1/2016
39165,0.059677942,44,1/1/2016
18033,0.038503713,44,1/1/2016
18151,0.043299513,44,1/1/2016
18069,0.047696801,44,1/1/2016
39161,0.036529533,44,1/1/2016
18035,0.057955624,44,1/1/2016
18095,0.05857061,44,1/1/2016
18075,0.031578966,44,1/1/2016
18053,0.039208533,44,1/1/2016
18135,0.033261527,44,1/1/2016
18001,0.02368897,44,1/1/2016
18179,0.020348699,44,1/1/2016
18169,0.027744908,44,1/1/2016
18003,0.059516702,44,1/1/2016
18183,0.028447798,44,1/1/2016
18113,0.031487538,44,1/1/2016
18009,0.025598882,44,1/1/2016
18087,0.027528244,44,1/1/2016
39037,0.021833893,44,1/1/2016
39107,0.025952938,44,1/1/2016
39109,0.039394659,44,1/1/2016
39149,0.008576258,44,1/1/2016
39011,0.021156279,44,1/1/2016
39039,0.032244588,44,1/1/2016
39171,0.048319088,44,1/1/2016
39125,0.020701136,44,1/1/2016
19065,0.029962416,44,1/1/2016
55133,0.096944882,44,1/1/2016
55015,0.047382276,44,1/1/2016
55075,0.02011145,44,1/1/2016
55113,0.021007157,44,1/1/2016
55059,0.075681336,44,1/1/2016
55129,0.026642499,44,1/1/2016
55101,0.097827476,44,1/1/2016
55083,0.025601019,44,1/1/2016
55131,0.066492064,44,1/1/2016
19005,0.027740476,44,1/1/2016
19055,0.034429215,44,1/1/2016
55063,0.043053585,44,1/1/2016
19019,0.031146017,44,1/1/2016
17097,0.112306833,44,1/1/2016
26043,0.017161,44,1/1/2016
26153,0.017359131,44,1/1/2016
26097,0.024135512,44,1/1/2016
26071,0.013369451,44,1/1/2016
26033,0.021439942,44,1/1/2016
26041,0.019833536,44,1/1/2016
26103,0.015466671,44,1/1/2016
26083,0.016229707,44,1/1/2016
55037,0.0174209,44,1/1/2016
55009,0.06612394,44,1/1/2016
55051,0.02106383,44,1/1/2016
55125,0.02893709,44,1/1/2016
55003,0.018829732,44,1/1/2016
55117,0.057678939,44,1/1/2016
17085,0.023439912,44,1/1/2016
19097,0.029836398,44,1/1/2016
27169,0.032036053,44,1/1/2016
55065,0.038417484,44,1/1/2016
55057,0.040915006,44,1/1/2016
55119,0.017616901,44,1/1/2016
55049,0.037594775,44,1/1/2016
55137,0.034519468,44,1/1/2016
55111,0.038025553,44,1/1/2016
55073,0.028645805,44,1/1/2016
55141,0.038454744,44,1/1/2016
55139,0.075364549,44,1/1/2016
55099,0.019532216,44,1/1/2016
55081,0.0429988,44,1/1/2016
55001,0.022428074,44,1/1/2016
55121,0.037791609,44,1/1/2016
19105,0.030900031,44,1/1/2016
55043,0.03721263,44,1/1/2016
55123,0.038784396,44,1/1/2016
55033,0.031238367,44,1/1/2016
55005,0.02804937,44,1/1/2016
55035,0.043748323,44,1/1/2016
55017,0.032030593,44,1/1/2016
55107,0.018918338,44,1/1/2016
27055,0.03129031,44,1/1/2016
19191,0.02423651,44,1/1/2016
55045,0.036993775,44,1/1/2016
17177,0.026271209,44,1/1/2016
17201,0.059927431,44,1/1/2016
55011,0.026202868,44,1/1/2016
55019,0.020217549,44,1/1/2016
55103,0.041723601,44,1/1/2016
55023,0.041329337,44,1/1/2016
55053,0.027944676,44,1/1/2016
55105,0.060346911,44,1/1/2016
17007,0.037843214,44,1/1/2016
55021,0.050141467,44,1/1/2016
55025,0.067944612,44,1/1/2016
55055,0.055042169,44,1/1/2016
55047,0.033844442,44,1/1/2016
17111,0.058073782,44,1/1/2016
55127,0.065870259,44,1/1/2016
55077,0.031095433,44,1/1/2016
55027,0.044188763,44,1/1/2016
55039,0.046160414,44,1/1/2016
55097,0.033656682,44,1/1/2016
26159,0.034854401,44,1/1/2016
26005,0.02847447,44,1/1/2016
26139,0.046181755,44,1/1/2016
55999,,44,1/1/2016
55085,0.023903497,44,1/1/2016
55067,0.026876186,44,1/1/2016
55115,0.032459696,44,1/1/2016
55135,0.041692838,44,1/1/2016
55078,0.01866445,44,1/1/2016
55087,0.052337672,44,1/1/2016
26131,0.018273302,44,1/1/2016
27031,0.017523956,44,1/1/2016
26061,0.019316934,44,1/1/2016
26013,0.013804124,44,1/1/2016
55069,0.028031966,44,1/1/2016
55041,0.023816475,44,1/1/2016
26053,0.016918544,44,1/1/2016
27075,0.014920614,44,1/1/2016
55007,0.016929202,44,1/1/2016
26121,0.03323447,44,1/1/2016
26051,0.026128959,44,1/1/2016
26123,0.024369047,44,1/1/2016
26089,0.044919077,44,1/1/2016
26085,0.013990715,44,1/1/2016
26133,0.032000835,44,1/1/2016
26035,0.029128239,44,1/1/2016
26105,0.020542763,44,1/1/2016
26101,0.026630464,44,1/1/2016
26019,0.034828836,44,1/1/2016
55071,0.052471262,44,1/1/2016
55079,0.22980109,44,1/1/2016
55089,0.060126644,44,1/1/2016
26081,0.071579862,44,1/1/2016
26025,0.049026113,44,1/1/2016
26045,0.050060423,44,1/1/2016
26127,0.031503505,44,1/1/2016
55061,0.029037032,44,1/1/2016
55029,0.038171482,44,1/1/2016
26077,0.051219334,44,1/1/2016
26137,0.030215098,44,1/1/2016
26109,0.017737951,44,1/1/2016
26067,0.028180399,44,1/1/2016
26155,0.028695046,44,1/1/2016
26037,0.029772194,44,1/1/2016
26117,0.030683777,44,1/1/2016
26073,0.018641806,44,1/1/2016
26015,0.036089826,44,1/1/2016
26107,0.033010725,44,1/1/2016
26065,0.054718836,44,1/1/2016
26075,0.039491873,44,1/1/2016
26057,0.023918896,44,1/1/2016
26079,0.02133691,44,1/1/2016
26009,0.041616817,44,1/1/2016
26055,0.035227384,44,1/1/2016
26111,0.026053789,44,1/1/2016
26113,0.016770389,44,1/1/2016
26029,0.032315782,44,1/1/2016
26047,0.017462845,44,1/1/2016
26165,0.038005809,44,1/1/2016
26143,0.039065362,44,1/1/2016
26135,0.017246561,44,1/1/2016
26039,0.030196553,44,1/1/2016
42089,0.056049638,44,1/1/2016
42127,0.030510457,44,1/1/2016
42069,0.070888585,44,1/1/2016
42015,0.029179519,44,1/1/2016
42115,0.035917336,44,1/1/2016
51017,0.022764604,44,1/1/2016
51091,0.021988327,44,1/1/2016
54081,0.045234277,44,1/1/2016
54059,0.037077163,44,1/1/2016
54089,0.038651785,44,1/1/2016
54109,0.042913993,44,1/1/2016
54025,0.03012926,44,1/1/2016
13157,0.056588012,44,1/1/2016
13011,0.025863575,44,1/1/2016
13219,0.061532513,44,1/1/2016
13059,0.082204735,44,1/1/2016
26003,0.018336346,44,1/1/2016
13311,0.057154831,44,1/1/2016
13119,0.073921902,44,1/1/2016
45073,0.045336424,44,1/1/2016
45007,0.053632075,44,1/1/2016
13221,0.028437164,44,1/1/2016
37099,0.039977988,44,1/1/2016
25005,0.079897054,44,1/1/2016
25001,0.087447588,44,1/1/2016
25023,0.055044604,44,1/1/2016
26115,0.052599779,44,1/1/2016
26031,0.031592138,44,1/1/2016
26095,0.011326344,44,1/1/2016
09003,0.115269559,44,1/1/2016
09005,0.052303098,44,1/1/2016
09015,0.055871472,44,1/1/2016
09013,0.081127527,44,1/1/2016
10001,0.042147154,44,1/1/2016
10005,0.046526386,44,1/1/2016
10003,0.109047386,44,1/1/2016
24047,0.036419561,44,1/1/2016
24045,0.038758383,44,1/1/2016
34033,0.042696547,44,1/1/2016
36027,0.075945525,44,1/1/2016
36025,0.037966224,44,1/1/2016
36111,0.05077147,44,1/1/2016
36105,0.040407196,44,1/1/2016
36007,0.065124488,44,1/1/2016
36017,0.040933872,44,1/1/2016
36053,0.046304489,44,1/1/2016
36065,0.058815732,44,1/1/2016
36089,0.027936163,44,1/1/2016
36049,0.019851319,44,1/1/2016
36045,0.05423304,44,1/1/2016
37055,0.057730931,44,1/1/2016
39007,0.050756152,44,1/1/2016
42045,0.155345401,44,1/1/2016
42029,0.076286461,44,1/1/2016
42091,0.142644609,44,1/1/2016
42077,0.093726005,44,1/1/2016
42095,0.091351107,44,1/1/2016
42083,0.032957962,44,1/1/2016
42049,0.075592118,44,1/1/2016
42123,0.031019792,44,1/1/2016
42105,0.018829533,44,1/1/2016
42117,0.024941724,44,1/1/2016
44007,0.136457064,44,1/1/2016
51001,0.017253031,44,1/1/2016
21237,0.048264327,44,1/1/2016
21153,0.020711435,44,1/1/2016
21175,0.028494233,44,1/1/2016
21115,0.028149185,44,1/1/2016
37153,0.035730594,44,1/1/2016
37125,0.035351071,44,1/1/2016
37151,0.041804853,44,1/1/2016
37081,0.065900501,44,1/1/2016
37157,0.050052093,44,1/1/2016
42051,0.046819347,44,1/1/2016
42129,0.066574352,44,1/1/2016
42019,0.056993046,44,1/1/2016
42031,0.050957812,44,1/1/2016
42121,0.040724959,44,1/1/2016
42039,0.049260312,44,1/1/2016
42005,0.041173812,44,1/1/2016
45041,0.041208571,44,1/1/2016
45069,0.03658508,44,1/1/2016
51089,0.035320599,44,1/1/2016
51067,0.022223519,44,1/1/2016
51019,0.03749435,44,1/1/2016
51023,0.032377382,44,1/1/2016
51005,0.026867217,44,1/1/2016
51085,0.031685604,44,1/1/2016
51103,0.037608167,44,1/1/2016
51075,0.053340852,44,1/1/2016
51009,0.039315789,44,1/1/2016
51125,0.030016055,44,1/1/2016
51163,0.041993272,44,1/1/2016
51065,0.028496053,44,1/1/2016
51101,0.026936652,44,1/1/2016
51097,0.026239026,44,1/1/2016
51029,0.023899631,44,1/1/2016
51119,0.04330172,44,1/1/2016
51133,0.031983412,44,1/1/2016
54045,0.037390679,44,1/1/2016
54075,0.022960483,44,1/1/2016
54093,0.021834608,44,1/1/2016
54077,0.035738687,44,1/1/2016
37161,0.036083171,44,1/1/2016
37035,0.062655709,44,1/1/2016
37023,0.040284949,44,1/1/2016
37111,0.042218105,44,1/1/2016
37159,0.035073101,44,1/1/2016
37021,0.052786243,44,1/1/2016
37087,0.041123757,44,1/1/2016
37097,0.047393177,44,1/1/2016
37057,0.041462989,44,1/1/2016
37011,0.054985745,44,1/1/2016
37189,0.048384683,44,1/1/2016
45037,0.028270231,44,1/1/2016
45081,0.039168334,44,1/1/2016
45071,0.043696675,44,1/1/2016
45059,0.042924703,44,1/1/2016
45083,0.069572045,44,1/1/2016
45021,0.053756394,44,1/1/2016
47091,0.024856809,44,1/1/2016
47155,0.027320961,44,1/1/2016
51191,0.027870656,44,1/1/2016
51185,0.027768532,44,1/1/2016
54047,0.028731799,44,1/1/2016
13317,0.035125847,44,1/1/2016
13105,0.040644556,44,1/1/2016
13147,0.0482025,44,1/1/2016
13137,0.070483589,44,1/1/2016
13257,0.051976821,44,1/1/2016
37175,0.034981429,44,1/1/2016
45045,0.057196973,44,1/1/2016
45077,0.046880929,44,1/1/2016
13195,0.049653882,44,1/1/2016
13013,0.106590427,44,1/1/2016
45065,0.032983247,44,1/1/2016
45001,0.039766173,44,1/1/2016
13181,0.057141299,44,1/1/2016
13241,0.023147753,44,1/1/2016
37113,0.025153784,44,1/1/2016
13281,0.034721387,44,1/1/2016
45047,0.04420155,44,1/1/2016
37089,0.046413421,44,1/1/2016
37149,0.044874004,44,1/1/2016
21013,0.020625721,44,1/1/2016
21133,0.042302974,44,1/1/2016
21071,0.034544905,44,1/1/2016
37115,0.043310673,44,1/1/2016
47059,0.035016057,44,1/1/2016
47073,0.028192349,44,1/1/2016
51105,0.036493329,44,1/1/2016
51169,0.019992879,44,1/1/2016
47089,0.060733667,44,1/1/2016
47063,0.063559578,44,1/1/2016
47057,0.033239281,44,1/1/2016
47067,0.027397938,44,1/1/2016
47163,0.058292428,44,1/1/2016
47179,0.047676104,44,1/1/2016
37121,0.01502793,44,1/1/2016
37199,0.026014955,44,1/1/2016
51720,0.236104411,44,1/1/2016
51195,0.032720388,44,1/1/2016
45079,0.060718951,44,1/1/2016
45039,0.037950572,44,1/1/2016
45063,0.050806603,44,1/1/2016
47019,0.027257263,44,1/1/2016
51520,0.24702392,44,1/1/2016
21195,0.039805693,44,1/1/2016
47029,0.035006708,44,1/1/2016
21095,0.022436505,44,1/1/2016
21131,0.028103735,44,1/1/2016
21193,0.025410062,44,1/1/2016
21119,0.019192642,44,1/1/2016
21025,0.015190664,44,1/1/2016
21189,0.030407163,44,1/1/2016
21129,0.018117476,44,1/1/2016
47171,0.032353238,44,1/1/2016
51167,0.031487469,44,1/1/2016
51051,0.044465893,44,1/1/2016
51027,0.022766316,44,1/1/2016
37179,0.024187052,44,1/1/2016
37119,0.122173463,44,1/1/2016
37025,0.048082527,44,1/1/2016
45055,0.034905549,44,1/1/2016
45057,0.040608389,44,1/1/2016
45025,0.026930391,44,1/1/2016
45023,0.046582327,44,1/1/2016
37045,0.04470341,44,1/1/2016
37071,0.085736083,44,1/1/2016
37109,0.042867653,44,1/1/2016
45091,0.055753466,44,1/1/2016
45085,0.039988624,44,1/1/2016
45061,0.039911261,44,1/1/2016
45031,0.032222632,44,1/1/2016
37197,0.030895558,44,1/1/2016
37171,0.035722806,44,1/1/2016
37167,0.025605805,44,1/1/2016
51035,0.039564411,44,1/1/2016
37027,0.028514066,44,1/1/2016
37003,0.034208957,44,1/1/2016
37007,0.018653023,44,1/1/2016
37193,0.023417365,44,1/1/2016
51077,0.029784002,44,1/1/2016
37009,0.02234988,44,1/1/2016
51173,0.027918116,44,1/1/2016
37005,0.042430015,44,1/1/2016
37123,0.028100202,44,1/1/2016
51690,0.138153169,44,1/1/2016
51141,0.030374054,44,1/1/2016
51155,0.027140339,44,1/1/2016
51071,0.023581155,44,1/1/2016
54063,0.023163977,44,1/1/2016
51640,0.158871494,44,1/1/2016
51197,0.034297813,44,1/1/2016
51021,0.029434718,44,1/1/2016
54055,0.056329063,44,1/1/2016
21089,0.020304337,44,1/1/2016
39145,0.032021234,44,1/1/2016
37067,0.059592835,44,1/1/2016
37059,0.044842878,44,1/1/2016
37169,0.01378027,44,1/1/2016
51121,0.039382467,44,1/1/2016
51775,0.167330607,44,1/1/2016
51770,0.17129501,44,1/1/2016
51161,0.062080331,44,1/1/2016
21205,0.035239543,44,1/1/2016
51063,0.036237588,44,1/1/2016
51045,0.014387121,44,1/1/2016
51750,0.158530443,44,1/1/2016
39071,0.030594362,44,1/1/2016
39009,0.038836722,44,1/1/2016
39167,0.044735666,44,1/1/2016
39115,0.022389293,44,1/1/2016
39121,0.016480669,44,1/1/2016
39119,0.035003283,44,1/1/2016
39111,0.036456153,44,1/1/2016
39045,0.036875096,44,1/1/2016
39127,0.031752893,44,1/1/2016
39049,0.110800139,44,1/1/2016
39031,0.017468444,44,1/1/2016
39075,0.031036778,44,1/1/2016
39169,0.044721865,44,1/1/2016
39103,0.054329843,44,1/1/2016
39035,0.164163476,44,1/1/2016
42059,0.033003723,44,1/1/2016
54005,0.03395077,44,1/1/2016
54043,0.032409566,44,1/1/2016
54039,0.041924951,44,1/1/2016
54011,0.058869552,44,1/1/2016
54035,0.035720328,44,1/1/2016
54051,0.03296921,44,1/1/2016
21127,0.026477651,44,1/1/2016
21043,0.039978854,44,1/1/2016
39001,0.040361571,44,1/1/2016
39053,0.019018557,44,1/1/2016
39087,0.032858257,44,1/1/2016
39131,0.023135595,44,1/1/2016
39141,0.03148908,44,1/1/2016
39129,0.021775316,44,1/1/2016
54053,0.039220716,44,1/1/2016
21135,0.025125554,44,1/1/2016
21165,0.014973412,44,1/1/2016
21063,0.019196634,44,1/1/2016
39047,0.039405112,44,1/1/2016
39097,0.02586677,44,1/1/2016
21019,0.056373872,44,1/1/2016
54099,0.0437139,44,1/1/2016
21159,0.026946651,44,1/1/2016
39073,0.021360788,44,1/1/2016
39079,0.033168964,44,1/1/2016
54079,0.035109329,44,1/1/2016
39163,0.021977455,44,1/1/2016
39159,0.038582966,44,1/1/2016
39105,0.023603691,44,1/1/2016
39041,0.04422057,44,1/1/2016
39101,0.036767181,44,1/1/2016
39175,0.033602418,44,1/1/2016
39065,0.029086374,44,1/1/2016
39117,0.031992533,44,1/1/2016
39033,0.032324961,44,1/1/2016
39005,0.050736465,44,1/1/2016
39063,0.044099279,44,1/1/2016
39139,0.046697838,44,1/1/2016
39147,0.031141797,44,1/1/2016
39077,0.041491329,44,1/1/2016
39043,0.077978911,44,1/1/2016
39123,0.059635728,44,1/1/2016
39095,0.100774794,44,1/1/2016
39173,0.052100224,44,1/1/2016
39143,0.043976563,44,1/1/2016
39089,0.04286068,44,1/1/2016
39083,0.030635104,44,1/1/2016
39093,0.064399806,44,1/1/2016
39010,,44,1/1/2016
54019,0.035779124,44,1/1/2016
54067,0.034043183,44,1/1/2016
54087,0.023543593,44,1/1/2016
54085,0.030934046,44,1/1/2016
54021,0.034619909,44,1/1/2016
54103,0.041145697,44,1/1/2016
54007,0.030227547,44,1/1/2016
54097,0.034581068,44,1/1/2016
54013,0.04048119,44,1/1/2016
54017,0.022874237,44,1/1/2016
54015,0.033968388,44,1/1/2016
54107,0.055145495,44,1/1/2016
54105,0.029839692,44,1/1/2016
54073,0.031838275,44,1/1/2016
54101,0.019309587,44,1/1/2016
54033,0.048703037,44,1/1/2016
54049,0.041322724,44,1/1/2016
54041,0.035264309,44,1/1/2016
54095,0.027497824,44,1/1/2016
51580,0.160931072,44,1/1/2016
51560,0.229638499,44,1/1/2016
54083,0.004760693,44,1/1/2016
54001,0.015850877,44,1/1/2016
54091,0.046413412,44,1/1/2016
54061,0.051993622,44,1/1/2016
39157,0.040398841,44,1/1/2016
39151,0.079691914,44,1/1/2016
39059,0.029491561,44,1/1/2016
39013,0.046851056,44,1/1/2016
54069,0.074414191,44,1/1/2016
39081,0.030648729,44,1/1/2016
39029,0.046597705,44,1/1/2016
39099,0.081678705,44,1/1/2016
39155,0.063363303,44,1/1/2016
42073,0.070284747,44,1/1/2016
42007,0.083862361,44,1/1/2016
39067,0.036047377,44,1/1/2016
39019,0.034940884,44,1/1/2016
39153,0.111198529,44,1/1/2016
39133,0.060776887,44,1/1/2016
39055,0.045869032,44,1/1/2016
39085,0.07627636,44,1/1/2016
42125,0.065178483,44,1/1/2016
42003,0.124796965,44,1/1/2016
54009,0.056314194,44,1/1/2016
54029,0.049578854,44,1/1/2016
42085,0.062002934,44,1/1/2016
45067,0.036939344,44,1/1/2016
45033,0.042540586,44,1/1/2016
37155,0.039490652,44,1/1/2016
37133,0.029440782,44,1/1/2016
37141,0.024866074,44,1/1/2016
37107,0.037133616,44,1/1/2016
37079,0.023791011,44,1/1/2016
37183,0.077733766,44,1/1/2016
37147,0.043527527,44,1/1/2016
37101,0.053792789,44,1/1/2016
37195,0.066957378,44,1/1/2016
37037,0.028552123,44,1/1/2016
37013,0.026795014,44,1/1/2016
37065,0.037258445,44,1/1/2016
37177,0.019169535,44,1/1/2016
37083,0.02447327,44,1/1/2016
37131,0.033483849,44,1/1/2016
51081,0.018323565,44,1/1/2016
51053,0.037746794,44,1/1/2016
51041,0.063311323,44,1/1/2016
51087,0.105786957,44,1/1/2016
37047,0.030063232,44,1/1/2016
37017,0.027894954,44,1/1/2016
37163,0.037225557,44,1/1/2016
37051,0.052866118,44,1/1/2016
37085,0.030856793,44,1/1/2016
37093,0.021025547,44,1/1/2016
37001,0.043864728,44,1/1/2016
37165,0.041970612,44,1/1/2016
37061,0.02129641,44,1/1/2016
37191,0.038944472,44,1/1/2016
37105,0.035427938,44,1/1/2016
37129,0.101208691,44,1/1/2016
37019,0.026948343,44,1/1/2016
37135,0.037505947,44,1/1/2016
37063,0.063918434,44,1/1/2016
37103,0.01774914,44,1/1/2016
37077,0.030285775,44,1/1/2016
51117,0.036936623,44,1/1/2016
51780,,44,1/1/2016
51143,0.024688878,44,1/1/2016
51025,0.028960884,44,1/1/2016
51037,0.024975613,44,1/1/2016
51147,0.031944265,44,1/1/2016
37033,0.021502974,44,1/1/2016
51083,0.023075426,44,1/1/2016
37145,0.029505426,44,1/1/2016
51515,0.298001999,44,1/1/2016
51590,0.178100648,44,1/1/2016
51680,0.154738594,44,1/1/2016
51031,0.034173476,44,1/1/2016
51530,0.141310733,44,1/1/2016
51011,0.022812849,44,1/1/2016
37127,0.063830199,44,1/1/2016
37069,0.044509675,44,1/1/2016
37181,0.041574783,44,1/1/2016
37185,0.022759719,44,1/1/2016
37049,0.026255731,44,1/1/2016
37137,0.02361794,44,1/1/2016
51135,0.036804119,44,1/1/2016
51111,0.015155178,44,1/1/2016
51145,0.020931081,44,1/1/2016
51007,0.013212649,44,1/1/2016
51049,0.016196282,44,1/1/2016
37031,0.038700832,44,1/1/2016
37117,0.028576536,44,1/1/2016
37091,0.032548084,44,1/1/2016
37015,0.016885542,44,1/1/2016
51175,0.022051333,44,1/1/2016
37187,0.020760029,44,1/1/2016
51093,0.041239329,44,1/1/2016
51620,0.139720821,44,1/1/2016
51570,0.191907427,44,1/1/2016
51730,0.193044842,44,1/1/2016
51670,0.170660491,44,1/1/2016
51149,0.054374299,44,1/1/2016
37095,0.020732048,44,1/1/2016
37041,0.047015925,44,1/1/2016
37073,0.025516174,44,1/1/2016
51800,0.041711739,44,1/1/2016
51595,0.257670794,44,1/1/2016
51550,0.054387195,44,1/1/2016
51700,0.175341836,44,1/1/2016
51199,0.083971493,44,1/1/2016
51073,0.039058046,44,1/1/2016
51760,0.244052136,44,1/1/2016
51183,0.026999356,44,1/1/2016
51095,0.071661045,44,1/1/2016
51036,0.049357843,44,1/1/2016
51127,0.060328927,44,1/1/2016
51181,0.019230803,44,1/1/2016
51830,0.259094525,44,1/1/2016
37139,0.026560558,44,1/1/2016
37029,0.011667659,44,1/1/2016
37053,0.032918426,44,1/1/2016
51740,0.148262475,44,1/1/2016
51710,0.255896512,44,1/1/2016
37143,0.013957659,44,1/1/2016
51810,0.060227131,44,1/1/2016
51131,0.033503033,44,1/1/2016
51650,0.143075902,44,1/1/2016
51678,0.276841748,44,1/1/2016
51820,0.14731688,44,1/1/2016
51015,0.033469895,44,1/1/2016
54071,0.025029523,44,1/1/2016
51790,0.132296905,44,1/1/2016
51115,0.056567377,44,1/1/2016
24021,0.050048093,44,1/1/2016
24043,0.067792297,44,1/1/2016
42133,0.050093906,44,1/1/2016
42055,0.044683803,44,1/1/2016
42071,0.063004141,44,1/1/2016
42001,0.054634828,44,1/1/2016
42057,0.041792952,44,1/1/2016
42111,0.038263391,44,1/1/2016
42009,0.036680524,44,1/1/2016
42041,0.072573744,44,1/1/2016
42099,0.045519435,44,1/1/2016
42067,0.039064826,44,1/1/2016
42087,0.035075294,44,1/1/2016
42027,0.041084606,44,1/1/2016
42035,0.027000314,44,1/1/2016
51177,0.034748551,44,1/1/2016
51179,0.032100458,44,1/1/2016
51153,0.057200878,44,1/1/2016
51107,0.035061617,44,1/1/2016
24001,0.053897556,44,1/1/2016
51003,0.034768371,44,1/1/2016
51165,0.033397569,44,1/1/2016
51171,0.02774953,44,1/1/2016
51061,0.027838647,44,1/1/2016
51139,0.036601013,44,1/1/2016
51157,0.042469157,44,1/1/2016
54031,0.02215014,44,1/1/2016
54027,0.021329093,44,1/1/2016
51660,0.209008966,44,1/1/2016
51079,0.038882813,44,1/1/2016
24023,0.035024721,44,1/1/2016
51109,0.036746196,44,1/1/2016
51047,0.036333661,44,1/1/2016
51187,0.043268074,44,1/1/2016
54003,0.039633344,44,1/1/2016
51069,0.048201421,44,1/1/2016
51043,0.040875221,44,1/1/2016
54023,0.026525603,44,1/1/2016
54057,0.028800673,44,1/1/2016
51540,0.238437783,44,1/1/2016
51113,0.033947599,44,1/1/2016
54037,0.038065451,44,1/1/2016
51137,0.031864339,44,1/1/2016
51443,,44,1/1/2016
51503,,44,1/1/2016
54065,0.022038783,44,1/1/2016
51840,0.25349332,44,1/1/2016
42063,0.039088574,44,1/1/2016
42021,0.052480718,44,1/1/2016
42033,0.034719609,44,1/1/2016
42047,0.023838926,44,1/1/2016
42065,0.041937688,44,1/1/2016
42053,0.024076584,44,1/1/2016
51099,0.047981627,44,1/1/2016
51630,0.235424837,44,1/1/2016
42013,0.052900053,44,1/1/2016
42061,0.029544064,44,1/1/2016
51059,0.099276076,44,1/1/2016
51033,0.036931404,44,1/1/2016
42023,0.021576931,44,1/1/2016
24033,0.093713924,44,1/1/2016
24037,0.04416064,44,1/1/2016
24041,0.04318392,44,1/1/2016
24003,0.092578498,44,1/1/2016
24011,0.042373934,44,1/1/2016
24510,0.424957677,44,1/1/2016
24005,0.07927824,44,1/1/2016
24009,0.041872921,44,1/1/2016
24025,0.077972174,44,1/1/2016
51510,0.273775011,44,1/1/2016
24017,0.033774541,44,1/1/2016
51057,0.027892915,44,1/1/2016
24027,0.07772133,44,1/1/2016
24013,0.05314173,44,1/1/2016
24031,0.087066872,44,1/1/2016
51600,0.301441277,44,1/1/2016
11001,0.384981022,44,1/1/2016
51683,0.191427139,44,1/1/2016
51685,0.055316258,44,1/1/2016
51193,0.040989716,44,1/1/2016
51159,0.027172361,44,1/1/2016
51013,0.345232298,44,1/1/2016
51610,0.285971972,44,1/1/2016
11004,,44,1/1/2016
24029,0.029257305,44,1/1/2016
24015,0.063001455,44,1/1/2016
24039,0.024646206,44,1/1/2016
24019,0.030207253,44,1/1/2016
24035,0.040223451,44,1/1/2016
42043,0.07601185,44,1/1/2016
42107,0.050939043,44,1/1/2016
42097,0.064605073,44,1/1/2016
42037,0.03865337,44,1/1/2016
42075,0.057937127,44,1/1/2016
42119,0.030974212,44,1/1/2016
42025,0.042951597,44,1/1/2016
42093,0.048869145,44,1/1/2016
42081,0.029276736,44,1/1/2016
42113,0.030866303,44,1/1/2016
42109,0.042168544,44,1/1/2016
42017,0.11111361,44,1/1/2016
42011,0.057358324,44,1/1/2016
42072,,44,1/1/2016
42079,0.057699858,44,1/1/2016
42131,0.037491893,44,1/1/2016
26163,0.185913749,44,1/1/2016
26125,0.104100248,44,1/1/2016
36013,0.062465614,44,1/1/2016
26063,0.02991081,44,1/1/2016
26099,0.092213696,44,1/1/2016
26147,0.036893094,44,1/1/2016
26087,0.030876083,44,1/1/2016
26151,0.026398822,44,1/1/2016
26157,0.025212255,44,1/1/2016
36101,0.043650208,44,1/1/2016
26007,0.021932533,44,1/1/2016
26069,0.024361451,44,1/1/2016
36009,0.04320836,44,1/1/2016
36029,0.107670812,44,1/1/2016
36063,0.101981577,44,1/1/2016
36051,0.070967505,44,1/1/2016
36069,0.066362383,44,1/1/2016
36055,0.135587754,44,1/1/2016
36037,0.076356822,44,1/1/2016
36003,0.036084121,44,1/1/2016
36121,0.055336641,44,1/1/2016
36073,0.066341031,44,1/1/2016
36011,0.061798454,44,1/1/2016
36067,0.10102727,44,1/1/2016
36099,0.082336321,44,1/1/2016
36123,0.053521042,44,1/1/2016
36117,0.049016489,44,1/1/2016
36075,0.048102355,44,1/1/2016
36107,0.048247444,44,1/1/2016
36015,0.053767315,44,1/1/2016
36109,0.060951086,44,1/1/2016
36097,0.049450357,44,1/1/2016
36023,0.059041406,44,1/1/2016
34001,0.067569305,44,1/1/2016
34011,0.044987047,44,1/1/2016
34015,0.088765503,44,1/1/2016
34007,0.142859555,44,1/1/2016
34009,0.07863199,44,1/1/2016
42101,0.320682253,44,1/1/2016
44005,0.084253166,44,1/1/2016
44001,0.148655542,44,1/1/2016
09001,0.115890661,44,1/1/2016
34005,0.056977367,44,1/1/2016
34029,0.053207868,44,1/1/2016
36103,0.107313421,44,1/1/2016
34025,0.098989938,44,1/1/2016
34023,0.132950085,44,1/1/2016
34027,0.085293053,44,1/1/2016
34039,0.166804518,44,1/1/2016
34035,0.066183552,44,1/1/2016
34031,0.114926231,44,1/1/2016
34003,0.173446189,44,1/1/2016
34041,0.052806673,44,1/1/2016
34037,0.042045319,44,1/1/2016
36119,0.217535015,44,1/1/2016
36005,0.573076297,44,1/1/2016
36071,0.093175897,44,1/1/2016
34019,0.04929459,44,1/1/2016
34021,0.130861005,44,1/1/2016
36085,0.319659864,44,1/1/2016
34013,0.215905848,44,1/1/2016
36047,0.481642684,44,1/1/2016
42103,0.039680715,44,1/1/2016
36081,0.447340661,44,1/1/2016
36061,1,44,1/1/2016
34017,0.30150687,44,1/1/2016
36059,0.155993442,44,1/1/2016
36087,0.157563968,44,1/1/2016
36079,0.094119099,44,1/1/2016
36001,0.101155083,44,1/1/2016
09009,0.124478111,44,1/1/2016
09011,0.081445753,44,1/1/2016
09007,0.089560909,44,1/1/2016
44009,0.079406847,44,1/1/2016
44003,0.107071614,44,1/1/2016
25007,0.031289713,44,1/1/2016
50017,0.042277744,44,1/1/2016
36095,0.046076582,44,1/1/2016
36057,0.074771257,44,1/1/2016
36077,0.047874417,44,1/1/2016
25027,0.060877858,44,1/1/2016
25011,0.033932935,44,1/1/2016
25025,0.480206312,44,1/1/2016
23003,0.014305018,44,1/1/2016
23019,0.024024349,44,1/1/2016
25021,0.112062074,44,1/1/2016
25017,0.118535114,44,1/1/2016
33011,0.042970676,44,1/1/2016
33015,0.042688159,44,1/1/2016
33013,0.044865348,44,1/1/2016
33001,0.04642997,44,1/1/2016
33007,0.025649041,44,1/1/2016
33003,0.025711196,44,1/1/2016
25003,0.045105295,44,1/1/2016
33009,0.029743649,44,1/1/2016
36021,0.071346399,44,1/1/2016
36083,0.072299621,44,1/1/2016
36115,0.046841307,44,1/1/2016
36031,0.030290583,44,1/1/2016
36041,0.016841622,44,1/1/2016
36019,0.0454017,44,1/1/2016
50001,0.028958483,44,1/1/2016
36091,0.052035651,44,1/1/2016
36035,0.046834986,44,1/1/2016
36043,0.027831843,44,1/1/2016
36093,0.126332868,44,1/1/2016
36039,0.054703769,44,1/1/2016
36033,0.027215729,44,1/1/2016
33005,0.032907858,44,1/1/2016
33019,0.035103773,44,1/1/2016
36113,0.042932249,44,1/1/2016
25015,0.056968685,44,1/1/2016
50003,0.036608797,44,1/1/2016
25013,0.078642732,44,1/1/2016
50027,0.050470136,44,1/1/2016
50025,0.040841687,44,1/1/2016
50021,0.026191403,44,1/1/2016
50007,0.056947956,44,1/1/2016
50011,0.032309032,44,1/1/2016
50023,0.037576274,44,1/1/2016
50005,0.044971637,44,1/1/2016
50019,0.034673286,44,1/1/2016
50015,0.024380236,44,1/1/2016
50009,0.018092218,44,1/1/2016
50013,0.073160715,44,1/1/2016
23023,0.045800178,44,1/1/2016
23015,0.024059874,44,1/1/2016
23001,0.069301868,44,1/1/2016
23005,0.085823686,44,1/1/2016
23013,0.028069662,44,1/1/2016
23017,0.023072525,44,1/1/2016
23027,0.02781862,44,1/1/2016
23021,0.007091385,44,1/1/2016
25009,0.100170645,44,1/1/2016
33017,0.045770881,44,1/1/2016
23031,0.054234451,44,1/1/2016
23007,0.020448996,44,1/1/2016
23025,0.013166941,44,1/1/2016
23011,0.050325685,44,1/1/2016
23009,0.017726734,44,1/1/2016
06037,0.114410385,44,1/1/2016
06007,0.022847808,44,1/1/2016
06021,0.013887832,44,1/1/2016
06101,0.029235404,44,1/1/2016
06067,0.10877358,44,1/1/2016
06029,0.024762621,44,1/1/2016
06059,0.190135629,44,1/1/2016
06111,0.043859592,44,1/1/2016
06113,0.042691642,44,1/1/2016
06085,0.072467045,44,1/1/2016
06065,0.026136136,44,1/1/2016
06083,0.021659871,44,1/1/2016
06079,0.024299115,44,1/1/2016
06075,0.492177518,44,1/1/2016
06019,0.022165573,44,1/1/2016
06001,0.087811979,44,1/1/2016
06027,0.008669077,44,1/1/2016
06053,0.022484778,44,1/1/2016
06107,0.017009736,44,1/1/2016
06077,0.058109756,44,1/1/2016
06097,0.032165395,44,1/1/2016
06055,0.025889143,44,1/1/2016
06013,0.076421033,44,1/1/2016
06095,0.051476914,44,1/1/2016
06073,0.040671725,44,1/1/2016
06017,0.028291597,44,1/1/2016
06025,0.018384753,44,1/1/2016
06089,0.021689858,44,1/1/2016
06103,0.013969914,44,1/1/2016
06061,0.024050978,44,1/1/2016
06043,0.024408864,44,1/1/2016
06109,0.013872243,44,1/1/2016
06087,0.063010183,44,1/1/2016
06091,0.017815705,44,1/1/2016
06031,0.036246752,44,1/1/2016
06099,0.030987844,44,1/1/2016
06057,0.025481258,44,1/1/2016
06039,0.017496919,44,1/1/2016
06115,0.034598687,44,1/1/2016
06047,0.02153368,44,1/1/2016
06081,0.084781131,44,1/1/2016
06033,0.020077392,44,1/1/2016
06049,0.009611081,44,1/1/2016
06041,0.047274864,44,1/1/2016
06105,0.012075847,44,1/1/2016
06093,0.01081206,44,1/1/2016
06069,0.01515249,44,1/1/2016
06051,0.019633525,44,1/1/2016
06063,0.01134109,44,1/1/2016
35053,0.006478402,44,1/1/2016
35025,0.014742383,44,1/1/2016
35005,0.008379193,44,1/1/2016
35003,0.006499471,44,1/1/2016
35027,0.007027482,44,1/1/2016
35023,0.009181099,44,1/1/2016
35017,0.011001174,44,1/1/2016
35013,0.012944773,44,1/1/2016
35029,0.010384222,44,1/1/2016
35051,0.006396508,44,1/1/2016
35035,0.006420596,44,1/1/2016
35015,0.011535288,44,1/1/2016
06015,0.014375684,44,1/1/2016
06045,0.01541792,44,1/1/2016
06023,0.012593286,44,1/1/2016
06011,0.016547464,44,1/1/2016
06060,,44,1/1/2016
06009,0.024071326,44,1/1/2016
06005,0.029690626,44,1/1/2016
06003,0.017471254,44,1/1/2016
35061,0.017802288,44,1/1/2016
35043,0.010593616,44,1/1/2016
35031,0.008977004,44,1/1/2016
35039,0.011347684,44,1/1/2016
35049,0.022355344,44,1/1/2016
35006,0.009003866,44,1/1/2016
35033,0.011335418,44,1/1/2016
35019,0.011344653,44,1/1/2016
35047,0.007325407,44,1/1/2016
35007,0.011405347,44,1/1/2016
35011,0.010069607,44,1/1/2016
35001,0.053346674,44,1/1/2016
35045,0.010095544,44,1/1/2016
35057,0.014898142,44,1/1/2016
35037,0.015140869,44,1/1/2016
35059,0.013040202,44,1/1/2016
35055,0.016772188,44,1/1/2016
35028,0.038722062,44,1/1/2016
35021,0.009809632,44,1/1/2016
35009,0.010399665,44,1/1/2016
35041,0.012937143,44,1/1/2016
54000,0.000553715,44,1/1/2016
39020,,44,1/1/2016
